match_id,battle_id,team,player,hero,kill,death,assist,kda,gold,win
2026011401,48251408_30_1768371100,北京JDG,绝意,戈娅,1,2,0,0.5,10491,0
2026011401,48251408_30_1768371100,北京JDG,无畏,空空儿,0,1,2,2.0,6788,0
2026011401,48251408_30_1768371100,武汉eStarPro,亮宇,公孙离,2,2,7,4.5,11072,1
2026011401,48251408_30_1768371100,武汉eStarPro,Fly,夏洛特,1,0,12,13.0,11152,1
2026011401,48251408_30_1768371100,北京JDG,轻语,达摩,0,5,1,0.2,9301,0
2026011401,48251408_30_1768371100,武汉eStarPro,小楼,裴擒虎,7,0,3,10.0,13955,1
2026011401,48251408_30_1768371100,武汉eStarPro,紫渊,张飞,0,0,14,14.0,8222,1
2026011401,48251408_30_1768371100,北京JDG,无双,暃,0,4,0,0.0,9640,0
2026011401,48251408_30_1768371100,北京JDG,清融,小乔,1,4,0,0.3,7148,0
2026011401,48251408_30_1768371100,武汉eStarPro,Ming,沈梦溪,6,0,9,15.0,10514,1
2026011403,1222656528_8_1768400514,成都AG超玩会,大帅,空空儿,0,2,1,0.5,5182,0
2026011403,1222656528_8_1768400514,成都AG超玩会,染详,橘右京,1,3,0,0.3,8190,0
2026011403,1222656528_8_1768400514,成都AG超玩会,小凡,嫦娥,0,2,0,0.0,6929,0
2026011403,1222656528_8_1768400514,成都AG超玩会,小俞,蚩奼,0,1,1,1.0,7198,0
2026011403,1222656528_8_1768400514,北京WB,听悦,沈梦溪,1,0,5,6.0,7762,1
2026011403,1222656528_8_1768400514,成都AG超玩会,轩染,马超,0,1,1,1.0,6918,0
2026011403,1222656528_8_1768400514,北京WB,玖欣,张飞,1,0,7,8.0,6137,1
2026011403,1222656528_8_1768400514,北京WB,小麦,公孙离,5,0,2,7.0,10305,1
2026011403,1222656528_8_1768400514,北京WB,梓墨,夏洛特,1,1,3,4.0,8906,1
2026011403,1222656528_8_1768400514,北京WB,暖阳,宫本武藏,1,0,4,5.0,9791,1
2026011403,1222656528_6_1768396472,成都AG超玩会,大帅,元流之子(辅助),0,2,9,4.5,10471,1
2026011403,1222656528_6_1768396472,成都AG超玩会,染详,大司命,2,1,4,6.0,13294,1
2026011403,1222656528_6_1768396472,成都AG超玩会,小凡,女娲,2,0,6,8.0,11541,1
2026011403,1222656528_6_1768396472,成都AG超玩会,小俞,敖隐,3,1,5,8.0,15249,1
2026011403,1222656528_6_1768396472,北京WB,听悦,安琪拉,2,1,3,5.0,11832,0
2026011403,1222656528_6_1768396472,成都AG超玩会,轩染,夏洛特,2,1,4,6.0,15928,1
2026011403,1222656528_6_1768396472,北京WB,玖欣,鲁班大师,1,1,4,5.0,9694,0
2026011403,1222656528_6_1768396472,北京WB,小麦,扁鹊,1,2,3,2.0,12057,0
2026011403,1222656528_6_1768396472,北京WB,梓墨,蒙恬,0,2,3,1.5,10243,0
2026011403,1222656528_6_1768396472,北京WB,暖阳,裴擒虎,1,3,4,1.7,15282,0
2026011401,48251408_34_1768378907,北京JDG,绝意,艾琳,4,1,5,9.0,11332,1
2026011401,48251408_34_1768378907,北京JDG,无畏,盾山,0,1,9,9.0,6856,1
2026011401,48251408_34_1768378907,武汉eStarPro,亮宇,敖隐,2,2,0,1.0,9784,0
2026011401,48251408_34_1768378907,武汉eStarPro,Fly,梦奇,1,3,1,0.7,8452,0
2026011401,48251408_34_1768378907,北京JDG,轻语,影,4,1,3,7.0,12155,1
2026011401,48251408_34_1768378907,武汉eStarPro,小楼,蚩奼,1,3,2,1.0,10305,0
2026011401,48251408_34_1768378907,武汉eStarPro,紫渊,苏烈,0,2,4,2.0,6453,0
2026011401,48251408_34_1768378907,北京JDG,无双,猪八戒,1,0,5,6.0,8811,1
2026011401,48251408_34_1768378907,北京JDG,清融,女娲,3,1,9,12.0,9264,1
2026011401,48251408_34_1768378907,武汉eStarPro,Ming,不知火舞,0,2,4,2.0,7043,0
2026011503,48251408_48_1768479147,佛山DRG,小小阳,裴擒虎,0,3,5,1.7,10308,0
2026011503,48251408_48_1768479147,佛山DRG,花缘,狂铁,2,1,2,4.0,7436,0
2026011503,48251408_48_1768479147,KSG,句号,云缨,2,2,5,3.5,9866,1
2026011503,48251408_48_1768479147,KSG,小屿,公孙离,2,0,6,8.0,10602,1
2026011503,48251408_48_1768479147,KSG,流浪,沈梦溪,2,0,4,6.0,7863,1
2026011503,48251408_48_1768479147,KSG,无言,夏洛特,3,2,6,4.5,9586,1
2026011503,48251408_48_1768479147,佛山DRG,呆呆,空空儿,0,2,4,2.0,5346,0
2026011503,48251408_48_1768479147,KSG,一笙,苏烈,1,1,5,6.0,6442,1
2026011503,48251408_48_1768479147,佛山DRG,梦岚,戈娅,2,2,2,2.0,8493,0
2026011503,48251408_48_1768479147,佛山DRG,柚子,小乔,1,2,2,1.5,5752,0
2026012301,836780560_3_1769148163,西安WE,明崽,女娲,3,2,8,5.5,10221,1
2026012301,836780560_3_1769148163,杭州LGD.NBW,米苏,猪八戒,1,2,3,2.0,9914,0
2026012301,836780560_3_1769148163,杭州LGD.NBW,小久,艾琳,1,3,1,0.7,11428,0
2026012301,836780560_3_1769148163,西安WE,文涛,狂铁,2,1,5,7.0,11986,1
2026012301,836780560_3_1769148163,西安WE,子意,哪吒,4,0,9,13.0,15384,1
2026012301,836780560_3_1769148163,西安WE,昭珏,敖隐,4,0,6,10.0,12363,1
2026012301,836780560_3_1769148163,杭州LGD.NBW,小落,夏洛特,1,3,0,0.3,11765,0
2026012301,836780560_3_1769148163,西安WE,忆安,空空儿,1,2,12,6.5,9141,1
2026012301,836780560_3_1769148163,杭州LGD.NBW,九尾,小乔,2,3,2,1.3,8565,0
2026012301,836780560_3_1769148163,杭州LGD.NBW,冰尘,盾山,0,3,4,1.3,7680,0
2026011503,48251408_50_1768483409,佛山DRG,小小阳,夏侯惇,2,0,4,6.0,12364,1
2026011503,48251408_50_1768483409,佛山DRG,花缘,老夫子,1,1,3,4.0,14666,1
2026011503,48251408_50_1768483409,KSG,句号,元流之子(坦克),0,2,1,0.5,9989,0
2026011503,48251408_50_1768483409,KSG,小屿,蚩奼,1,3,1,0.7,14360,0
2026011503,48251408_50_1768483409,KSG,流浪,安琪拉,2,1,0,2.0,11830,0
2026011503,48251408_50_1768483409,KSG,无言,马超,0,2,2,1.0,16070,0
2026011503,48251408_50_1768483409,佛山DRG,呆呆,少司缘,1,1,9,10.0,11575,1
2026011503,48251408_50_1768483409,KSG,一笙,东皇太一,1,2,3,2.0,9155,0
2026011503,48251408_50_1768483409,佛山DRG,梦岚,敖隐,4,2,4,4.0,13850,1
2026011503,48251408_50_1768483409,佛山DRG,柚子,女娲,2,0,8,10.0,12324,1
2026011503,48251408_51_1768485753,佛山DRG,小小阳,杨戬,2,1,0,2.0,6386,0
2026011503,48251408_51_1768485753,佛山DRG,花缘,马超,2,2,1,1.5,8606,0
2026011503,48251408_51_1768485753,KSG,句号,宫本武藏,3,0,2,5.0,8382,1
2026011503,48251408_51_1768485753,KSG,小屿,敖隐,1,0,5,6.0,7819,1
2026011503,48251408_51_1768485753,KSG,流浪,女娲,2,0,4,6.0,6797,1
2026011503,48251408_51_1768485753,KSG,无言,姬小满,1,3,4,1.7,7475,1
2026011503,48251408_51_1768485753,佛山DRG,呆呆,朵莉亚,0,1,4,4.0,4801,0
2026011503,48251408_51_1768485753,KSG,一笙,空空儿,0,1,5,5.0,5163,1
2026011503,48251408_51_1768485753,佛山DRG,梦岚,李元芳,0,2,1,0.5,7010,0
2026011503,48251408_51_1768485753,佛山DRG,柚子,武则天,0,1,3,3.0,4922,0
2026011403,1222656528_5_1768394596,成都AG超玩会,大帅,盾山,1,1,9,10.0,8167,1
2026011403,1222656528_5_1768394596,成都AG超玩会,染详,裴擒虎,3,3,5,2.7,12666,1
2026011403,1222656528_5_1768394596,成都AG超玩会,小凡,沈梦溪,2,0,9,11.0,8708,1
2026011403,1222656528_5_1768394596,成都AG超玩会,小俞,艾琳,2,0,8,10.0,12470,1
2026011403,1222656528_5_1768394596,北京WB,听悦,西施,1,2,6,3.5,6287,0
2026011403,1222656528_5_1768394596,成都AG超玩会,轩染,蒙恬,3,3,8,3.7,9718,1
2026011403,1222656528_5_1768394596,北京WB,玖欣,太乙真人,0,4,4,1.0,6205,0
2026011403,1222656528_5_1768394596,北京WB,小麦,孙尚香,1,1,4,5.0,11628,0
2026011403,1222656528_5_1768394596,北京WB,梓墨,吕布,4,2,2,3.0,9823,0
2026011403,1222656528_5_1768394596,北京WB,暖阳,镜,1,2,4,2.5,11067,0
2026011803,1222656528_12_1768738546,长沙TES.A,帆帆,廉颇,1,2,8,4.5,7317,1
2026011803,1222656528_12_1768738546,长沙TES.A,蓝桉,公孙离,6,2,4,5.0,12196,1
2026011803,1222656528_12_1768738546,长沙TES.A,无幻,狂铁,2,0,7,9.0,9797,1
2026011803,1222656528_12_1768738546,北京WB,听悦,沈梦溪,0,3,3,1.0,7670,0
2026011803,1222656528_12_1768738546,长沙TES.A,安七,暃,2,0,7,9.0,12140,1
2026011803,1222656528_12_1768738546,北京WB,玖欣,空空儿,1,3,3,1.3,6982,0
2026011803,1222656528_12_1768738546,北京WB,小麦,戈娅,2,1,2,4.0,9977,0
2026011803,1222656528_12_1768738546,北京WB,梓墨,影,0,3,2,0.7,8184,0
2026011803,1222656528_12_1768738546,长沙TES.A,景诗,海诺,1,0,7,8.0,9369,1
2026011803,1222656528_12_1768738546,北京WB,暖阳,橘右京,1,2,1,1.0,10281,0
2026011701,48251408_66_1768633817,佛山DRG,小小阳,裴擒虎,2,2,4,3.0,17234,1
2026011701,48251408_66_1768633817,佛山DRG,花缘,狂铁,1,1,9,10.0,12436,1
2026011701,48251408_66_1768633817,武汉eStarPro,亮宇,狄仁杰,2,4,3,1.3,14067,0
2026011701,48251408_66_1768633817,武汉eStarPro,Fly,夏洛特,1,3,2,1.0,13575,0
2026011701,48251408_66_1768633817,佛山DRG,呆呆,鲁班大师,1,2,11,6.0,10441,1
2026011701,48251408_66_1768633817,武汉eStarPro,小楼,橘右京,1,2,3,2.0,16221,0
2026011701,48251408_66_1768633817,武汉eStarPro,紫渊,张飞,1,2,5,3.0,10467,0
2026011701,48251408_66_1768633817,佛山DRG,梦岚,敖隐,3,0,7,10.0,16092,1
2026011701,48251408_66_1768633817,佛山DRG,柚子,嬴政,5,1,7,12.0,12809,1
2026011701,48251408_66_1768633817,武汉eStarPro,Ming,沈梦溪,1,1,2,3.0,12352,0
2026011701,48251408_67_1768636317,佛山DRG,小小阳,元流之子(坦克),1,1,5,6.0,6982,1
2026011701,48251408_67_1768636317,佛山DRG,花缘,曹操,1,0,6,7.0,8555,1
2026011701,48251408_67_1768636317,武汉eStarPro,亮宇,公孙离,1,2,0,0.5,8706,0
2026011701,48251408_67_1768636317,武汉eStarPro,Fly,马超,0,2,1,0.5,6896,0
2026011701,48251408_67_1768636317,佛山DRG,呆呆,太乙真人,1,0,7,8.0,6323,1
2026011701,48251408_67_1768636317,武汉eStarPro,小楼,铠,0,1,1,1.0,6586,0
2026011701,48251408_67_1768636317,武汉eStarPro,紫渊,少司缘,0,2,1,0.5,5692,0
2026011701,48251408_67_1768636317,佛山DRG,梦岚,孙尚香,4,0,4,8.0,10027,1
2026011701,48251408_67_1768636317,佛山DRG,柚子,女娲,2,0,6,8.0,6800,1
2026011701,48251408_67_1768636317,武汉eStarPro,Ming,嬴政,0,2,1,0.5,5608,0
2026011701,48251408_64_1768629795,佛山DRG,小小阳,宫本武藏,1,5,3,0.8,13288,0
2026011701,48251408_64_1768629795,佛山DRG,花缘,夏洛特,1,1,1,2.0,15607,0
2026011701,48251408_64_1768629795,武汉eStarPro,亮宇,戈娅,8,2,3,5.5,17927,1
2026011701,48251408_64_1768629795,武汉eStarPro,Fly,影,3,1,6,9.0,15123,1
2026011701,48251408_64_1768629795,佛山DRG,呆呆,张飞,1,4,5,1.5,10461,0
2026011701,48251408_64_1768629795,武汉eStarPro,小楼,大司命,2,0,6,8.0,14403,1
2026011701,48251408_64_1768629795,武汉eStarPro,紫渊,空空儿,0,1,11,11.0,10435,1
2026011701,48251408_64_1768629795,佛山DRG,梦岚,公孙离,3,1,2,5.0,15765,0
2026011701,48251408_64_1768629795,佛山DRG,柚子,沈梦溪,0,2,3,1.5,11642,0
2026011701,48251408_64_1768629795,武汉eStarPro,Ming,小乔,0,2,8,4.0,11456,1
2026011401,48251408_32_1768375305,北京JDG,绝意,公孙离,3,0,2,5.0,10261,1
2026011401,48251408_32_1768375305,北京JDG,无畏,太乙真人,0,0,5,5.0,6402,1
2026011401,48251408_32_1768375305,武汉eStarPro,亮宇,戈娅,0,1,2,2.0,8166,0
2026011401,48251408_32_1768375305,武汉eStarPro,Fly,司空震,0,1,1,1.0,6891,0
2026011401,48251408_32_1768375305,北京JDG,轻语,曹操,2,1,3,5.0,8445,1
2026011401,48251408_32_1768375305,武汉eStarPro,小楼,娜可露露,2,2,0,1.0,7939,0
2026011401,48251408_32_1768375305,武汉eStarPro,紫渊,空空儿,0,1,2,2.0,5338,0
2026011401,48251408_32_1768375305,北京JDG,无双,元流之子(坦克),0,1,3,3.0,7959,1
2026011401,48251408_32_1768375305,北京JDG,清融,海诺,1,0,4,5.0,8190,1
2026011401,48251408_32_1768375305,武汉eStarPro,Ming,小乔,0,1,2,2.0,5405,0
2026011803,1222656528_15_1768744982,长沙TES.A,帆帆,朵莉亚,0,5,2,0.4,5317,0
2026011803,1222656528_15_1768744982,长沙TES.A,蓝桉,鲁班七号,2,3,1,1.0,8429,0
2026011803,1222656528_15_1768744982,长沙TES.A,无幻,夏洛特,1,4,2,0.8,7113,0
2026011803,1222656528_15_1768744982,北京WB,听悦,小乔,5,0,9,14.0,8515,1
2026011803,1222656528_15_1768744982,长沙TES.A,安七,杨戬,1,6,3,0.7,6776,0
2026011803,1222656528_15_1768744982,北京WB,玖欣,钟馗,2,3,15,5.7,6613,1
2026011803,1222656528_15_1768744982,北京WB,小麦,狄仁杰,7,1,12,19.0,10201,1
2026011803,1222656528_15_1768744982,北京WB,梓墨,狂铁,0,0,12,12.0,9125,1
2026011803,1222656528_15_1768744982,长沙TES.A,景诗,海月,0,2,4,2.0,5684,0
2026011803,1222656528_15_1768744982,北京WB,暖阳,夏侯惇,6,0,10,16.0,9601,1
2026012403,48251408_49_1769260594,无锡TCG,光明,蒙恬,0,0,5,5.0,7661,1
2026012403,48251408_49_1769260594,无锡TCG,安凉,暃,5,0,1,6.0,11794,1
2026012403,48251408_49_1769260594,北京WB,听悦,沈梦溪,0,0,0,0.0,7016,0
2026012403,48251408_49_1769260594,无锡TCG,北觅,戈娅,2,0,5,7.0,11327,1
2026012403,48251408_49_1769260594,北京WB,玖欣,苏烈,0,3,0,0.0,5597,0
2026012403,48251408_49_1769260594,北京WB,小麦,公孙离,0,2,0,0.0,8746,0
2026012403,48251408_49_1769260594,无锡TCG,清弦,不知火舞,0,0,6,6.0,7548,1
2026012403,48251408_49_1769260594,北京WB,梓墨,司空震,0,1,0,0.0,8560,0
2026012403,48251408_49_1769260594,北京WB,暖阳,猪八戒,0,2,0,0.0,6941,0
2026012403,48251408_49_1769260594,无锡TCG,数字,空空儿,1,0,7,8.0,6830,1
2026011701,48251408_65_1768632228,佛山DRG,小小阳,暃,4,0,6,10.0,9191,1
2026011701,48251408_65_1768632228,佛山DRG,花缘,关羽,3,0,4,7.0,8006,1
2026011701,48251408_65_1768632228,武汉eStarPro,亮宇,艾琳,0,3,0,0.0,5473,0
2026011701,48251408_65_1768632228,武汉eStarPro,Fly,曹操,0,0,0,0.0,5172,0
2026011701,48251408_65_1768632228,佛山DRG,呆呆,苏烈,1,0,8,9.0,4971,1
2026011701,48251408_65_1768632228,武汉eStarPro,小楼,夏侯惇,0,2,0,0.0,5294,0
2026011701,48251408_65_1768632228,武汉eStarPro,紫渊,盾山,0,2,0,0.0,4390,0
2026011701,48251408_65_1768632228,佛山DRG,梦岚,蚩奼,1,0,7,8.0,7142,1
2026011701,48251408_65_1768632228,佛山DRG,柚子,西施,1,0,3,4.0,5212,1
2026011701,48251408_65_1768632228,武汉eStarPro,Ming,杨玉环,0,3,0,0.0,5260,0
2026012403,48251408_48_1769258549,无锡TCG,光明,曹操,1,3,0,0.3,10317,0
2026012403,48251408_48_1769258549,无锡TCG,安凉,裴擒虎,0,1,1,1.0,11455,0
2026012403,48251408_48_1769258549,北京WB,听悦,小乔,1,1,6,7.0,10418,1
2026012403,48251408_48_1769258549,无锡TCG,北觅,鲁班七号,0,3,1,0.3,11551,0
2026012403,48251408_48_1769258549,北京WB,玖欣,鲁班大师,0,0,11,11.0,8573,1
2026012403,48251408_48_1769258549,北京WB,小麦,敖隐,6,0,4,10.0,13685,1
2026012403,48251408_48_1769258549,无锡TCG,清弦,海月,0,2,0,0.0,7749,0
2026012403,48251408_48_1769258549,北京WB,梓墨,狂铁,1,0,5,6.0,11549,1
2026012403,48251408_48_1769258549,北京WB,暖阳,大司命,3,0,5,8.0,12756,1
2026012403,48251408_48_1769258549,无锡TCG,数字,庄周,0,2,1,0.5,7754,0
2026012301,836780560_4_1769150331,西安WE,明崽,不知火舞,3,1,6,9.0,8798,1
2026012301,836780560_4_1769150331,杭州LGD.NBW,米苏,镜,0,2,1,0.5,9614,0
2026012301,836780560_4_1769150331,杭州LGD.NBW,小久,狄仁杰,2,2,0,1.0,8914,0
2026012301,836780560_4_1769150331,西安WE,文涛,蒙恬,1,1,8,9.0,9502,1
2026012301,836780560_4_1769150331,杭州LGD.NBW,小崽,张飞,0,4,2,0.5,6084,0
2026012301,836780560_4_1769150331,西安WE,子意,阿古朵,2,0,9,11.0,11340,1
2026012301,836780560_4_1769150331,西安WE,昭珏,戈娅,6,0,4,10.0,11554,1
2026012301,836780560_4_1769150331,杭州LGD.NBW,小落,影,0,1,0,0.0,9237,0
2026012301,836780560_4_1769150331,西安WE,忆安,鲁班大师,0,0,10,10.0,7550,1
2026012301,836780560_4_1769150331,杭州LGD.NBW,九尾,沈梦溪,0,3,2,0.7,6375,0
2026012501,48251408_53_1769320953,上海RNG.M,雨空,安琪拉,0,3,1,0.3,7197,0
2026012501,48251408_53_1769320953,上海RNG.M,极光,敖隐,0,2,2,1.0,10782,0
2026012501,48251408_53_1769320953,上海RNG.M,久酷,空空儿,1,1,0,1.0,6769,0
2026012501,48251408_53_1769320953,重庆狼队,信,鲁班大师,0,0,13,13.0,8092,1
2026012501,48251408_53_1769320953,重庆狼队,皖皖,哪吒,6,1,5,11.0,13517,1
2026012501,48251408_53_1769320953,重庆狼队,紫幻,王昭君,2,1,8,10.0,9079,1
2026012501,48251408_53_1769320953,上海RNG.M,樱花,白起,0,3,3,1.0,8486,0
2026012501,48251408_53_1769320953,重庆狼队,清清,狂铁,2,0,11,13.0,11449,1
2026012501,48251408_53_1769320953,重庆狼队,道崽,艾琳,3,1,4,7.0,12278,1
2026012501,48251408_53_1769320953,上海RNG.M,赤辰,镜,2,4,1,0.8,11520,0
2026011803,1222656528_14_1768742623,长沙TES.A,帆帆,元流之子(辅助),2,3,1,1.0,10264,0
2026011803,1222656528_14_1768742623,长沙TES.A,蓝桉,敖隐,0,1,2,2.0,15255,0
2026011803,1222656528_14_1768742623,长沙TES.A,无幻,曹操,2,3,1,1.0,14427,0
2026011803,1222656528_14_1768742623,北京WB,听悦,女娲,3,0,6,9.0,13012,1
2026011803,1222656528_14_1768742623,长沙TES.A,安七,铠,0,2,1,0.5,11316,0
2026011803,1222656528_14_1768742623,北京WB,玖欣,鲁班大师,0,2,9,4.5,10793,1
2026011803,1222656528_14_1768742623,北京WB,小麦,李元芳,4,2,5,4.5,16455,1
2026011803,1222656528_14_1768742623,北京WB,梓墨,马超,0,0,6,6.0,16657,1
2026011803,1222656528_14_1768742623,长沙TES.A,景诗,不知火舞,0,1,3,3.0,11370,0
2026011803,1222656528_14_1768742623,北京WB,暖阳,杨戬,3,0,5,8.0,15800,1
2026011403,1222656528_9_1768402179,成都AG超玩会,大帅,太乙真人,0,3,6,2.0,7031,0
2026011403,1222656528_9_1768402179,成都AG超玩会,染详,暃,4,2,2,3.0,11462,0
2026011403,1222656528_9_1768402179,成都AG超玩会,小凡,甄姬,0,2,4,2.0,7387,0
2026011403,1222656528_9_1768402179,成都AG超玩会,小俞,苍,3,3,3,2.0,10467,0
2026011403,1222656528_9_1768402179,北京WB,听悦,海月,2,2,4,3.0,8841,1
2026011403,1222656528_9_1768402179,成都AG超玩会,轩染,狂铁,0,2,3,1.5,8055,0
2026011403,1222656528_9_1768402179,北京WB,玖欣,廉颇,1,2,8,4.5,7467,1
2026011403,1222656528_9_1768402179,北京WB,小麦,戈娅,3,1,6,9.0,12093,1
2026011403,1222656528_9_1768402179,北京WB,梓墨,关羽,4,1,4,8.0,9603,1
2026011403,1222656528_9_1768402179,北京WB,暖阳,云缨,2,1,8,10.0,10506,1
2026012403,48251408_50_1769262469,无锡TCG,光明,狂铁,0,2,3,1.5,6535,0
2026012403,48251408_50_1769262469,无锡TCG,安凉,马超,0,2,3,1.5,8779,0
2026012403,48251408_50_1769262469,北京WB,听悦,女娲,3,1,6,9.0,7290,1
2026012403,48251408_50_1769262469,无锡TCG,北觅,公孙离,3,2,1,2.0,6939,0
2026012403,48251408_50_1769262469,北京WB,玖欣,墨子,0,2,8,4.0,5253,1
2026012403,48251408_50_1769262469,北京WB,小麦,戈娅,3,1,5,8.0,8122,1
2026012403,48251408_50_1769262469,无锡TCG,清弦,杨玉环,1,3,1,0.7,5188,0
2026012403,48251408_50_1769262469,北京WB,梓墨,夏洛特,1,1,6,7.0,8020,1
2026012403,48251408_50_1769262469,北京WB,暖阳,阿古朵,3,0,6,9.0,9228,1
2026012403,48251408_50_1769262469,无锡TCG,数字,少司缘,1,1,4,5.0,5240,0
2026011603,836780560_6_1768569944,杭州LGD.NBW,米苏,大司命,1,4,0,0.3,7023,0
2026011603,836780560_6_1768569944,杭州LGD.NBW,小久,苍,0,2,1,0.5,7103,0
2026011603,836780560_6_1768569944,重庆狼队,信,张飞,1,1,9,10.0,6203,1
2026011603,836780560_6_1768569944,重庆狼队,皖皖,阿古朵,4,0,3,7.0,9659,1
2026011603,836780560_6_1768569944,杭州LGD.NBW,小崽,苏烈,0,3,2,0.7,5349,0
2026011603,836780560_6_1768569944,重庆狼队,紫幻,沈梦溪,2,0,8,10.0,7660,1
2026011603,836780560_6_1768569944,杭州LGD.NBW,小落,司空震,1,1,1,2.0,8251,0
2026011603,836780560_6_1768569944,杭州LGD.NBW,九尾,嬴政,0,1,1,1.0,6571,0
2026011603,836780560_6_1768569944,重庆狼队,清清,老夫子,2,0,5,7.0,8545,1
2026011603,836780560_6_1768569944,重庆狼队,道崽,孙尚香,2,1,4,6.0,9138,1
2026011402,48251408_36_1768384447,重庆狼队,信,苏烈,0,1,5,5.0,7294,1
2026011402,48251408_36_1768384447,深圳DYG,向鱼,小乔,0,1,1,1.0,6486,0
2026011402,48251408_36_1768384447,深圳DYG,小乐,曹操,0,3,1,0.3,9516,0
2026011402,48251408_36_1768384447,深圳DYG,落空,空空儿,1,1,0,1.0,6431,0
2026011402,48251408_36_1768384447,重庆狼队,紫幻,沈梦溪,1,0,5,6.0,9230,1
2026011402,48251408_36_1768384447,深圳DYG,小轩,裴擒虎,0,2,1,0.5,9466,0
2026011402,48251408_36_1768384447,重庆狼队,小胖,大司命,4,0,2,6.0,11234,1
2026011402,48251408_36_1768384447,深圳DYG,钎城,戈娅,0,1,1,1.0,11173,0
2026011402,48251408_36_1768384447,重庆狼队,道崽,公孙离,2,0,3,5.0,11896,1
2026011402,48251408_36_1768384447,重庆狼队,归期,狂铁,1,0,7,8.0,10650,1
2026011401,48251408_33_1768377049,北京JDG,绝意,敖隐,1,0,0,1.0,9050,0
2026011401,48251408_33_1768377049,北京JDG,无畏,朵莉亚,0,3,1,0.3,5770,0
2026011401,48251408_33_1768377049,武汉eStarPro,亮宇,狄仁杰,3,0,6,9.0,10599,1
2026011401,48251408_33_1768377049,武汉eStarPro,Fly,马超,2,1,3,5.0,10015,1
2026011401,48251408_33_1768377049,北京JDG,轻语,司空震,0,2,0,0.0,8496,0
2026011401,48251408_33_1768377049,武汉eStarPro,小楼,元流之子(坦克),1,0,7,8.0,9426,1
2026011401,48251408_33_1768377049,武汉eStarPro,紫渊,鲁班大师,0,0,9,9.0,6809,1
2026011401,48251408_33_1768377049,北京JDG,无双,杨戬,0,2,1,0.5,7895,0
2026011401,48251408_33_1768377049,北京JDG,清融,安琪拉,0,2,1,0.5,6665,0
2026011401,48251408_33_1768377049,武汉eStarPro,Ming,嬴政,3,0,4,7.0,8199,1
2026012301,836780560_5_1769152178,西安WE,明崽,西施,0,2,3,1.5,6643,1
2026012301,836780560_5_1769152178,杭州LGD.NBW,米苏,云缨,3,1,1,4.0,10827,0
2026012301,836780560_5_1769152178,杭州LGD.NBW,小久,戈娅,1,1,3,4.0,10685,0
2026012301,836780560_5_1769152178,西安WE,文涛,夏洛特,3,1,0,3.0,11240,1
2026012301,836780560_5_1769152178,杭州LGD.NBW,小崽,苏烈,0,1,5,5.0,7181,0
2026012301,836780560_5_1769152178,西安WE,子意,元流之子(坦克),0,2,6,3.0,10852,1
2026012301,836780560_5_1769152178,西安WE,昭珏,孙尚香,3,0,1,4.0,14128,1
2026012301,836780560_5_1769152178,杭州LGD.NBW,小落,狂铁,2,2,3,2.5,9322,0
2026012301,836780560_5_1769152178,西安WE,忆安,太乙真人,0,1,4,4.0,7157,1
2026012301,836780560_5_1769152178,杭州LGD.NBW,九尾,女娲,0,1,5,5.0,9387,0
2026012403,48251408_51_1769263994,无锡TCG,光明,司空震,0,2,2,1.0,10867,0
2026012403,48251408_51_1769263994,无锡TCG,安凉,夏侯惇,1,2,3,2.0,8845,0
2026012403,48251408_51_1769263994,北京WB,听悦,嫦娥,1,1,7,8.0,10849,1
2026012403,48251408_51_1769263994,无锡TCG,北觅,敖隐,2,2,2,2.0,10306,0
2026012403,48251408_51_1769263994,北京WB,玖欣,张飞,1,0,7,8.0,8493,1
2026012403,48251408_51_1769263994,北京WB,小麦,后羿,3,1,6,9.0,12393,1
2026012403,48251408_51_1769263994,无锡TCG,清弦,女娲,0,1,3,3.0,9004,0
2026012403,48251408_51_1769263994,北京WB,梓墨,蚩奼,2,0,5,7.0,13007,1
2026012403,48251408_51_1769263994,北京WB,暖阳,裴擒虎,2,2,1,1.5,12325,1
2026012403,48251408_51_1769263994,无锡TCG,数字,太乙真人,1,2,3,2.0,7689,0
2026011402,48251408_37_1768386455,重庆狼队,信,元流之子(辅助),0,2,0,0.0,7072,0
2026011402,48251408_37_1768386455,深圳DYG,向鱼,王昭君,3,0,4,7.0,7824,1
2026011402,48251408_37_1768386455,深圳DYG,小乐,狂铁,0,0,6,6.0,11021,1
2026011402,48251408_37_1768386455,深圳DYG,落空,鲁班大师,0,1,7,7.0,7703,1
2026011402,48251408_37_1768386455,重庆狼队,紫幻,小乔,0,3,2,0.7,8140,0
2026011402,48251408_37_1768386455,深圳DYG,小轩,橘右京,5,1,3,8.0,14162,1
2026011402,48251408_37_1768386455,重庆狼队,小胖,韩信,2,3,1,1.0,10811,0
2026011402,48251408_37_1768386455,深圳DYG,钎城,蚩奼,1,1,1,2.0,11452,1
2026011402,48251408_37_1768386455,重庆狼队,道崽,敖隐,0,0,1,1.0,10497,0
2026011402,48251408_37_1768386455,重庆狼队,归期,夏洛特,1,1,0,1.0,9925,0
2026012502,836780560_10_1769333531,杭州LGD.NBW,米苏,铠,0,1,0,0.0,8062,0
2026012502,836780560_10_1769333531,杭州LGD.NBW,小久,孙尚香,0,1,0,0.0,9587,0
2026012502,836780560_10_1769333531,杭州LGD.NBW,小崽,太乙真人,0,1,0,0.0,4787,0
2026012502,836780560_10_1769333531,深圳DYG,向鱼,甄姬,0,0,5,5.0,7002,1
2026012502,836780560_10_1769333531,深圳DYG,小乐,达摩,0,0,5,5.0,9861,1
2026012502,836780560_10_1769333531,深圳DYG,落空,盾山,1,0,3,4.0,6085,1
2026012502,836780560_10_1769333531,深圳DYG,小轩,阿古朵,3,0,3,6.0,11059,1
2026012502,836780560_10_1769333531,杭州LGD.NBW,小落,马超,0,2,0,0.0,8939,0
2026012502,836780560_10_1769333531,杭州LGD.NBW,九尾,西施,0,1,0,0.0,4760,0
2026012502,836780560_10_1769333531,深圳DYG,钎城,蚩奼,2,0,3,5.0,9825,1
2026012502,836780560_11_1769335301,杭州LGD.NBW,米苏,夏侯惇,1,2,2,1.5,7275,0
2026012502,836780560_11_1769335301,杭州LGD.NBW,小久,蚩奼,3,1,1,4.0,9416,0
2026012502,836780560_11_1769335301,杭州LGD.NBW,小崽,苏烈,0,3,3,1.0,5838,0
2026012502,836780560_11_1769335301,深圳DYG,向鱼,安琪拉,1,2,4,2.5,7183,1
2026012502,836780560_11_1769335301,深圳DYG,小乐,关羽,3,2,5,4.0,9531,1
2026012502,836780560_11_1769335301,深圳DYG,落空,廉颇,0,0,7,7.0,6385,1
2026012502,836780560_11_1769335301,深圳DYG,小轩,大司命,3,1,4,7.0,9240,1
2026012502,836780560_11_1769335301,杭州LGD.NBW,小落,司空震,0,1,3,3.0,9187,0
2026012502,836780560_11_1769335301,杭州LGD.NBW,九尾,女娲,1,2,3,2.0,7804,0
2026012502,836780560_11_1769335301,深圳DYG,钎城,敖隐,2,0,6,8.0,11018,1
2026011402,48251408_39_1768390573,重庆狼队,信,张飞,1,1,1,2.0,9756,0
2026011402,48251408_39_1768390573,深圳DYG,向鱼,海月,3,2,4,3.5,10834,1
2026011402,48251408_39_1768390573,深圳DYG,小乐,达摩,1,0,5,6.0,14065,1
2026011402,48251408_39_1768390573,深圳DYG,落空,朵莉亚,0,0,9,9.0,10810,1
2026011402,48251408_39_1768390573,重庆狼队,紫幻,女娲,0,1,2,2.0,13210,0
2026011402,48251408_39_1768390573,深圳DYG,小轩,杨戬,2,1,7,9.0,14868,1
2026011402,48251408_39_1768390573,重庆狼队,小胖,阿古朵,2,3,1,1.0,14558,0
2026011402,48251408_39_1768390573,深圳DYG,钎城,李元芳,3,0,4,7.0,17673,1
2026011402,48251408_39_1768390573,重庆狼队,道崽,艾琳,0,0,0,0.0,15053,0
2026011402,48251408_39_1768390573,重庆狼队,归期,吕布,0,4,1,0.3,12080,0
2026011603,836780560_8_1768573724,杭州LGD.NBW,米苏,元流之子(坦克),0,3,0,0.0,6211,0
2026011603,836780560_8_1768573724,杭州LGD.NBW,小久,公孙离,0,0,1,1.0,7408,0
2026011603,836780560_8_1768573724,重庆狼队,信,朵莉亚,0,1,7,7.0,6200,1
2026011603,836780560_8_1768573724,重庆狼队,皖皖,夏侯惇,4,0,4,8.0,8976,1
2026011603,836780560_8_1768573724,杭州LGD.NBW,小崽,少司缘,0,2,1,0.5,5664,0
2026011603,836780560_8_1768573724,重庆狼队,紫幻,姜子牙,2,0,6,8.0,7033,1
2026011603,836780560_8_1768573724,杭州LGD.NBW,小落,达摩,1,3,0,0.3,6713,0
2026011603,836780560_8_1768573724,杭州LGD.NBW,九尾,安琪拉,1,0,1,2.0,5955,0
2026011603,836780560_8_1768573724,重庆狼队,清清,影,0,1,4,4.0,8578,1
2026011603,836780560_8_1768573724,重庆狼队,道崽,戈娅,2,0,6,8.0,9360,1
2026011703,501236240_3_1768651997,成都AG超玩会,大帅,空空儿,0,2,1,0.5,4966,0
2026011703,501236240_3_1768651997,成都AG超玩会,染详,大司命,1,2,0,0.5,7265,0
2026011703,501236240_3_1768651997,成都AG超玩会,小凡,不知火舞,0,2,1,0.5,5808,0
2026011703,501236240_3_1768651997,成都AG超玩会,小俞,公孙离,0,3,0,0.0,6128,0
2026011703,501236240_3_1768651997,上海EDG.M,花卷,沈梦溪,4,0,4,8.0,7219,1
2026011703,501236240_3_1768651997,成都AG超玩会,轩染,夏洛特,0,4,1,0.3,5831,0
2026011703,501236240_3_1768651997,上海EDG.M,小泽,狂铁,0,0,10,10.0,8344,1
2026011703,501236240_3_1768651997,上海EDG.M,凌云,戈娅,3,0,6,9.0,8426,1
2026011703,501236240_3_1768651997,上海EDG.M,夏凌,暃,5,1,6,11.0,10698,1
2026011703,501236240_3_1768651997,上海EDG.M,涛,太乙真人,1,0,9,10.0,5944,1
2026011703,501236240_5_1768655923,成都AG超玩会,大帅,朵莉亚,4,2,9,6.5,10249,0
2026011703,501236240_5_1768655923,成都AG超玩会,染详,杨戬,4,4,5,2.3,13054,0
2026011703,501236240_5_1768655923,成都AG超玩会,小凡,王昭君,2,2,11,6.5,9843,0
2026011703,501236240_5_1768655923,成都AG超玩会,小俞,虞姬,1,3,11,4.0,15338,0
2026011703,501236240_5_1768655923,上海EDG.M,花卷,小乔,6,1,8,14.0,11902,1
2026011703,501236240_5_1768655923,成都AG超玩会,轩染,曹操,3,4,6,2.3,12150,0
2026011703,501236240_5_1768655923,上海EDG.M,小泽,老夫子,1,3,10,3.7,12082,1
2026011703,501236240_5_1768655923,上海EDG.M,凌云,公孙离,5,3,7,4.0,14543,1
2026011703,501236240_5_1768655923,上海EDG.M,夏凌,铠,3,4,7,2.5,11660,1
2026011703,501236240_5_1768655923,上海EDG.M,涛,少司缘,0,3,13,4.3,10798,1
2026011703,501236240_4_1768653799,成都AG超玩会,大帅,少司缘,1,2,7,4.0,10172,1
2026011703,501236240_4_1768653799,成都AG超玩会,染详,夏侯惇,2,3,4,2.0,9943,1
2026011703,501236240_4_1768653799,成都AG超玩会,小凡,嬴政,3,1,5,8.0,11687,1
2026011703,501236240_4_1768653799,成都AG超玩会,小俞,戈娅,0,2,7,3.5,13655,1
2026011703,501236240_4_1768653799,上海EDG.M,花卷,海月,1,1,7,8.0,10254,0
2026011703,501236240_4_1768653799,成都AG超玩会,轩染,狂铁,2,0,5,7.0,13414,1
2026011703,501236240_4_1768653799,上海EDG.M,小泽,司空震,2,1,5,7.0,13184,0
2026011703,501236240_4_1768653799,上海EDG.M,凌云,蚩奼,2,3,3,1.7,11806,0
2026011703,501236240_4_1768653799,上海EDG.M,夏凌,橘右京,3,1,2,5.0,11740,0
2026011703,501236240_4_1768653799,上海EDG.M,涛,苏烈,0,2,7,3.5,8095,0
2026011703,501236240_7_1768659942,成都AG超玩会,大帅,鲁班大师,0,1,6,6.0,5736,1
2026011703,501236240_7_1768659942,成都AG超玩会,染详,宫本武藏,3,0,5,8.0,10207,1
2026011703,501236240_7_1768659942,成都AG超玩会,小凡,女娲,3,0,4,7.0,8228,1
2026011703,501236240_7_1768659942,成都AG超玩会,小俞,敖隐,2,0,5,7.0,8728,1
2026011703,501236240_7_1768659942,上海EDG.M,花卷,安琪拉,0,1,1,1.0,6149,0
2026011703,501236240_7_1768659942,成都AG超玩会,轩染,蒙恬,1,1,3,4.0,7467,1
2026011703,501236240_7_1768659942,上海EDG.M,小泽,马超,0,3,1,0.3,8051,0
2026011703,501236240_7_1768659942,上海EDG.M,凌云,狄仁杰,0,1,2,2.0,8438,0
2026011703,501236240_7_1768659942,上海EDG.M,夏凌,杨戬,2,3,0,0.7,6911,0
2026011703,501236240_7_1768659942,上海EDG.M,涛,盾山,0,1,2,2.0,5599,0
2026012401,48251408_40_1769234519,广州TTG,萝卜,司空震,2,0,3,5.0,13628,1
2026012401,48251408_40_1769234519,广州TTG,涵,张飞,0,1,7,7.0,8823,1
2026012401,48251408_40_1769234519,武汉eStarPro,亮宇,戈娅,1,2,1,1.0,12321,0
2026012401,48251408_40_1769234519,武汉eStarPro,Fly,曹操,2,2,0,1.0,12258,0
2026012401,48251408_40_1769234519,广州TTG,小雪,公孙离,1,1,3,4.0,13142,1
2026012401,48251408_40_1769234519,广州TTG,佳心,哪吒,4,1,3,7.0,12732,1
2026012401,48251408_40_1769234519,武汉eStarPro,小楼,大司命,0,2,1,0.5,11618,0
2026012401,48251408_40_1769234519,武汉eStarPro,紫渊,空空儿,0,0,3,3.0,8841,0
2026012401,48251408_40_1769234519,广州TTG,鹤辞,沈梦溪,0,0,5,5.0,10865,1
2026012401,48251408_40_1769234519,武汉eStarPro,Ming,小乔,0,1,1,1.0,9624,0
2026012401,48251408_42_1769238344,广州TTG,萝卜,马超,2,2,7,4.5,18571,1
2026012401,48251408_42_1769238344,广州TTG,涵,杨玉环,0,3,15,5.0,13339,1
2026012401,48251408_42_1769238344,武汉eStarPro,亮宇,敖隐,2,3,4,2.0,15933,0
2026012401,48251408_42_1769238344,武汉eStarPro,Fly,夏洛特,2,2,3,2.5,15752,0
2026012401,48251408_42_1769238344,广州TTG,小雪,后羿,5,3,5,3.3,19752,1
2026012401,48251408_42_1769238344,广州TTG,佳心,元流之子(坦克),3,3,8,3.7,16237,1
2026012401,48251408_42_1769238344,武汉eStarPro,小楼,镜,3,3,5,2.7,18976,0
2026012401,48251408_42_1769238344,武汉eStarPro,紫渊,苏烈,1,5,10,2.2,12804,0
2026012401,48251408_42_1769238344,广州TTG,鹤辞,女娲,5,0,9,14.0,14811,1
2026012401,48251408_42_1769238344,武汉eStarPro,昊昊,沈梦溪,3,2,6,4.5,15650,0
2026012401,48251408_41_1769236799,广州TTG,萝卜,关羽,0,0,6,6.0,6583,1
2026012401,48251408_41_1769236799,广州TTG,涵,盾山,0,0,8,8.0,4752,1
2026012401,48251408_41_1769236799,武汉eStarPro,亮宇,孙尚香,0,2,0,0.0,6270,0
2026012401,48251408_41_1769236799,武汉eStarPro,Fly,马超,0,2,0,0.0,5872,0
2026012401,48251408_41_1769236799,广州TTG,小雪,艾琳,5,0,3,8.0,8106,1
2026012401,48251408_41_1769236799,广州TTG,佳心,橘右京,3,0,4,7.0,8306,1
2026012401,48251408_41_1769236799,武汉eStarPro,小楼,云缨,0,2,0,0.0,6785,0
2026012401,48251408_41_1769236799,武汉eStarPro,紫渊,太乙真人,0,2,0,0.0,4285,0
2026012401,48251408_41_1769236799,广州TTG,鹤辞,小乔,2,0,6,8.0,5772,1
2026012401,48251408_41_1769236799,武汉eStarPro,昊昊,海月,0,2,0,0.0,5391,0
2026012501,48251408_56_1769327746,上海RNG.M,雨空,金蝉,0,2,1,0.5,5447,0
2026012501,48251408_56_1769327746,上海RNG.M,极光,孙尚香,0,1,1,1.0,9560,0
2026012501,48251408_56_1769327746,上海RNG.M,久酷,太乙真人,0,3,1,0.3,5444,0
2026012501,48251408_56_1769327746,重庆狼队,信,廉颇,0,0,8,8.0,7241,1
2026012501,48251408_56_1769327746,重庆狼队,皖皖,云缨,4,0,4,8.0,12193,1
2026012501,48251408_56_1769327746,重庆狼队,紫幻,海月,1,1,4,5.0,7741,1
2026012501,48251408_56_1769327746,上海RNG.M,樱花,蚩奼,1,0,0,1.0,8810,0
2026012501,48251408_56_1769327746,重庆狼队,清清,关羽,1,0,5,6.0,10433,1
2026012501,48251408_56_1769327746,重庆狼队,道崽,苍,3,0,5,8.0,10921,1
2026012501,48251408_56_1769327746,上海RNG.M,赤辰,阿古朵,0,3,1,0.3,8134,0
2026011602,48251408_59_1768557072,上海RNG.M,雨空,姜子牙,1,0,6,7.0,7585,1
2026011602,48251408_59_1768557072,西安WE,明崽,女娲,0,2,1,0.5,6959,0
2026011602,48251408_59_1768557072,上海RNG.M,极光,戈娅,3,1,3,6.0,10791,1
2026011602,48251408_59_1768557072,上海RNG.M,久酷,张飞,0,0,8,8.0,6767,1
2026011602,48251408_59_1768557072,西安WE,文涛,吕布,0,2,1,0.5,7095,0
2026011602,48251408_59_1768557072,西安WE,子意,元流之子(坦克),0,2,1,0.5,8358,0
2026011602,48251408_59_1768557072,西安WE,昭珏,公孙离,1,1,1,2.0,9003,0
2026011602,48251408_59_1768557072,上海RNG.M,樱花,狂铁,2,0,5,7.0,10317,1
2026011602,48251408_59_1768557072,西安WE,忆安,少司缘,1,2,1,1.0,6589,0
2026011602,48251408_59_1768557072,上海RNG.M,赤辰,镜,3,1,3,6.0,11295,1
2026011603,836780560_5_1768568027,杭州LGD.NBW,米苏,橘右京,1,2,10,5.5,9881,1
2026011603,836780560_5_1768568027,杭州LGD.NBW,小久,戈娅,5,0,6,11.0,10248,1
2026011603,836780560_5_1768568027,重庆狼队,信,少司缘,1,1,4,5.0,6939,0
2026011603,836780560_5_1768568027,重庆狼队,皖皖,哪吒,2,2,3,2.5,8120,0
2026011603,836780560_5_1768568027,杭州LGD.NBW,小崽,空空儿,2,1,10,12.0,6813,1
2026011603,836780560_5_1768568027,重庆狼队,紫幻,不知火舞,0,1,3,3.0,7393,0
2026011603,836780560_5_1768568027,杭州LGD.NBW,小落,曹操,2,1,3,5.0,9765,1
2026011603,836780560_5_1768568027,杭州LGD.NBW,九尾,杨玉环,2,1,10,12.0,7650,1
2026011603,836780560_5_1768568027,重庆狼队,清清,狂铁,0,4,4,1.0,7239,0
2026011603,836780560_5_1768568027,重庆狼队,道崽,公孙离,2,4,3,1.3,7883,0
2026012802,1272988176_2_1769592281,佛山DRG,小小阳,暃,0,1,0,0.0,8323,0
2026012802,1272988176_2_1769592281,北京JDG,无畏,空空儿,1,0,6,7.0,5608,1
2026012802,1272988176_2_1769592281,佛山DRG,花缘,蒙恬,0,2,0,0.0,5501,0
2026012802,1272988176_2_1769592281,北京JDG,轻语,吕布,0,0,4,4.0,6163,1
2026012802,1272988176_2_1769592281,佛山DRG,呆呆,张飞,0,3,0,0.0,4694,0
2026012802,1272988176_2_1769592281,北京JDG,小寒,戈娅,4,0,3,7.0,9452,1
2026012802,1272988176_2_1769592281,佛山DRG,梦岚,公孙离,0,1,0,0.0,7827,0
2026012802,1272988176_2_1769592281,北京JDG,无双,镜,1,0,6,7.0,8997,1
2026012802,1272988176_2_1769592281,北京JDG,清融,小乔,2,0,5,7.0,6618,1
2026012802,1272988176_2_1769592281,佛山DRG,柚子,沈梦溪,0,1,0,0.0,4743,0
2026011602,48251408_60_1768558882,上海RNG.M,雨空,海诺,4,2,7,5.5,11054,1
2026011602,48251408_60_1768558882,西安WE,明崽,沈梦溪,3,2,7,5.0,10071,0
2026011602,48251408_60_1768558882,上海RNG.M,极光,苍,1,1,7,8.0,12005,1
2026011602,48251408_60_1768558882,上海RNG.M,久酷,少司缘,0,2,12,6.0,11119,1
2026011602,48251408_60_1768558882,西安WE,文涛,狂铁,1,3,5,2.0,11763,0
2026011602,48251408_60_1768558882,西安WE,子意,阿古朵,3,2,4,3.5,12194,0
2026011602,48251408_60_1768558882,西安WE,昭珏,后羿,2,4,7,2.3,11312,0
2026011602,48251408_60_1768558882,上海RNG.M,樱花,蚩奼,7,3,4,3.7,13649,1
2026011602,48251408_60_1768558882,西安WE,忆安,苏烈,1,2,6,3.5,8704,0
2026011602,48251408_60_1768558882,上海RNG.M,赤辰,大司命,1,2,9,5.0,12041,1
2026011602,48251408_58_1768554175,上海RNG.M,雨空,西施,2,2,8,5.0,12501,0
2026011602,48251408_58_1768554175,西安WE,明崽,安琪拉,3,1,12,15.0,17389,1
2026011602,48251408_58_1768554175,上海RNG.M,极光,孙尚香,5,2,5,5.0,23640,0
2026011602,48251408_58_1768554175,上海RNG.M,久酷,太乙真人,1,6,10,1.8,12716,0
2026011602,48251408_58_1768554175,西安WE,文涛,司空震,6,1,7,13.0,21046,1
2026011602,48251408_58_1768554175,西安WE,子意,哪吒,3,5,9,2.4,17719,1
2026011602,48251408_58_1768554175,西安WE,昭珏,敖隐,4,1,10,14.0,19267,1
2026011602,48251408_58_1768554175,上海RNG.M,樱花,达摩,0,3,12,4.0,14181,0
2026011602,48251408_58_1768554175,西安WE,忆安,盾山,2,5,14,3.2,13507,1
2026011602,48251408_58_1768554175,上海RNG.M,赤辰,露娜,5,5,7,2.4,20006,0
2026012802,1272988176_4_1769596253,佛山DRG,小小阳,夏侯惇,0,2,0,0.0,6909,0
2026012802,1272988176_4_1769596253,北京JDG,无畏,张飞,0,0,3,3.0,6536,1
2026012802,1272988176_4_1769596253,佛山DRG,花缘,夏洛特,1,1,0,1.0,8710,0
2026012802,1272988176_4_1769596253,北京JDG,轻语,狂铁,0,1,2,2.0,7388,1
2026012802,1272988176_4_1769596253,佛山DRG,呆呆,少司缘,0,1,0,0.0,6269,0
2026012802,1272988176_4_1769596253,北京JDG,小寒,艾琳,0,0,3,3.0,9639,1
2026012802,1272988176_4_1769596253,佛山DRG,梦岚,戈娅,0,0,1,1.0,8121,0
2026012802,1272988176_4_1769596253,北京JDG,无双,暃,2,0,1,3.0,11446,1
2026012802,1272988176_4_1769596253,北京JDG,清融,沈梦溪,2,0,2,4.0,8447,1
2026012802,1272988176_4_1769596253,佛山DRG,柚子,嫦娥,0,0,1,1.0,6434,0
2026012803,48251408_8_1769601758,广州TTG,萝卜,夏洛特,0,3,1,0.3,10453,0
2026012803,48251408_8_1769601758,广州TTG,涵,张飞,0,4,5,1.3,7687,0
2026012803,48251408_8_1769601758,KSG,句号,大司命,4,0,6,10.0,12191,1
2026012803,48251408_8_1769601758,KSG,小屿,戈娅,5,1,6,11.0,14864,1
2026012803,48251408_8_1769601758,KSG,流浪,不知火舞,1,2,8,4.5,10207,1
2026012803,48251408_8_1769601758,KSG,无言,关羽,2,1,7,9.0,12869,1
2026012803,48251408_8_1769601758,广州TTG,小雪,公孙离,2,1,2,4.0,12338,0
2026012803,48251408_8_1769601758,广州TTG,佳心,宫本武藏,2,4,1,0.8,11445,0
2026012803,48251408_8_1769601758,KSG,一笙,空空儿,0,1,11,11.0,8570,1
2026012803,48251408_8_1769601758,广州TTG,鹤辞,沈梦溪,1,0,3,4.0,9268,0
2026012803,48251408_9_1769604292,广州TTG,萝卜,狂铁,0,1,2,2.0,5966,0
2026012803,48251408_9_1769604292,广州TTG,涵,少司缘,0,2,2,1.0,5014,0
2026012803,48251408_9_1769604292,KSG,句号,元流之子(坦克),3,0,1,4.0,7598,1
2026012803,48251408_9_1769604292,KSG,小屿,敖隐,2,0,2,4.0,8556,1
2026012803,48251408_9_1769604292,KSG,流浪,女娲,1,1,6,7.0,6684,1
2026012803,48251408_9_1769604292,KSG,无言,影,1,1,5,6.0,7180,1
2026012803,48251408_9_1769604292,广州TTG,小雪,戈娅,1,2,1,1.0,7110,0
2026012803,48251408_9_1769604292,广州TTG,佳心,裴擒虎,2,2,0,1.0,8769,0
2026012803,48251408_9_1769604292,KSG,一笙,苏烈,0,1,7,7.0,5398,1
2026012803,48251408_9_1769604292,广州TTG,鹤辞,不知火舞,0,0,1,1.0,6129,0
2026011602,48251408_61_1768561092,上海RNG.M,雨空,海月,1,3,3,1.3,6664,0
2026011602,48251408_61_1768561092,西安WE,明崽,西施,0,1,9,9.0,7048,1
2026011602,48251408_61_1768561092,上海RNG.M,极光,狄仁杰,1,1,3,4.0,9079,0
2026011602,48251408_61_1768561092,上海RNG.M,久酷,元流之子(辅助),0,4,3,0.8,6329,0
2026011602,48251408_61_1768561092,西安WE,文涛,蒙恬,0,1,8,8.0,7720,1
2026011602,48251408_61_1768561092,西安WE,子意,宫本武藏,4,2,6,5.0,12438,1
2026011602,48251408_61_1768561092,西安WE,昭珏,孙尚香,7,0,1,8.0,12380,1
2026011602,48251408_61_1768561092,上海RNG.M,樱花,曹操,2,1,1,3.0,8383,0
2026011602,48251408_61_1768561092,西安WE,忆安,太乙真人,0,0,10,10.0,7091,1
2026011602,48251408_61_1768561092,上海RNG.M,赤辰,梦奇,0,2,3,1.5,8168,0
2026012101,48251408_7_1768981486,桐乡情久,陌冷,公孙离,4,0,6,10.0,11070,1
2026012101,48251408_7_1768981486,上海EDG.M,花卷,安琪拉,1,2,2,1.5,7302,0
2026012101,48251408_7_1768981486,上海EDG.M,小碎,苏烈,0,3,0,0.0,5742,0
2026012101,48251408_7_1768981486,桐乡情久,深巅,大司命,2,0,6,8.0,9525,1
2026012101,48251408_7_1768981486,上海EDG.M,小泽,司空震,0,3,2,0.7,8768,0
2026012101,48251408_7_1768981486,上海EDG.M,凌云,苍,1,3,0,0.3,9001,0
2026012101,48251408_7_1768981486,桐乡情久,久寒,海月,0,0,5,5.0,8041,1
2026012101,48251408_7_1768981486,上海EDG.M,夏凌,阿古朵,1,1,2,3.0,9166,0
2026012101,48251408_7_1768981486,桐乡情久,楠枫,张飞,0,0,10,10.0,6915,1
2026012101,48251408_7_1768981486,桐乡情久,无玄,马超,6,3,4,3.3,10843,1
2026012802,1272988176_3_1769594033,佛山DRG,小小阳,娜可露露,2,2,2,2.0,13602,0
2026012802,1272988176_3_1769594033,北京JDG,无畏,盾山,1,1,7,8.0,8037,1
2026012802,1272988176_3_1769594033,佛山DRG,花缘,关羽,0,1,2,2.0,11163,0
2026012802,1272988176_3_1769594033,北京JDG,轻语,曹操,3,2,6,4.5,12395,1
2026012802,1272988176_3_1769594033,佛山DRG,呆呆,苏烈,0,3,5,1.7,8100,0
2026012802,1272988176_3_1769594033,北京JDG,小寒,敖隐,3,0,5,8.0,12625,1
2026012802,1272988176_3_1769594033,佛山DRG,梦岚,蚩奼,1,2,2,1.5,11567,0
2026012802,1272988176_3_1769594033,北京JDG,无双,云缨,0,2,7,3.5,12142,1
2026012802,1272988176_3_1769594033,北京JDG,清融,安琪拉,3,0,4,7.0,9614,1
2026012802,1272988176_3_1769594033,佛山DRG,柚子,小乔,2,2,3,2.5,8157,0
2026012901,48251408_15_1769666603,无锡TCG,光明,司空震,0,3,5,1.7,10151,1
2026012901,48251408_15_1769666603,无锡TCG,安凉,夏侯惇,1,2,7,4.0,9487,1
2026012901,48251408_15_1769666603,上海EDG.M,花卷,武则天,0,0,5,5.0,7690,0
2026012901,48251408_15_1769666603,无锡TCG,北觅,公孙离,6,2,3,4.5,12507,1
2026012901,48251408_15_1769666603,上海EDG.M,小泽,狂铁,2,1,4,6.0,9137,0
2026012901,48251408_15_1769666603,上海EDG.M,凌云,戈娅,3,1,3,6.0,10886,0
2026012901,48251408_15_1769666603,无锡TCG,清弦,沈梦溪,2,0,6,8.0,9095,1
2026012901,48251408_15_1769666603,上海EDG.M,夏凌,大司命,2,3,3,1.7,10398,0
2026012901,48251408_15_1769666603,上海EDG.M,涛,苏烈,0,4,6,1.5,6737,0
2026012901,48251408_15_1769666603,无锡TCG,数字,空空儿,0,0,9,9.0,7425,1
2026012101,48251408_6_1768979407,桐乡情久,陌冷,狄仁杰,8,1,6,14.0,14488,1
2026012101,48251408_6_1768979407,上海EDG.M,花卷,女娲,4,0,5,9.0,11450,0
2026012101,48251408_6_1768979407,上海EDG.M,小碎,鲁班大师,0,5,9,1.8,8006,0
2026012101,48251408_6_1768979407,桐乡情久,深巅,阿古朵,2,2,13,7.5,13439,1
2026012101,48251408_6_1768979407,上海EDG.M,小泽,老夫子,1,2,2,1.5,12150,0
2026012101,48251408_6_1768979407,上海EDG.M,凌云,蚩奼,5,5,3,1.6,12016,0
2026012101,48251408_6_1768979407,桐乡情久,久寒,不知火舞,2,4,9,2.8,10777,1
2026012101,48251408_6_1768979407,上海EDG.M,夏凌,元流之子(坦克),0,5,6,1.2,9428,0
2026012101,48251408_6_1768979407,桐乡情久,楠枫,苏烈,1,1,16,17.0,10081,1
2026012101,48251408_6_1768979407,桐乡情久,无玄,司空震,4,2,8,6.0,12919,1
2026011603,836780560_7_1768571754,杭州LGD.NBW,米苏,镜,2,2,2,2.0,12483,1
2026011603,836780560_7_1768571754,杭州LGD.NBW,小久,狄仁杰,1,0,4,5.0,11911,1
2026011603,836780560_7_1768571754,重庆狼队,信,鲁班大师,0,0,7,7.0,7165,0
2026011603,836780560_7_1768571754,重庆狼队,皖皖,裴擒虎,3,2,2,2.5,13507,0
2026011603,836780560_7_1768571754,杭州LGD.NBW,小崽,张飞,0,1,6,6.0,8069,1
2026011603,836780560_7_1768571754,重庆狼队,紫幻,王昭君,3,2,2,2.5,7666,0
2026011603,836780560_7_1768571754,杭州LGD.NBW,小落,蚩奼,3,2,2,2.5,12073,1
2026011603,836780560_7_1768571754,杭州LGD.NBW,九尾,女娲,1,2,1,1.0,9631,1
2026011603,836780560_7_1768571754,重庆狼队,清清,蒙恬,0,3,4,1.3,8347,0
2026011603,836780560_7_1768571754,重庆狼队,道崽,虞姬,1,0,2,3.0,12514,0
2026012901,48251408_18_1769672451,无锡TCG,光明,狂铁,0,3,6,2.0,7911,0
2026012901,48251408_18_1769672451,无锡TCG,安凉,镜,3,1,3,6.0,12028,0
2026012901,48251408_18_1769672451,上海EDG.M,花卷,沈梦溪,3,1,10,13.0,9581,1
2026012901,48251408_18_1769672451,无锡TCG,北觅,敖隐,2,2,5,3.5,9854,0
2026012901,48251408_18_1769672451,上海EDG.M,小泽,蚩奼,3,2,7,5.0,12761,1
2026012901,48251408_18_1769672451,上海EDG.M,凌云,后羿,1,1,9,10.0,11623,1
2026012901,48251408_18_1769672451,无锡TCG,清弦,嬴政,1,3,4,1.7,8377,0
2026012901,48251408_18_1769672451,上海EDG.M,夏凌,杨戬,6,1,5,11.0,11638,1
2026012901,48251408_18_1769672451,上海EDG.M,涛,朵莉亚,0,2,13,6.5,7746,1
2026012901,48251408_18_1769672451,无锡TCG,数字,少司缘,1,4,6,1.8,7753,0
2026012803,48251408_10_1769605896,广州TTG,萝卜,曹操,1,3,10,3.7,13760,0
2026012803,48251408_10_1769605896,广州TTG,涵,太乙真人,0,4,13,3.3,7965,0
2026012803,48251408_10_1769605896,KSG,句号,裴擒虎,4,4,2,1.5,14416,1
2026012803,48251408_10_1769605896,KSG,小屿,苍,3,0,6,9.0,15856,1
2026012803,48251408_10_1769605896,KSG,流浪,沈梦溪,2,1,7,9.0,11207,1
2026012803,48251408_10_1769605896,KSG,无言,夏洛特,2,3,5,2.3,12141,1
2026012803,48251408_10_1769605896,广州TTG,小雪,孙尚香,9,0,3,12.0,19079,0
2026012803,48251408_10_1769605896,广州TTG,佳心,夏侯惇,1,2,8,4.5,11712,0
2026012803,48251408_10_1769605896,KSG,一笙,赵怀真,0,5,10,2.0,9299,1
2026012803,48251408_10_1769605896,广州TTG,鹤辞,西施,2,2,9,5.5,7982,0
2026012901,48251408_17_1769670412,无锡TCG,光明,影,2,4,2,1.0,10273,0
2026012901,48251408_17_1769670412,无锡TCG,安凉,大司命,4,6,3,1.2,9456,0
2026012901,48251408_17_1769670412,上海EDG.M,花卷,小乔,4,1,14,18.0,9848,1
2026012901,48251408_17_1769670412,无锡TCG,北觅,戈娅,2,1,4,6.0,11337,0
2026012901,48251408_17_1769670412,上海EDG.M,小泽,白起,4,2,12,8.0,11071,1
2026012901,48251408_17_1769670412,上海EDG.M,凌云,公孙离,5,1,8,13.0,11990,1
2026012901,48251408_17_1769670412,无锡TCG,清弦,西施,0,4,3,0.8,6243,0
2026012901,48251408_17_1769670412,上海EDG.M,夏凌,橘右京,5,2,11,8.0,14460,1
2026012901,48251408_17_1769670412,上海EDG.M,涛,少司缘,2,2,17,9.5,9829,1
2026012901,48251408_17_1769670412,无锡TCG,数字,苏烈,0,5,7,1.4,6253,0
2026012902,434127376_4_1769679207,武汉eStarPro,亮宇,敖隐,4,2,1,2.5,11213,0
2026012902,434127376_4_1769679207,南通Hero久竞,落尘,夏侯惇,2,1,6,8.0,11432,1
2026012902,434127376_4_1769679207,武汉eStarPro,Fly,司空震,2,2,4,3.0,10086,0
2026012902,434127376_4_1769679207,武汉eStarPro,余忆,元流之子(坦克),1,2,1,1.0,9395,0
2026012902,434127376_4_1769679207,武汉eStarPro,紫渊,鲁班大师,0,2,6,3.0,7096,0
2026012902,434127376_4_1769679207,南通Hero久竞,白清,盾山,2,2,5,3.5,8121,1
2026012902,434127376_4_1769679207,南通Hero久竞,玖熙,女娲,0,3,6,2.0,8776,1
2026012902,434127376_4_1769679207,南通Hero久竞,坦然,曹操,1,1,5,6.0,12234,1
2026012902,434127376_4_1769679207,南通Hero久竞,妖刀,李元芳,5,0,2,7.0,12382,1
2026012902,434127376_4_1769679207,武汉eStarPro,昊昊,小乔,0,2,4,2.0,8580,0
2026012902,434127376_3_1769677550,武汉eStarPro,亮宇,公孙离,1,3,0,0.3,7436,0
2026012902,434127376_3_1769677550,南通Hero久竞,落尘,梦奇,0,1,6,6.0,7762,1
2026012902,434127376_3_1769677550,武汉eStarPro,Fly,狂铁,0,1,1,1.0,6826,0
2026012902,434127376_3_1769677550,武汉eStarPro,余忆,大司命,0,3,1,0.3,5280,0
2026012902,434127376_3_1769677550,武汉eStarPro,紫渊,少司缘,0,2,1,0.5,5474,0
2026012902,434127376_3_1769677550,南通Hero久竞,白清,苏烈,1,0,7,8.0,5795,1
2026012902,434127376_3_1769677550,南通Hero久竞,玖熙,沈梦溪,4,0,3,7.0,6748,1
2026012902,434127376_3_1769677550,南通Hero久竞,坦然,夏洛特,4,0,5,9.0,8274,1
2026012902,434127376_3_1769677550,南通Hero久竞,妖刀,苍,0,0,7,7.0,7483,1
2026012902,434127376_3_1769677550,武汉eStarPro,昊昊,安琪拉,0,0,1,1.0,5285,0
2026012903,48251408_20_1769690173,西安WE,明崽,不知火舞,0,3,2,0.7,6053,0
2026012903,48251408_20_1769690173,西安WE,文涛,吕布,1,2,2,1.5,6072,0
2026012903,48251408_20_1769690173,西安WE,子意,橘右京,1,2,3,2.0,7845,0
2026012903,48251408_20_1769690173,西安WE,昭珏,蚩奼,2,1,1,3.0,7200,0
2026012903,48251408_20_1769690173,深圳DYG,向鱼,沈梦溪,2,2,9,5.5,7100,1
2026012903,48251408_20_1769690173,深圳DYG,小乐,狂铁,0,0,7,7.0,8238,1
2026012903,48251408_20_1769690173,深圳DYG,落空,墨子,1,0,10,11.0,6181,1
2026012903,48251408_20_1769690173,深圳DYG,小轩,阿古朵,6,0,4,10.0,9732,1
2026012903,48251408_20_1769690173,西安WE,忆安,鲁班大师,0,3,3,1.0,5033,0
2026012903,48251408_20_1769690173,深圳DYG,钎城,敖隐,2,2,7,4.5,8255,1
2026012902,434127376_5_1769681225,武汉eStarPro,亮宇,蚩奼,0,1,1,1.0,9766,0
2026012902,434127376_5_1769681225,南通Hero久竞,落尘,镜,1,0,3,4.0,12601,1
2026012902,434127376_5_1769681225,武汉eStarPro,Fly,影,0,1,0,0.0,8443,0
2026012902,434127376_5_1769681225,武汉eStarPro,小楼,橘右京,0,1,1,1.0,9614,0
2026012902,434127376_5_1769681225,武汉eStarPro,紫渊,苏烈,0,2,1,0.5,6484,0
2026012902,434127376_5_1769681225,南通Hero久竞,白清,少司缘,0,1,5,5.0,7851,1
2026012902,434127376_5_1769681225,南通Hero久竞,玖熙,武则天,0,0,4,4.0,7946,1
2026012902,434127376_5_1769681225,南通Hero久竞,坦然,狂铁,1,0,3,4.0,9733,1
2026012902,434127376_5_1769681225,南通Hero久竞,妖刀,敖隐,3,0,1,4.0,10904,1
2026012902,434127376_5_1769681225,武汉eStarPro,昊昊,女娲,1,0,0,1.0,8039,0
2026012302,48251408_30_1769158852,长沙TES.A,帆帆,张飞,0,2,3,1.5,8888,0
2026012302,48251408_30_1769158852,长沙TES.A,蓝桉,狄仁杰,1,4,2,0.8,13226,0
2026012302,48251408_30_1769158852,长沙TES.A,无幻,曹操,1,3,2,1.0,14552,0
2026012302,48251408_30_1769158852,长沙TES.A,安七,元流之子(坦克),0,3,4,1.3,11135,0
2026012302,48251408_30_1769158852,上海EDG.M,花卷,不知火舞,2,1,9,11.0,13004,1
2026012302,48251408_30_1769158852,上海EDG.M,小泽,夏洛特,2,0,10,12.0,15115,1
2026012302,48251408_30_1769158852,上海EDG.M,凌云,蚩奼,3,0,8,11.0,15955,1
2026012302,48251408_30_1769158852,上海EDG.M,夏凌,橘右京,6,2,4,5.0,15992,1
2026012302,48251408_30_1769158852,长沙TES.A,景诗,沈梦溪,2,1,1,3.0,10853,0
2026012302,48251408_30_1769158852,上海EDG.M,涛,鲁班大师,0,1,12,12.0,9880,1
2026012302,48251408_32_1769163284,长沙TES.A,帆帆,太乙真人,0,1,8,8.0,6660,1
2026012302,48251408_32_1769163284,长沙TES.A,蓝桉,戈娅,4,0,3,7.0,11190,1
2026012302,48251408_32_1769163284,长沙TES.A,无幻,狂铁,0,1,4,4.0,8869,1
2026012302,48251408_32_1769163284,上海EDG.M,花卷,甄姬,0,2,2,1.0,6107,0
2026012302,48251408_32_1769163284,上海EDG.M,小泽,影,2,2,0,1.0,8160,0
2026012302,48251408_32_1769163284,上海EDG.M,凌云,公孙离,1,0,1,2.0,9094,0
2026012302,48251408_32_1769163284,上海EDG.M,夏凌,大司命,0,3,2,0.7,7866,0
2026012302,48251408_32_1769163284,长沙TES.A,景诗,小乔,1,1,5,6.0,7722,1
2026012302,48251408_32_1769163284,上海EDG.M,涛,苏烈,0,1,3,3.0,5617,0
2026012302,48251408_32_1769163284,长沙TES.A,书源,橘右京,3,0,4,7.0,11353,1
2026012503,501236240_2_1769342683,桐乡情久,陌冷,艾琳,3,3,4,2.3,13788,0
2026012503,501236240_2_1769342683,成都AG超玩会,大帅,太乙真人,0,3,13,4.3,9496,1
2026012503,501236240_2_1769342683,成都AG超玩会,染详,裴擒虎,7,0,4,11.0,15966,1
2026012503,501236240_2_1769342683,成都AG超玩会,小凡,西施,0,1,8,8.0,9411,1
2026012503,501236240_2_1769342683,成都AG超玩会,小俞,孙尚香,5,1,3,8.0,17669,1
2026012503,501236240_2_1769342683,桐乡情久,深巅,哪吒,3,4,2,1.3,12394,0
2026012503,501236240_2_1769342683,成都AG超玩会,轩染,曹操,1,2,7,4.0,13111,1
2026012503,501236240_2_1769342683,桐乡情久,久寒,女娲,0,2,4,2.0,10485,0
2026012503,501236240_2_1769342683,桐乡情久,楠枫,盾山,0,1,7,7.0,8845,0
2026012503,501236240_2_1769342683,桐乡情久,无玄,狂铁,1,3,4,1.7,9508,0
2026012302,48251408_34_1769166775,长沙TES.A,帆帆,廉颇,2,2,11,6.5,8922,1
2026012302,48251408_34_1769166775,长沙TES.A,蓝桉,公孙离,4,2,8,6.0,13170,1
2026012302,48251408_34_1769166775,长沙TES.A,无幻,关羽,0,2,9,4.5,11531,1
2026012302,48251408_34_1769166775,上海EDG.M,花卷,女娲,1,4,5,1.5,9663,0
2026012302,48251408_34_1769166775,上海EDG.M,小泽,老夫子,1,1,4,5.0,11754,0
2026012302,48251408_34_1769166775,上海EDG.M,凌云,艾琳,3,3,3,2.0,12295,0
2026012302,48251408_34_1769166775,上海EDG.M,夏凌,铠,0,3,7,2.3,9822,0
2026012302,48251408_34_1769166775,长沙TES.A,景诗,海诺,1,0,9,10.0,10069,1
2026012302,48251408_34_1769166775,上海EDG.M,涛,空空儿,3,4,4,1.8,8411,0
2026012302,48251408_34_1769166775,长沙TES.A,书源,暃,8,2,3,5.5,12161,1
2026012503,501236240_3_1769344768,桐乡情久,陌冷,戈娅,3,1,8,11.0,11847,1
2026012503,501236240_3_1769344768,成都AG超玩会,大帅,廉颇,0,3,2,0.7,7819,0
2026012503,501236240_3_1769344768,成都AG超玩会,染详,镜,1,3,1,0.7,11839,0
2026012503,501236240_3_1769344768,成都AG超玩会,小凡,沈梦溪,0,1,2,2.0,9389,0
2026012503,501236240_3_1769344768,成都AG超玩会,小俞,公孙离,2,0,0,2.0,12633,0
2026012503,501236240_3_1769344768,桐乡情久,深巅,大司命,4,1,1,5.0,11762,1
2026012503,501236240_3_1769344768,成都AG超玩会,轩染,狂铁,0,5,2,0.4,8639,0
2026012503,501236240_3_1769344768,桐乡情久,久寒,小乔,3,0,8,11.0,10308,1
2026012503,501236240_3_1769344768,桐乡情久,楠枫,空空儿,0,0,11,11.0,8494,1
2026012503,501236240_3_1769344768,桐乡情久,无玄,影,2,1,7,9.0,12788,1
2026012503,501236240_4_1769346862,桐乡情久,陌冷,敖隐,5,0,7,12.0,15204,1
2026012503,501236240_4_1769346862,成都AG超玩会,大帅,元流之子(辅助),2,4,6,2.0,12381,0
2026012503,501236240_4_1769346862,成都AG超玩会,染详,大司命,2,4,5,1.8,13450,0
2026012503,501236240_4_1769346862,成都AG超玩会,小凡,女娲,0,3,6,2.0,12601,0
2026012503,501236240_4_1769346862,成都AG超玩会,小俞,虞姬,2,4,1,0.8,15987,0
2026012503,501236240_4_1769346862,桐乡情久,深巅,镜,2,3,8,3.3,17113,1
2026012503,501236240_4_1769346862,成都AG超玩会,轩染,马超,2,1,5,7.0,16841,0
2026012503,501236240_4_1769346862,桐乡情久,久寒,王昭君,1,2,9,5.0,10956,1
2026012503,501236240_4_1769346862,桐乡情久,楠枫,张良,0,2,12,6.0,10625,1
2026012503,501236240_4_1769346862,桐乡情久,无玄,蚩奼,8,1,6,14.0,17449,1
2026012302,48251408_33_1769165057,长沙TES.A,帆帆,少司缘,0,1,1,1.0,5853,0
2026012302,48251408_33_1769165057,长沙TES.A,蓝桉,孙尚香,0,0,1,1.0,8929,0
2026012302,48251408_33_1769165057,长沙TES.A,无幻,夏洛特,0,1,1,1.0,8683,0
2026012302,48251408_33_1769165057,上海EDG.M,花卷,沈梦溪,1,0,7,8.0,8876,1
2026012302,48251408_33_1769165057,上海EDG.M,小泽,曹操,0,0,6,6.0,8885,1
2026012302,48251408_33_1769165057,上海EDG.M,凌云,戈娅,3,0,4,7.0,10986,1
2026012302,48251408_33_1769165057,上海EDG.M,夏凌,裴擒虎,3,0,3,6.0,10893,1
2026012302,48251408_33_1769165057,长沙TES.A,景诗,海月,0,2,1,0.5,6023,0
2026012302,48251408_33_1769165057,上海EDG.M,涛,太乙真人,1,1,6,7.0,6689,1
2026012302,48251408_33_1769165057,长沙TES.A,书源,夏侯惇,1,4,0,0.3,6824,0
2026012503,501236240_6_1769350783,桐乡情久,陌冷,孙尚香,2,0,4,6.0,8972,1
2026012503,501236240_6_1769350783,成都AG超玩会,大帅,少司缘,0,1,1,1.0,5483,0
2026012503,501236240_6_1769350783,成都AG超玩会,染详,夏侯惇,0,2,0,0.0,5478,0
2026012503,501236240_6_1769350783,成都AG超玩会,小凡,小乔,0,2,1,0.5,5845,0
2026012503,501236240_6_1769350783,成都AG超玩会,小俞,戈娅,1,1,0,1.0,7723,0
2026012503,501236240_6_1769350783,桐乡情久,深巅,杨戬,1,0,5,6.0,7653,1
2026012503,501236240_6_1769350783,成都AG超玩会,轩染,司空震,0,1,0,0.0,7097,0
2026012503,501236240_6_1769350783,桐乡情久,久寒,嬴政,0,0,6,6.0,6892,1
2026012503,501236240_6_1769350783,桐乡情久,楠枫,太乙真人,1,1,6,7.0,5908,1
2026012503,501236240_6_1769350783,桐乡情久,无玄,夏洛特,3,0,2,5.0,8759,1
2026013101,48251408_23_1769839298,武汉eStarPro,亮宇,公孙离,0,3,0,0.0,8124,0
2026013101,48251408_23_1769839298,KSG,句号,夏侯惇,2,0,3,5.0,8867,1
2026013101,48251408_23_1769839298,KSG,小屿,戈娅,3,0,5,8.0,11284,1
2026013101,48251408_23_1769839298,KSG,流浪,小乔,1,1,4,5.0,7408,1
2026013101,48251408_23_1769839298,武汉eStarPro,Fly,狂铁,1,2,0,0.5,6926,0
2026013101,48251408_23_1769839298,KSG,无言,影,1,0,2,3.0,9694,1
2026013101,48251408_23_1769839298,武汉eStarPro,小楼,云缨,0,2,0,0.0,8737,0
2026013101,48251408_23_1769839298,KSG,一笙,空空儿,2,0,7,9.0,7180,1
2026013101,48251408_23_1769839298,武汉eStarPro,紫渊,张飞,0,1,0,0.0,5483,0
2026013101,48251408_23_1769839298,武汉eStarPro,昊昊,沈梦溪,0,1,1,1.0,6911,0
2026013101,48251408_24_1769841115,武汉eStarPro,亮宇,狄仁杰,0,3,1,0.3,5109,0
2026013101,48251408_24_1769841115,KSG,句号,云缨,4,0,3,7.0,8499,1
2026013101,48251408_24_1769841115,KSG,小屿,敖隐,5,0,3,8.0,7796,1
2026013101,48251408_24_1769841115,KSG,流浪,王昭君,0,0,5,5.0,4900,1
2026013101,48251408_24_1769841115,武汉eStarPro,Fly,达摩,1,4,1,0.5,5522,0
2026013101,48251408_24_1769841115,KSG,无言,关羽,0,1,6,6.0,6627,1
2026013101,48251408_24_1769841115,武汉eStarPro,小楼,夏侯惇,0,1,1,1.0,5240,0
2026013101,48251408_24_1769841115,KSG,一笙,鲁班大师,1,1,3,4.0,4173,1
2026013101,48251408_24_1769841115,武汉eStarPro,紫渊,盾山,1,1,1,2.0,4315,0
2026013101,48251408_24_1769841115,武汉eStarPro,昊昊,女娲,0,1,0,0.0,5415,0
2026012503,501236240_5_1769349150,桐乡情久,陌冷,孙权,0,1,2,2.0,8598,0
2026012503,501236240_5_1769349150,成都AG超玩会,大帅,苏烈,1,1,10,11.0,6713,1
2026012503,501236240_5_1769349150,成都AG超玩会,染详,阿古朵,2,1,9,11.0,9217,1
2026012503,501236240_5_1769349150,成都AG超玩会,小凡,嬴政,2,1,10,12.0,8106,1
2026012503,501236240_5_1769349150,成都AG超玩会,小俞,苍,6,0,5,11.0,10400,1
2026012503,501236240_5_1769349150,桐乡情久,深巅,元流之子(坦克),2,3,2,1.3,7371,0
2026012503,501236240_5_1769349150,成都AG超玩会,轩染,夏洛特,3,1,4,7.0,9391,1
2026012503,501236240_5_1769349150,桐乡情久,久寒,海月,0,3,1,0.3,6342,0
2026012503,501236240_5_1769349150,桐乡情久,楠枫,廉颇,2,5,0,0.4,5819,0
2026012503,501236240_5_1769349150,桐乡情久,无玄,司空震,0,2,2,1.0,7940,0
2026013101,48251408_25_1769842829,武汉eStarPro,亮宇,戈娅,0,1,3,3.0,9424,0
2026013101,48251408_25_1769842829,KSG,句号,镜,3,1,2,5.0,10635,1
2026013101,48251408_25_1769842829,KSG,小屿,蚩奼,1,1,2,3.0,10343,1
2026013101,48251408_25_1769842829,KSG,流浪,女娲,1,1,3,4.0,7856,1
2026013101,48251408_25_1769842829,武汉eStarPro,Fly,曹操,3,1,1,4.0,9627,0
2026013101,48251408_25_1769842829,KSG,无言,夏洛特,1,0,3,4.0,9058,1
2026013101,48251408_25_1769842829,武汉eStarPro,小楼,大司命,0,2,4,2.0,8088,0
2026013101,48251408_25_1769842829,KSG,一笙,苏烈,1,1,6,7.0,6702,1
2026013101,48251408_25_1769842829,武汉eStarPro,紫渊,少司缘,1,1,3,4.0,6661,0
2026013101,48251408_25_1769842829,武汉eStarPro,昊昊,西施,0,2,2,1.0,6225,0
2026013103,48251408_28_1769864442,西安WE,明崽,女娲,0,3,4,1.3,11785,0
2026013103,48251408_28_1769864442,重庆狼队,信,太乙真人,0,0,11,11.0,9756,1
2026013103,48251408_28_1769864442,重庆狼队,皖皖,镜,5,1,5,10.0,16386,1
2026013103,48251408_28_1769864442,西安WE,文涛,芈月,1,3,3,1.3,13277,0
2026013103,48251408_28_1769864442,西安WE,子意,阿古朵,2,1,1,3.0,14745,0
2026013103,48251408_28_1769864442,西安WE,昭珏,蚩奼,1,2,3,2.0,14695,0
2026013103,48251408_28_1769864442,重庆狼队,紫幻,西施,1,1,7,8.0,10039,1
2026013103,48251408_28_1769864442,西安WE,忆安,苏烈,0,4,3,0.8,9463,0
2026013103,48251408_28_1769864442,重庆狼队,清清,白起,1,2,9,5.0,13224,1
2026013103,48251408_28_1769864442,重庆狼队,道崽,孙尚香,6,0,5,11.0,18144,1
2026012502,836780560_9_1769331766,杭州LGD.NBW,米苏,暃,0,3,1,0.3,5870,0
2026012502,836780560_9_1769331766,杭州LGD.NBW,小久,公孙离,0,3,0,0.0,5799,0
2026012502,836780560_9_1769331766,杭州LGD.NBW,小崽,张飞,0,3,0,0.0,4162,0
2026012502,836780560_9_1769331766,深圳DYG,向鱼,小乔,1,0,9,10.0,6096,1
2026012502,836780560_9_1769331766,深圳DYG,小乐,曹操,3,1,2,5.0,7452,1
2026012502,836780560_9_1769331766,深圳DYG,落空,空空儿,1,1,10,11.0,5030,1
2026012502,836780560_9_1769331766,深圳DYG,小轩,夏侯惇,3,0,6,9.0,8085,1
2026012502,836780560_9_1769331766,杭州LGD.NBW,小落,夏洛特,1,2,0,0.5,5576,0
2026012502,836780560_9_1769331766,杭州LGD.NBW,九尾,沈梦溪,1,1,1,2.0,5186,0
2026012502,836780560_9_1769331766,深圳DYG,钎城,戈娅,4,0,5,9.0,8736,1
2026013103,48251408_27_1769862761,西安WE,明崽,沈梦溪,0,1,1,1.0,5694,0
2026013103,48251408_27_1769862761,重庆狼队,信,苏烈,0,0,10,10.0,6321,1
2026013103,48251408_27_1769862761,重庆狼队,皖皖,裴擒虎,3,0,6,9.0,10503,1
2026013103,48251408_27_1769862761,西安WE,文涛,司空震,0,2,1,0.5,6151,0
2026013103,48251408_27_1769862761,西安WE,子意,哪吒,1,2,0,0.5,7403,0
2026013103,48251408_27_1769862761,西安WE,昭珏,孙权,0,2,1,0.5,7707,0
2026013103,48251408_27_1769862761,重庆狼队,紫幻,小乔,3,0,5,8.0,8240,1
2026013103,48251408_27_1769862761,西安WE,忆安,盾山,0,3,0,0.0,5312,0
2026013103,48251408_27_1769862761,重庆狼队,清清,老夫子,0,0,9,9.0,8676,1
2026013103,48251408_27_1769862761,重庆狼队,道崽,蚩奼,4,1,6,10.0,9478,1
2026011802,836780560_14_1768732961,济南RW侠,小度,达摩,1,2,6,3.5,11282,0
2026011802,836780560_14_1768732961,杭州LGD.NBW,米苏,云缨,3,1,4,7.0,13466,1
2026011802,836780560_14_1768732961,杭州LGD.NBW,小久,公孙离,2,0,5,7.0,14096,1
2026011802,836780560_14_1768732961,杭州LGD.NBW,小崽,苏烈,0,4,8,2.0,8725,1
2026011802,836780560_14_1768732961,济南RW侠,挽墨,嫦娥,0,2,8,4.0,10286,0
2026011802,836780560_14_1768732961,杭州LGD.NBW,小落,关羽,3,2,5,4.0,12596,1
2026011802,836780560_14_1768732961,杭州LGD.NBW,九尾,海月,1,2,7,4.0,10237,1
2026011802,836780560_14_1768732961,济南RW侠,今屿,大司命,5,1,4,9.0,12200,0
2026011802,836780560_14_1768732961,济南RW侠,佩恩,苍,2,3,6,2.7,12004,0
2026011802,836780560_14_1768732961,济南RW侠,梦溪,太乙真人,1,1,7,8.0,8976,0
2026012501,48251408_54_1769323169,上海RNG.M,雨空,不知火舞,1,4,4,1.3,14456,0
2026012501,48251408_54_1769323169,上海RNG.M,极光,司空震,4,3,1,1.7,15351,0
2026012501,48251408_54_1769323169,上海RNG.M,久酷,苏烈,0,5,6,1.2,10230,0
2026012501,48251408_54_1769323169,重庆狼队,信,盾山,1,3,14,5.0,11460,1
2026012501,48251408_54_1769323169,重庆狼队,皖皖,铠,0,2,12,6.0,14802,1
2026012501,48251408_54_1769323169,重庆狼队,紫幻,沈梦溪,1,0,12,13.0,13788,1
2026012501,48251408_54_1769323169,上海RNG.M,樱花,马超,1,1,5,6.0,17364,0
2026012501,48251408_54_1769323169,重庆狼队,清清,曹操,3,2,11,7.0,16034,1
2026012501,48251408_54_1769323169,重庆狼队,道崽,蚩奼,10,0,4,14.0,17495,1
2026012501,48251408_54_1769323169,上海RNG.M,赤辰,云缨,1,2,4,2.5,16325,0
2026011802,836780560_13_1768731158,济南RW侠,小度,曹操,0,1,7,7.0,8004,1
2026011802,836780560_13_1768731158,杭州LGD.NBW,米苏,夏侯惇,0,3,2,0.7,5515,0
2026011802,836780560_13_1768731158,杭州LGD.NBW,小久,苍,0,1,1,1.0,7420,0
2026011802,836780560_13_1768731158,杭州LGD.NBW,小崽,太乙真人,1,2,1,1.0,5118,0
2026011802,836780560_13_1768731158,济南RW侠,挽墨,小乔,1,0,6,7.0,6410,1
2026011802,836780560_13_1768731158,杭州LGD.NBW,小落,夏洛特,1,1,1,2.0,7666,0
2026011802,836780560_13_1768731158,杭州LGD.NBW,九尾,女娲,0,1,1,1.0,6118,0
2026011802,836780560_13_1768731158,济南RW侠,今屿,元流之子(坦克),2,0,5,7.0,8154,1
2026011802,836780560_13_1768731158,济南RW侠,佩恩,戈娅,5,0,2,7.0,9509,1
2026011802,836780560_13_1768731158,济南RW侠,梦溪,少司缘,0,1,7,7.0,5857,1
2026011802,836780560_15_1768735131,济南RW侠,小度,马超,2,0,2,4.0,16241,1
2026011802,836780560_15_1768735131,杭州LGD.NBW,米苏,大司命,1,1,2,3.0,13231,0
2026011802,836780560_15_1768735131,杭州LGD.NBW,小久,蚩奼,1,2,1,1.0,12235,0
2026011802,836780560_15_1768735131,杭州LGD.NBW,小崽,张飞,0,1,3,3.0,8818,0
2026011802,836780560_15_1768735131,济南RW侠,挽墨,女娲,3,1,4,7.0,12691,1
2026011802,836780560_15_1768735131,杭州LGD.NBW,小落,蒙恬,0,1,1,1.0,11572,0
2026011802,836780560_15_1768735131,杭州LGD.NBW,九尾,嬴政,1,2,1,1.0,12311,0
2026011802,836780560_15_1768735131,济南RW侠,今屿,橘右京,1,1,5,6.0,14389,1
2026011802,836780560_15_1768735131,济南RW侠,佩恩,敖隐,1,0,3,4.0,14914,1
2026011802,836780560_15_1768735131,济南RW侠,梦溪,苏烈,0,1,4,4.0,9852,1
2026011802,836780560_11_1768727340,济南RW侠,小度,夏洛特,4,1,3,7.0,10936,1
2026011802,836780560_11_1768727340,杭州LGD.NBW,米苏,元流之子(坦克),1,3,4,1.7,7732,0
2026011802,836780560_11_1768727340,杭州LGD.NBW,小久,敖隐,2,2,3,2.5,9373,0
2026011802,836780560_11_1768727340,杭州LGD.NBW,小崽,鲁班大师,1,1,6,7.0,6519,0
2026011802,836780560_11_1768727340,济南RW侠,挽墨,沈梦溪,2,1,7,9.0,8238,1
2026011802,836780560_11_1768727340,杭州LGD.NBW,小落,曹操,1,2,4,2.5,9284,0
2026011802,836780560_11_1768727340,杭州LGD.NBW,九尾,嫦娥,2,3,4,2.0,7931,0
2026011802,836780560_11_1768727340,济南RW侠,今屿,裴擒虎,3,2,6,4.5,11165,1
2026011802,836780560_11_1768727340,济南RW侠,佩恩,狄仁杰,1,1,7,8.0,10013,1
2026011802,836780560_11_1768727340,济南RW侠,梦溪,张飞,1,2,10,5.5,7985,1
2026011402,48251408_38_1768388487,重庆狼队,信,少司缘,0,3,6,2.0,8408,0
2026011402,48251408_38_1768388487,深圳DYG,向鱼,沈梦溪,1,1,4,5.0,9703,1
2026011402,48251408_38_1768388487,深圳DYG,小乐,蒙恬,1,2,5,3.0,9788,1
2026011402,48251408_38_1768388487,深圳DYG,落空,太乙真人,1,2,5,3.0,9119,1
2026011402,48251408_38_1768388487,重庆狼队,紫幻,西施,2,1,4,6.0,8611,0
2026011402,48251408_38_1768388487,深圳DYG,小轩,娜可露露,3,2,6,4.5,15609,1
2026011402,48251408_38_1768388487,重庆狼队,小胖,猪八戒,0,4,4,1.0,10094,0
2026011402,48251408_38_1768388487,深圳DYG,钎城,孙尚香,4,0,3,7.0,14408,1
2026011402,48251408_38_1768388487,重庆狼队,道崽,戈娅,4,0,3,7.0,14419,0
2026011402,48251408_38_1768388487,重庆狼队,归期,影,1,2,1,1.0,11874,0
2026013103,48251408_26_1769860863,西安WE,明崽,杨玉环,0,1,1,1.0,6580,0
2026013103,48251408_26_1769860863,重庆狼队,信,刘邦,0,0,8,8.0,7569,1
2026013103,48251408_26_1769860863,重庆狼队,皖皖,暃,6,0,1,7.0,11864,1
2026013103,48251408_26_1769860863,西安WE,文涛,吕布,0,3,1,0.3,6782,0
2026013103,48251408_26_1769860863,西安WE,子意,橘右京,0,1,1,1.0,9517,0
2026013103,48251408_26_1769860863,西安WE,昭珏,艾琳,1,2,0,0.5,8802,0
2026013103,48251408_26_1769860863,重庆狼队,紫幻,沈梦溪,1,0,5,6.0,8339,1
2026013103,48251408_26_1769860863,西安WE,忆安,空空儿,0,1,1,1.0,5990,0
2026013103,48251408_26_1769860863,重庆狼队,清清,狂铁,0,1,5,5.0,9556,1
2026013103,48251408_26_1769860863,重庆狼队,道崽,敖隐,1,0,6,7.0,10436,1
2026013001,836780560_2_1769752856,上海RNG.M,雨空,甄姬,0,0,4,4.0,7466,1
2026013001,836780560_2_1769752856,杭州LGD.NBW,米苏,杨戬,2,1,0,2.0,8506,0
2026013001,836780560_2_1769752856,上海RNG.M,极光,敖隐,3,0,1,4.0,10916,1
2026013001,836780560_2_1769752856,上海RNG.M,久酷,元流之子(辅助),0,0,4,4.0,7306,1
2026013001,836780560_2_1769752856,杭州LGD.NBW,小久,扁鹊,0,0,1,1.0,7728,0
2026013001,836780560_2_1769752856,杭州LGD.NBW,小崽,鲁班大师,0,1,2,2.0,5966,0
2026013001,836780560_2_1769752856,杭州LGD.NBW,小落,蚩奼,0,1,1,1.0,10390,0
2026013001,836780560_2_1769752856,杭州LGD.NBW,九尾,安琪拉,0,1,2,2.0,6414,0
2026013001,836780560_2_1769752856,上海RNG.M,航航,夏侯惇,0,1,3,3.0,9015,1
2026013001,836780560_2_1769752856,上海RNG.M,小困,司空震,1,1,2,3.0,10291,1
2026013001,836780560_6_1769760582,上海RNG.M,雨空,小乔,3,2,6,4.5,7292,0
2026013001,836780560_6_1769760582,杭州LGD.NBW,米苏,云缨,2,2,8,5.0,10832,1
2026013001,836780560_6_1769760582,上海RNG.M,久酷,鲁班大师,1,2,15,8.0,7295,0
2026013001,836780560_6_1769760582,杭州LGD.NBW,小久,公孙离,4,3,5,3.0,10535,1
2026013001,836780560_6_1769760582,杭州LGD.NBW,小崽,张飞,1,3,8,3.0,7513,1
2026013001,836780560_6_1769760582,杭州LGD.NBW,小落,曹操,4,2,5,4.5,11475,1
2026013001,836780560_6_1769760582,杭州LGD.NBW,九尾,海月,4,6,7,1.8,9091,1
2026013001,836780560_6_1769760582,上海RNG.M,航航,杨戬,8,5,4,2.4,10235,0
2026013001,836780560_6_1769760582,上海RNG.M,小困,影,1,2,7,4.0,10781,0
2026013001,836780560_6_1769760582,上海RNG.M,润润,虞姬,3,4,5,2.0,9724,0
2026012901,48251408_16_1769668504,无锡TCG,光明,曹操,3,2,3,3.0,11047,0
2026012901,48251408_16_1769668504,无锡TCG,安凉,橘右京,1,4,4,1.3,9859,0
2026012901,48251408_16_1769668504,上海EDG.M,花卷,嬴政,1,0,9,10.0,10362,1
2026012901,48251408_16_1769668504,无锡TCG,北觅,孙尚香,4,1,2,6.0,12008,0
2026012901,48251408_16_1769668504,上海EDG.M,小泽,司空震,8,0,2,10.0,14331,1
2026012901,48251408_16_1769668504,上海EDG.M,凌云,艾琳,2,3,8,3.3,11098,1
2026012901,48251408_16_1769668504,无锡TCG,清弦,小乔,0,3,6,2.0,7585,0
2026012901,48251408_16_1769668504,上海EDG.M,夏凌,夏侯惇,2,2,8,5.0,9921,1
2026012901,48251408_16_1769668504,上海EDG.M,涛,盾山,0,3,11,3.7,7753,1
2026012901,48251408_16_1769668504,无锡TCG,数字,太乙真人,0,3,8,2.7,7643,0
2026020103,501236240_13_1769950811,成都AG超玩会,大帅,张飞,1,1,11,12.0,7693,1
2026020103,501236240_13_1769950811,成都AG超玩会,染详,暃,4,1,4,8.0,10929,1
2026020103,501236240_13_1769950811,无锡TCG,安凉,橘右京,0,3,5,1.7,9143,0
2026020103,501236240_13_1769950811,成都AG超玩会,小凡,武则天,0,1,7,7.0,7999,1
2026020103,501236240_13_1769950811,成都AG超玩会,小俞,公孙离,6,2,3,4.5,11311,1
2026020103,501236240_13_1769950811,无锡TCG,北觅,戈娅,6,3,0,2.0,11112,0
2026020103,501236240_13_1769950811,成都AG超玩会,轩染,狂铁,1,2,5,3.0,8969,1
2026020103,501236240_13_1769950811,无锡TCG,大海,达摩,0,3,5,1.7,7104,0
2026020103,501236240_13_1769950811,无锡TCG,清弦,不知火舞,1,1,3,4.0,6556,0
2026020103,501236240_13_1769950811,无锡TCG,数字,空空儿,0,2,6,3.0,5842,0
2026011802,836780560_12_1768729265,济南RW侠,小度,狂铁,2,4,1,0.8,8270,0
2026011802,836780560_12_1768729265,杭州LGD.NBW,米苏,橘右京,6,2,7,6.5,10502,1
2026011802,836780560_12_1768729265,杭州LGD.NBW,小久,戈娅,4,0,9,13.0,10470,1
2026011802,836780560_12_1768729265,杭州LGD.NBW,小崽,空空儿,0,3,11,3.7,6815,1
2026011802,836780560_12_1768729265,济南RW侠,挽墨,不知火舞,1,3,4,1.7,7187,0
2026011802,836780560_12_1768729265,杭州LGD.NBW,小落,马超,2,2,7,4.5,9850,1
2026011802,836780560_12_1768729265,杭州LGD.NBW,九尾,杨玉环,1,1,12,13.0,8282,1
2026011802,836780560_12_1768729265,济南RW侠,今屿,镜,1,2,5,3.0,9792,0
2026011802,836780560_12_1768729265,济南RW侠,佩恩,公孙离,4,1,0,4.0,10297,0
2026011802,836780560_12_1768729265,济南RW侠,梦溪,刘邦,0,3,4,1.3,6479,0
2026012801,48251408_4_1769582955,上海RNG.M,雨空,小乔,5,0,1,6.0,9575,1
2026012801,48251408_4_1769582955,济南RW侠,小度,夏洛特,0,1,1,1.0,10196,0
2026012801,48251408_4_1769582955,上海RNG.M,极光,敖隐,0,0,6,6.0,11140,1
2026012801,48251408_4_1769582955,上海RNG.M,久酷,鲁班大师,0,2,8,4.0,7798,1
2026012801,48251408_4_1769582955,济南RW侠,挽墨,沈梦溪,0,1,3,3.0,8302,0
2026012801,48251408_4_1769582955,济南RW侠,今屿,裴擒虎,0,1,3,3.0,10670,0
2026012801,48251408_4_1769582955,上海RNG.M,小困,蚩奼,3,0,4,7.0,12746,1
2026012801,48251408_4_1769582955,济南RW侠,佩恩,狄仁杰,1,1,2,3.0,9317,0
2026012801,48251408_4_1769582955,上海RNG.M,赤辰,杨戬,1,1,8,9.0,11775,1
2026012801,48251408_4_1769582955,济南RW侠,梦溪,东皇太一,2,5,1,0.6,7255,0
2026012801,48251408_6_1769586878,上海RNG.M,雨空,姜子牙,0,1,0,0.0,8364,0
2026012801,48251408_6_1769586878,济南RW侠,小度,狂铁,0,0,9,9.0,12397,1
2026012801,48251408_6_1769586878,上海RNG.M,极光,戈娅,0,0,0,0.0,11940,0
2026012801,48251408_6_1769586878,上海RNG.M,久酷,少司缘,0,0,0,0.0,8094,0
2026012801,48251408_6_1769586878,济南RW侠,挽墨,小乔,4,0,5,9.0,12154,1
2026012801,48251408_6_1769586878,济南RW侠,今屿,宫本武藏,4,0,5,9.0,14477,1
2026012801,48251408_6_1769586878,上海RNG.M,小困,马超,0,5,0,0.0,11188,0
2026012801,48251408_6_1769586878,济南RW侠,佩恩,蚩奼,3,0,5,8.0,12438,1
2026012801,48251408_6_1769586878,上海RNG.M,赤辰,大司命,0,5,0,0.0,9984,0
2026012801,48251408_6_1769586878,济南RW侠,梦溪,苏烈,0,0,11,11.0,9075,1
2026011702,48251408_68_1768641636,无锡TCG,光明,狂铁,0,2,7,3.5,8536,1
2026011702,48251408_68_1768641636,桐乡情久,陌冷,戈娅,0,3,2,0.7,8640,0
2026011702,48251408_68_1768641636,无锡TCG,安凉,杨戬,3,1,4,7.0,8595,1
2026011702,48251408_68_1768641636,桐乡情久,深巅,暃,0,2,3,1.5,9300,0
2026011702,48251408_68_1768641636,无锡TCG,北觅,公孙离,3,1,5,8.0,9674,1
2026011702,48251408_68_1768641636,无锡TCG,清弦,沈梦溪,5,2,2,3.5,8044,1
2026011702,48251408_68_1768641636,桐乡情久,久寒,不知火舞,4,2,1,2.5,6691,0
2026011702,48251408_68_1768641636,桐乡情久,楠枫,空空儿,0,3,3,1.0,5612,0
2026011702,48251408_68_1768641636,无锡TCG,数字,朵莉亚,1,0,10,11.0,6316,1
2026011702,48251408_68_1768641636,桐乡情久,无玄,曹操,2,2,1,1.5,9275,0
2026011603,836780560_4_1768565853,杭州LGD.NBW,米苏,猪八戒,0,1,0,0.0,8749,0
2026011603,836780560_4_1768565853,杭州LGD.NBW,小久,艾琳,0,1,0,0.0,11190,0
2026011603,836780560_4_1768565853,重庆狼队,信,苏烈,1,0,6,7.0,8171,1
2026011603,836780560_4_1768565853,重庆狼队,皖皖,大司命,1,0,5,6.0,12315,1
2026011603,836780560_4_1768565853,杭州LGD.NBW,小崽,盾山,0,1,0,0.0,7715,0
2026011603,836780560_4_1768565853,重庆狼队,紫幻,小乔,1,0,6,7.0,12557,1
2026011603,836780560_4_1768565853,杭州LGD.NBW,小落,夏洛特,0,4,0,0.0,10817,0
2026011603,836780560_4_1768565853,杭州LGD.NBW,九尾,沈梦溪,0,1,0,0.0,9856,0
2026011603,836780560_4_1768565853,重庆狼队,清清,关羽,2,0,5,7.0,12947,1
2026011603,836780560_4_1768565853,重庆狼队,道崽,蚩奼,3,0,3,6.0,12728,1
2026012801,48251408_7_1769588879,上海RNG.M,雨空,不知火舞,0,1,1,1.0,8515,0
2026012801,48251408_7_1769588879,济南RW侠,小度,马超,1,0,7,8.0,13322,1
2026012801,48251408_7_1769588879,上海RNG.M,极光,孙尚香,1,2,1,1.0,11079,0
2026012801,48251408_7_1769588879,上海RNG.M,久酷,张飞,1,2,0,0.5,7584,0
2026012801,48251408_7_1769588879,济南RW侠,挽墨,嫦娥,2,1,3,5.0,10722,1
2026012801,48251408_7_1769588879,济南RW侠,今屿,杨戬,4,0,4,8.0,13560,1
2026012801,48251408_7_1769588879,上海RNG.M,小困,影,0,1,2,2.0,11206,0
2026012801,48251408_7_1769588879,济南RW侠,佩恩,苍,2,0,5,7.0,15042,1
2026012801,48251408_7_1769588879,上海RNG.M,赤辰,露娜,0,3,0,0.0,13099,0
2026012801,48251408_7_1769588879,济南RW侠,梦溪,太乙真人,0,1,6,6.0,8894,1
2026013001,836780560_4_1769756847,上海RNG.M,雨空,不知火舞,1,1,8,9.0,10551,1
2026013001,836780560_4_1769756847,杭州LGD.NBW,米苏,阿古朵,3,4,3,1.5,9095,0
2026013001,836780560_4_1769756847,上海RNG.M,久酷,廉颇,0,3,9,3.0,8357,1
2026013001,836780560_4_1769756847,杭州LGD.NBW,小久,苍,1,3,4,1.7,10919,0
2026013001,836780560_4_1769756847,杭州LGD.NBW,小崽,苏烈,1,2,6,3.5,7668,0
2026013001,836780560_4_1769756847,杭州LGD.NBW,小落,老夫子,2,2,2,2.0,10282,0
2026013001,836780560_4_1769756847,杭州LGD.NBW,九尾,沈梦溪,0,5,5,1.0,8955,0
2026013001,836780560_4_1769756847,上海RNG.M,航航,铠,1,2,9,5.0,9525,1
2026013001,836780560_4_1769756847,上海RNG.M,小困,马超,9,1,3,12.0,14838,1
2026013001,836780560_4_1769756847,上海RNG.M,润润,艾琳,5,0,6,11.0,13650,1
2026011702,48251408_70_1768645325,无锡TCG,光明,蚩奼,3,3,2,1.7,9702,0
2026011702,48251408_70_1768645325,桐乡情久,陌冷,公孙离,7,1,5,12.0,12159,1
2026011702,48251408_70_1768645325,无锡TCG,安凉,夏侯惇,0,4,5,1.3,7475,0
2026011702,48251408_70_1768645325,桐乡情久,深巅,元流之子(坦克),2,2,7,4.5,8932,1
2026011702,48251408_70_1768645325,无锡TCG,北觅,苍,0,1,4,4.0,9431,0
2026011702,48251408_70_1768645325,无锡TCG,清弦,海月,0,4,4,1.0,6962,0
2026011702,48251408_70_1768645325,桐乡情久,久寒,海诺,3,0,10,13.0,8746,1
2026011702,48251408_70_1768645325,桐乡情久,楠枫,张飞,0,1,13,13.0,7650,1
2026011702,48251408_70_1768645325,无锡TCG,数字,少司缘,2,3,2,1.3,6898,0
2026011702,48251408_70_1768645325,桐乡情久,无玄,夏洛特,3,1,9,12.0,11482,1
2026012801,48251408_5_1769584924,上海RNG.M,雨空,金蝉,1,3,1,0.7,7842,0
2026012801,48251408_5_1769584924,济南RW侠,小度,关羽,3,2,6,4.5,11192,1
2026012801,48251408_5_1769584924,上海RNG.M,极光,孙权,1,3,1,0.7,10705,0
2026012801,48251408_5_1769584924,上海RNG.M,久酷,苏烈,0,3,2,0.7,6841,0
2026012801,48251408_5_1769584924,济南RW侠,挽墨,女娲,2,0,13,15.0,10819,1
2026012801,48251408_5_1769584924,济南RW侠,今屿,元流之子(坦克),5,0,9,14.0,13098,1
2026012801,48251408_5_1769584924,上海RNG.M,小困,狂铁,0,4,3,0.8,8690,0
2026012801,48251408_5_1769584924,济南RW侠,佩恩,戈娅,7,1,7,14.0,12963,1
2026012801,48251408_5_1769584924,上海RNG.M,赤辰,橘右京,1,4,2,0.8,10963,0
2026012801,48251408_5_1769584924,济南RW侠,梦溪,张飞,0,0,11,11.0,8477,1
2026011702,48251408_69_1768643540,无锡TCG,光明,司空震,2,0,2,4.0,8228,1
2026011702,48251408_69_1768643540,桐乡情久,陌冷,伽罗,0,2,0,0.0,8608,0
2026011702,48251408_69_1768643540,无锡TCG,安凉,马超,4,0,0,4.0,10269,1
2026011702,48251408_69_1768643540,桐乡情久,深巅,阿古朵,0,1,0,0.0,7259,0
2026011702,48251408_69_1768643540,无锡TCG,北觅,孙尚香,0,0,2,2.0,9541,1
2026011702,48251408_69_1768643540,无锡TCG,清弦,弈星,0,0,4,4.0,5765,1
2026011702,48251408_69_1768643540,桐乡情久,久寒,沈梦溪,0,1,0,0.0,5969,0
2026011702,48251408_69_1768643540,桐乡情久,楠枫,盾山,0,1,0,0.0,5353,0
2026011702,48251408_69_1768643540,无锡TCG,数字,苏烈,0,0,5,5.0,5755,1
2026011702,48251408_69_1768643540,桐乡情久,无玄,狂铁,0,1,0,0.0,8251,0
2026012801,48251408_3_1769580066,济南RW侠,小度,司空震,2,1,7,9.0,21824,0
2026012801,48251408_3_1769580066,上海RNG.M,极光,艾琳,4,2,6,5.0,23396,1
2026012801,48251408_3_1769580066,上海RNG.M,久酷,盾山,0,3,8,2.7,14798,1
2026012801,48251408_3_1769580066,上海RNG.M,小优,沈梦溪,0,1,8,8.0,18965,1
2026012801,48251408_3_1769580066,济南RW侠,挽墨,安琪拉,1,2,12,6.5,16479,0
2026012801,48251408_3_1769580066,济南RW侠,今屿,大司命,6,5,5,2.2,18922,0
2026012801,48251408_3_1769580066,上海RNG.M,小困,夏洛特,4,3,3,2.3,21176,1
2026012801,48251408_3_1769580066,济南RW侠,佩恩,敖隐,5,2,6,5.5,20414,0
2026012801,48251408_3_1769580066,上海RNG.M,赤辰,夏侯惇,3,5,4,1.4,16933,1
2026012801,48251408_3_1769580066,济南RW侠,梦溪,空空儿,0,1,11,11.0,14584,0
2026011702,48251408_72_1768649037,无锡TCG,光明,夏洛特,0,1,1,1.0,7110,0
2026011702,48251408_72_1768649037,桐乡情久,陌冷,狄仁杰,0,0,6,6.0,8969,1
2026011702,48251408_72_1768649037,无锡TCG,安凉,裴擒虎,1,2,0,0.5,8014,0
2026011702,48251408_72_1768649037,桐乡情久,深巅,大司命,1,0,6,7.0,8256,1
2026011702,48251408_72_1768649037,无锡TCG,北觅,敖隐,0,1,1,1.0,7294,0
2026011702,48251408_72_1768649037,无锡TCG,清弦,甄姬,0,3,1,0.3,4830,0
2026011702,48251408_72_1768649037,桐乡情久,久寒,王昭君,3,0,4,7.0,6294,1
2026011702,48251408_72_1768649037,桐乡情久,楠枫,鲁班大师,0,1,5,5.0,5333,1
2026011702,48251408_72_1768649037,无锡TCG,数字,张飞,0,1,1,1.0,4324,0
2026011702,48251408_72_1768649037,桐乡情久,无玄,马超,4,0,0,4.0,9757,1
2026020401,434127376_9_1770186914,长沙TES.A,星河,张飞,0,2,2,1.0,6628,0
2026020401,434127376_9_1770186914,长沙TES.A,无幻,曹操,0,2,0,0.0,10125,0
2026020401,434127376_9_1770186914,南通Hero久竞,落尘,橘右京,3,0,3,6.0,13358,1
2026020401,434127376_9_1770186914,长沙TES.A,小小飞,公孙离,0,3,1,0.3,9831,0
2026020401,434127376_9_1770186914,南通Hero久竞,白清,空空儿,1,1,6,7.0,7321,1
2026020401,434127376_9_1770186914,南通Hero久竞,玖熙,沈梦溪,2,0,4,6.0,8195,1
2026020401,434127376_9_1770186914,南通Hero久竞,坦然,司空震,3,1,6,9.0,11673,1
2026020401,434127376_9_1770186914,长沙TES.A,景诗,海诺,0,1,0,0.0,7905,0
2026020401,434127376_9_1770186914,南通Hero久竞,妖刀,戈娅,0,0,6,6.0,10600,1
2026020401,434127376_9_1770186914,长沙TES.A,书源,暃,2,1,0,2.0,10007,0
2026020401,434127376_8_1770184844,长沙TES.A,星河,鲁班大师,0,1,1,1.0,4933,0
2026020401,434127376_8_1770184844,长沙TES.A,无幻,蒙恬,0,3,0,0.0,6319,0
2026020401,434127376_8_1770184844,南通Hero久竞,落尘,阿古朵,4,0,4,8.0,8885,1
2026020401,434127376_8_1770184844,长沙TES.A,小小飞,蚩奼,1,1,1,2.0,8224,0
2026020401,434127376_8_1770184844,南通Hero久竞,白清,盾山,0,1,9,9.0,5420,1
2026020401,434127376_8_1770184844,南通Hero久竞,玖熙,武则天,2,0,7,9.0,6847,1
2026020401,434127376_8_1770184844,南通Hero久竞,坦然,曹操,2,1,4,6.0,8662,1
2026020401,434127376_8_1770184844,长沙TES.A,景诗,海月,1,3,0,0.3,4856,0
2026020401,434127376_8_1770184844,南通Hero久竞,妖刀,李元芳,3,0,4,7.0,8859,1
2026020401,434127376_8_1770184844,长沙TES.A,书源,云缨,0,3,1,0.3,7010,0
2026020401,434127376_10_1770189028,长沙TES.A,星河,少司缘,0,3,5,1.7,8771,1
2026020401,434127376_10_1770189028,长沙TES.A,蓝桉,戈娅,6,3,2,2.7,13280,1
2026020401,434127376_10_1770189028,长沙TES.A,无幻,狂铁,3,0,4,7.0,12507,1
2026020401,434127376_10_1770189028,南通Hero久竞,落尘,哪吒,2,2,5,3.5,12670,0
2026020401,434127376_10_1770189028,南通Hero久竞,白清,苏烈,1,3,7,2.7,7845,0
2026020401,434127376_10_1770189028,南通Hero久竞,玖熙,杨玉环,0,3,7,2.3,9014,0
2026020401,434127376_10_1770189028,南通Hero久竞,坦然,关羽,0,1,5,5.0,9955,0
2026020401,434127376_10_1770189028,长沙TES.A,景诗,女娲,0,1,7,7.0,11039,1
2026020401,434127376_10_1770189028,南通Hero久竞,妖刀,敖隐,6,0,3,9.0,11585,0
2026020401,434127376_10_1770189028,长沙TES.A,书源,夏侯惇,0,2,7,3.5,9768,1
2026020403,1272988176_14_1770209091,济南RW侠,小度,狂铁,1,1,9,10.0,9518,1
2026020403,1272988176_14_1770209091,北京JDG,无畏,盾山,1,3,5,2.0,6066,0
2026020403,1272988176_14_1770209091,北京JDG,轻语,曹操,1,2,2,1.5,8511,0
2026020403,1272988176_14_1770209091,济南RW侠,挽墨,西施,5,2,5,5.0,8011,1
2026020403,1272988176_14_1770209091,北京JDG,小寒,艾琳,2,2,3,2.5,8445,0
2026020403,1272988176_14_1770209091,济南RW侠,今屿,哪吒,4,2,8,6.0,12384,1
2026020403,1272988176_14_1770209091,北京JDG,无双,暃,2,3,2,1.3,9903,0
2026020403,1272988176_14_1770209091,济南RW侠,佩恩,孙尚香,3,0,8,11.0,12339,1
2026020403,1272988176_14_1770209091,北京JDG,清融,不知火舞,0,4,5,1.3,6198,0
2026020403,1272988176_14_1770209091,济南RW侠,梦溪,太乙真人,1,1,11,12.0,7512,1
2026020403,1272988176_13_1770206658,济南RW侠,小度,影,3,2,3,3.0,12976,0
2026020403,1272988176_13_1770206658,北京JDG,无畏,张飞,0,2,8,4.0,9419,1
2026020403,1272988176_13_1770206658,北京JDG,轻语,夏洛特,0,2,7,3.5,13437,1
2026020403,1272988176_13_1770206658,济南RW侠,挽墨,不知火舞,1,3,5,2.0,9856,0
2026020403,1272988176_13_1770206658,北京JDG,小寒,公孙离,2,2,5,3.5,13165,1
2026020403,1272988176_13_1770206658,济南RW侠,今屿,橘右京,0,2,6,3.0,14504,0
2026020403,1272988176_13_1770206658,北京JDG,无双,镜,4,0,4,8.0,14684,1
2026020403,1272988176_13_1770206658,济南RW侠,佩恩,戈娅,3,1,1,4.0,13386,0
2026020403,1272988176_13_1770206658,北京JDG,清融,杨玉环,3,1,6,9.0,11112,1
2026020403,1272988176_13_1770206658,济南RW侠,梦溪,空空儿,0,1,5,5.0,9015,0
2026020403,1272988176_17_1770214903,济南RW侠,小度,夏洛特,1,0,1,2.0,14011,0
2026020403,1272988176_17_1770214903,北京JDG,无畏,墨子,0,0,4,4.0,8707,1
2026020403,1272988176_17_1770214903,北京JDG,轻语,马超,1,1,3,4.0,14767,1
2026020403,1272988176_17_1770214903,济南RW侠,挽墨,女娲,0,1,2,2.0,11193,0
2026020403,1272988176_17_1770214903,北京JDG,小寒,戈娅,2,0,3,5.0,14428,1
2026020403,1272988176_17_1770214903,济南RW侠,今屿,夏侯惇,0,3,0,0.0,11001,0
2026020403,1272988176_17_1770214903,北京JDG,无双,元流之子(坦克),0,1,2,2.0,11968,1
2026020403,1272988176_17_1770214903,济南RW侠,佩恩,敖隐,1,1,1,2.0,12875,0
2026020403,1272988176_17_1770214903,北京JDG,清融,嬴政,3,0,3,6.0,13634,1
2026020403,1272988176_17_1770214903,济南RW侠,梦溪,杨玉环,0,1,1,1.0,9250,0
2026020403,1272988176_15_1770210940,济南RW侠,小度,猪八戒,1,0,7,8.0,8994,1
2026020403,1272988176_15_1770210940,北京JDG,无畏,少司缘,0,2,2,1.0,6203,0
2026020403,1272988176_15_1770210940,北京JDG,轻语,蒙恬,0,4,0,0.0,6447,0
2026020403,1272988176_15_1770210940,济南RW侠,挽墨,沈梦溪,1,1,8,9.0,9077,1
2026020403,1272988176_15_1770210940,北京JDG,小寒,敖隐,2,1,0,2.0,8681,0
2026020403,1272988176_15_1770210940,济南RW侠,今屿,阿古朵,6,0,4,10.0,11563,1
2026020403,1272988176_15_1770210940,北京JDG,无双,云缨,0,3,0,0.0,7756,0
2026020403,1272988176_15_1770210940,济南RW侠,佩恩,蚩奼,2,0,5,7.0,9768,1
2026020403,1272988176_15_1770210940,北京JDG,清融,海诺,0,1,1,1.0,6875,0
2026020403,1272988176_15_1770210940,济南RW侠,梦溪,苏烈,1,1,9,10.0,7176,1
2026020103,501236240_12_1769949015,成都AG超玩会,大帅,少司缘,1,0,13,14.0,8526,1
2026020103,501236240_12_1769949015,成都AG超玩会,染详,铠,3,1,8,11.0,9372,1
2026020103,501236240_12_1769949015,无锡TCG,安凉,镜,1,1,1,2.0,9143,0
2026020103,501236240_12_1769949015,成都AG超玩会,小凡,海月,7,1,4,11.0,9900,1
2026020103,501236240_12_1769949015,成都AG超玩会,小俞,敖隐,2,0,10,12.0,11148,1
2026020103,501236240_12_1769949015,无锡TCG,北觅,公孙离,1,2,1,1.0,8586,0
2026020103,501236240_12_1769949015,成都AG超玩会,轩染,夏洛特,2,1,3,5.0,9758,1
2026020103,501236240_12_1769949015,无锡TCG,大海,曹操,0,4,2,0.5,7993,0
2026020103,501236240_12_1769949015,无锡TCG,清弦,姜子牙,1,3,2,1.0,6888,0
2026020103,501236240_12_1769949015,无锡TCG,数字,张飞,0,5,3,0.6,6009,0
2026020101,48251408_31_1769927582,佛山DRG,小小阳,杨戬,1,1,1,2.0,7091,0
2026020101,48251408_31_1769927582,佛山DRG,花缘,狂铁,1,2,1,1.0,7006,0
2026020101,48251408_31_1769927582,南通Hero久竞,落尘,橘右京,2,0,3,5.0,8458,1
2026020101,48251408_31_1769927582,佛山DRG,呆呆,朵莉亚,0,2,1,0.5,4592,0
2026020101,48251408_31_1769927582,佛山DRG,梦岚,戈娅,1,2,0,0.5,7125,0
2026020101,48251408_31_1769927582,南通Hero久竞,白清,空空儿,0,2,2,1.0,4474,1
2026020101,48251408_31_1769927582,南通Hero久竞,玖熙,女娲,2,0,4,6.0,7893,1
2026020101,48251408_31_1769927582,南通Hero久竞,坦然,夏洛特,1,1,2,3.0,7652,1
2026020101,48251408_31_1769927582,南通Hero久竞,妖刀,敖隐,3,0,2,5.0,8542,1
2026020101,48251408_31_1769927582,佛山DRG,柚子,沈梦溪,0,1,2,2.0,5310,0
2026020401,434127376_12_1770193080,长沙TES.A,星河,太乙真人,0,1,1,1.0,6356,0
2026020401,434127376_12_1770193080,长沙TES.A,蓝桉,敖隐,0,2,2,1.0,9732,0
2026020401,434127376_12_1770193080,长沙TES.A,无幻,关羽,2,1,0,2.0,9752,0
2026020401,434127376_12_1770193080,南通Hero久竞,落尘,元流之子(坦克),2,0,4,6.0,10811,1
2026020401,434127376_12_1770193080,南通Hero久竞,白清,墨子,0,1,6,6.0,6648,1
2026020401,434127376_12_1770193080,南通Hero久竞,玖熙,小乔,2,0,3,5.0,8505,1
2026020401,434127376_12_1770193080,南通Hero久竞,坦然,白起,0,1,5,5.0,9664,1
2026020401,434127376_12_1770193080,长沙TES.A,景诗,王昭君,0,2,2,1.0,6584,0
2026020401,434127376_12_1770193080,南通Hero久竞,妖刀,百里守约,3,0,4,7.0,11218,1
2026020401,434127376_12_1770193080,长沙TES.A,书源,橘右京,0,1,1,1.0,11490,0
2026020101,48251408_32_1769929307,佛山DRG,小小阳,铠,1,1,9,10.0,7714,1
2026020101,48251408_32_1769929307,佛山DRG,花缘,蚩奼,4,3,4,2.7,10062,1
2026020101,48251408_32_1769929307,南通Hero久竞,落尘,元流之子(坦克),4,4,2,1.5,8556,0
2026020101,48251408_32_1769929307,佛山DRG,呆呆,盾山,1,2,13,7.0,6966,1
2026020101,48251408_32_1769929307,佛山DRG,梦岚,狄仁杰,6,1,6,12.0,10510,1
2026020101,48251408_32_1769929307,南通Hero久竞,白清,鲁班大师,0,3,6,2.0,6034,0
2026020101,48251408_32_1769929307,南通Hero久竞,玖熙,武则天,0,2,2,1.0,6082,0
2026020101,48251408_32_1769929307,南通Hero久竞,坦然,曹操,1,4,4,1.3,8075,0
2026020101,48251408_32_1769929307,南通Hero久竞,妖刀,艾琳,2,1,2,4.0,10052,0
2026020101,48251408_32_1769929307,佛山DRG,柚子,女娲,2,0,11,13.0,8106,1
2026013001,836780560_3_1769755067,上海RNG.M,雨空,海诺,1,2,2,1.5,6292,0
2026013001,836780560_3_1769755067,杭州LGD.NBW,米苏,大司命,4,1,8,12.0,8598,1
2026013001,836780560_3_1769755067,上海RNG.M,极光,公孙离,1,5,4,1.0,7624,0
2026013001,836780560_3_1769755067,上海RNG.M,久酷,张飞,0,3,5,1.7,5960,0
2026013001,836780560_3_1769755067,杭州LGD.NBW,小久,戈娅,2,1,12,14.0,9442,1
2026013001,836780560_3_1769755067,杭州LGD.NBW,小崽,空空儿,1,2,14,7.5,6705,1
2026013001,836780560_3_1769755067,杭州LGD.NBW,小落,马超,6,1,7,13.0,10490,1
2026013001,836780560_3_1769755067,杭州LGD.NBW,九尾,不知火舞,3,1,6,9.0,8291,1
2026013001,836780560_3_1769755067,上海RNG.M,航航,暃,4,3,2,2.0,9239,0
2026013001,836780560_3_1769755067,上海RNG.M,小困,夏洛特,0,3,1,0.3,7839,0
2026020501,48251408_44_1770277497,上海RNG.M,雨空,沈梦溪,2,0,4,6.0,9894,1
2026020501,48251408_44_1770277497,上海RNG.M,久酷,朵莉亚,0,1,7,7.0,9253,1
2026020501,48251408_44_1770277497,无锡TCG,安凉,夏侯惇,1,2,6,3.5,10530,0
2026020501,48251408_44_1770277497,无锡TCG,北觅,敖隐,3,1,1,4.0,11979,0
2026020501,48251408_44_1770277497,上海RNG.M,樱花,影,3,3,2,1.7,13315,1
2026020501,48251408_44_1770277497,无锡TCG,大海,蚩奼,2,2,2,2.0,11979,0
2026020501,48251408_44_1770277497,无锡TCG,清弦,女娲,2,2,5,3.5,10811,0
2026020501,48251408_44_1770277497,上海RNG.M,航航,杨戬,0,4,4,1.0,11649,1
2026020501,48251408_44_1770277497,上海RNG.M,奕雨,虞姬,4,0,4,8.0,14990,1
2026020501,48251408_44_1770277497,无锡TCG,数字,空空儿,0,2,7,3.5,7909,0
2026012302,48251408_31_1769161108,长沙TES.A,帆帆,苏烈,1,2,14,7.5,9435,1
2026012302,48251408_31_1769161108,长沙TES.A,蓝桉,蚩奼,4,3,7,3.7,13369,1
2026012302,48251408_31_1769161108,长沙TES.A,无幻,姬小满,3,0,7,10.0,13432,1
2026012302,48251408_31_1769161108,上海EDG.M,花卷,西施,0,2,5,2.5,7361,0
2026012302,48251408_31_1769161108,上海EDG.M,小泽,司空震,1,2,2,1.5,12018,0
2026012302,48251408_31_1769161108,上海EDG.M,凌云,敖隐,3,1,3,6.0,12614,0
2026012302,48251408_31_1769161108,上海EDG.M,夏凌,云缨,1,5,3,0.8,11611,0
2026012302,48251408_31_1769161108,长沙TES.A,景诗,女娲,2,0,11,13.0,10799,1
2026012302,48251408_31_1769161108,上海EDG.M,涛,盾山,1,5,3,0.8,7339,0
2026012302,48251408_31_1769161108,长沙TES.A,书源,杨戬,5,1,8,13.0,13612,1
2026011702,48251408_71_1768647123,无锡TCG,光明,达摩,0,2,1,0.5,8136,0
2026011702,48251408_71_1768647123,桐乡情久,陌冷,孙尚香,2,0,4,6.0,13337,1
2026011702,48251408_71_1768647123,无锡TCG,安凉,镜,1,1,0,1.0,10795,0
2026011702,48251408_71_1768647123,桐乡情久,深巅,杨戬,3,0,3,6.0,11120,1
2026011702,48251408_71_1768647123,无锡TCG,北觅,艾琳,0,1,0,0.0,11287,0
2026011702,48251408_71_1768647123,无锡TCG,清弦,武则天,0,1,0,0.0,7922,0
2026011702,48251408_71_1768647123,桐乡情久,久寒,杨玉环,0,0,5,5.0,9723,1
2026011702,48251408_71_1768647123,桐乡情久,楠枫,太乙真人,0,0,6,6.0,8757,1
2026011702,48251408_71_1768647123,无锡TCG,数字,盾山,0,1,0,0.0,6504,0
2026011702,48251408_71_1768647123,桐乡情久,无玄,关羽,1,1,2,3.0,11533,1
2026020501,48251408_42_1770273405,上海RNG.M,雨空,西施,0,2,3,1.5,8192,0
2026020501,48251408_42_1770273405,上海RNG.M,久酷,张飞,0,3,8,2.7,8245,0
2026020501,48251408_42_1770273405,无锡TCG,安凉,元流之子(坦克),2,1,6,8.0,11411,1
2026020501,48251408_42_1770273405,无锡TCG,北觅,鲁班七号,5,2,6,5.5,14321,1
2026020501,48251408_42_1770273405,上海RNG.M,樱花,曹操,3,2,2,2.5,13049,0
2026020501,48251408_42_1770273405,无锡TCG,大海,夏洛特,4,1,7,11.0,13773,1
2026020501,48251408_42_1770273405,无锡TCG,清弦,小乔,2,4,6,2.0,8730,1
2026020501,48251408_42_1770273405,上海RNG.M,航航,裴擒虎,5,4,1,1.5,14310,0
2026020501,48251408_42_1770273405,上海RNG.M,奕雨,敖隐,0,2,1,0.5,11542,0
2026020501,48251408_42_1770273405,无锡TCG,数字,鲁班大师,0,0,9,9.0,8372,1
2026020502,501236240_18_1770283693,西安WE,明崽,安琪拉,0,3,0,0.0,5985,0
2026020502,501236240_18_1770283693,成都AG超玩会,大帅,苏烈,0,0,7,7.0,6606,1
2026020502,501236240_18_1770283693,成都AG超玩会,染详,大司命,2,0,1,3.0,9331,1
2026020502,501236240_18_1770283693,西安WE,文涛,夏洛特,1,2,0,0.5,7482,0
2026020502,501236240_18_1770283693,成都AG超玩会,小凡,沈梦溪,1,1,5,6.0,8019,1
2026020502,501236240_18_1770283693,西安WE,子意,元流之子(坦克),0,1,1,1.0,7464,0
2026020502,501236240_18_1770283693,成都AG超玩会,小俞,蚩奼,4,0,3,7.0,9868,1
2026020502,501236240_18_1770283693,西安WE,昭珏,戈娅,0,1,0,0.0,7839,0
2026020502,501236240_18_1770283693,成都AG超玩会,轩染,司空震,2,0,4,6.0,10015,1
2026020502,501236240_18_1770283693,西安WE,忆安,少司缘,0,2,1,0.5,6004,0
2026020501,48251408_41_1770271358,上海RNG.M,雨空,女娲,0,1,9,9.0,10215,1
2026020501,48251408_41_1770271358,上海RNG.M,久酷,盾山,2,0,6,8.0,9210,1
2026020501,48251408_41_1770271358,无锡TCG,安凉,镜,2,2,1,1.5,12830,0
2026020501,48251408_41_1770271358,无锡TCG,北觅,孙尚香,1,0,0,1.0,15120,0
2026020501,48251408_41_1770271358,上海RNG.M,樱花,狂铁,2,0,6,8.0,12854,1
2026020501,48251408_41_1770271358,无锡TCG,大海,达摩,0,2,1,0.5,10075,0
2026020501,48251408_41_1770271358,无锡TCG,清弦,西施,0,1,1,1.0,7081,0
2026020501,48251408_41_1770271358,上海RNG.M,航航,云缨,1,2,6,3.5,12749,1
2026020501,48251408_41_1770271358,上海RNG.M,奕雨,艾琳,4,0,5,9.0,13614,1
2026020501,48251408_41_1770271358,无锡TCG,数字,太乙真人,0,4,3,0.8,7084,0
2026020403,1272988176_16_1770212697,济南RW侠,小度,关羽,3,5,3,1.2,12696,0
2026020403,1272988176_16_1770212697,北京JDG,无畏,鲁班大师,0,3,15,5.0,10190,1
2026020403,1272988176_16_1770212697,北京JDG,轻语,狂铁,1,1,13,14.0,13933,1
2026020403,1272988176_16_1770212697,济南RW侠,挽墨,海月,3,4,4,1.8,11590,0
2026020403,1272988176_16_1770212697,北京JDG,小寒,蚩奼,12,1,1,13.0,18698,1
2026020403,1272988176_16_1770212697,济南RW侠,今屿,裴擒虎,6,3,3,3.0,16430,0
2026020403,1272988176_16_1770212697,北京JDG,无双,橘右京,3,6,4,1.2,15688,1
2026020403,1272988176_16_1770212697,济南RW侠,佩恩,狄仁杰,1,4,8,2.3,13113,0
2026020403,1272988176_16_1770212697,北京JDG,清融,甄姬,2,2,8,5.0,11750,1
2026020403,1272988176_16_1770212697,济南RW侠,梦溪,廉颇,0,2,11,5.5,9611,0
2026020603,48251408_55_1770380241,重庆狼队,信,太乙真人,2,2,13,7.5,8628,1
2026020603,48251408_55_1770380241,重庆狼队,皖皖,云缨,2,1,12,14.0,12373,1
2026020603,48251408_55_1770380241,KSG,句号,宫本武藏,1,3,6,2.3,11667,0
2026020603,48251408_55_1770380241,KSG,小屿,艾琳,6,2,0,3.0,12985,0
2026020603,48251408_55_1770380241,KSG,流浪,沈梦溪,0,3,4,1.3,7458,0
2026020603,48251408_55_1770380241,KSG,无言,蒙恬,0,6,6,1.0,7197,0
2026020603,48251408_55_1770380241,重庆狼队,紫幻,小乔,5,1,7,12.0,11168,1
2026020603,48251408_55_1770380241,KSG,一笙,盾山,1,3,7,2.7,7361,0
2026020603,48251408_55_1770380241,重庆狼队,清清,关羽,0,3,13,4.3,10438,1
2026020603,48251408_55_1770380241,重庆狼队,道崽,孙尚香,8,1,4,12.0,13378,1
2026013102,1272988176_7_1769850223,广州TTG,萝卜,曹操,1,3,0,0.3,14782,0
2026013102,1272988176_7_1769850223,广州TTG,涵,空空儿,0,4,8,2.0,10728,0
2026013102,1272988176_7_1769850223,北京JDG,无畏,张飞,0,2,8,4.0,11902,1
2026013102,1272988176_7_1769850223,广州TTG,小雪,戈娅,2,3,2,1.3,16066,0
2026013102,1272988176_7_1769850223,北京JDG,轻语,司空震,1,0,4,5.0,18910,1
2026013102,1272988176_7_1769850223,广州TTG,佳心,橘右京,2,1,6,8.0,14646,0
2026013102,1272988176_7_1769850223,北京JDG,小寒,公孙离,2,3,8,3.3,15775,1
2026013102,1272988176_7_1769850223,北京JDG,无双,暃,7,2,4,5.5,17887,1
2026013102,1272988176_7_1769850223,广州TTG,鹤辞,安琪拉,4,1,2,6.0,12851,0
2026013102,1272988176_7_1769850223,北京JDG,清融,海诺,2,2,8,5.0,12826,1
2026013001,836780560_5_1769758785,上海RNG.M,雨空,姜子牙,1,3,2,1.0,6563,0
2026013001,836780560_5_1769758785,杭州LGD.NBW,米苏,橘右京,3,1,6,9.0,10344,1
2026013001,836780560_5_1769758785,上海RNG.M,久酷,少司缘,1,2,2,1.5,6545,0
2026013001,836780560_5_1769758785,杭州LGD.NBW,小久,敖隐,3,2,6,4.5,9187,1
2026013001,836780560_5_1769758785,杭州LGD.NBW,小崽,廉颇,1,0,11,12.0,7191,1
2026013001,836780560_5_1769758785,杭州LGD.NBW,小落,夏洛特,5,1,6,11.0,10861,1
2026013001,836780560_5_1769758785,杭州LGD.NBW,九尾,女娲,1,0,6,7.0,8402,1
2026013001,836780560_5_1769758785,上海RNG.M,航航,大司命,2,2,2,2.0,8378,0
2026013001,836780560_5_1769758785,上海RNG.M,小困,狂铁,0,3,2,0.7,7985,0
2026013001,836780560_5_1769758785,上海RNG.M,润润,戈娅,0,3,0,0.0,8555,0
2026013102,1272988176_8_1769852757,广州TTG,萝卜,狂铁,1,2,9,5.0,11993,1
2026013102,1272988176_8_1769852757,广州TTG,涵,苏烈,2,1,7,9.0,9512,1
2026013102,1272988176_8_1769852757,北京JDG,无畏,盾山,0,2,5,2.5,7906,0
2026013102,1272988176_8_1769852757,广州TTG,小雪,孙权,7,1,5,12.0,13716,1
2026013102,1272988176_8_1769852757,北京JDG,轻语,影,4,2,0,2.0,13633,0
2026013102,1272988176_8_1769852757,广州TTG,佳心,阿古朵,1,1,9,10.0,13442,1
2026013102,1272988176_8_1769852757,北京JDG,小寒,艾琳,2,3,3,1.7,12015,0
2026013102,1272988176_8_1769852757,北京JDG,无双,元流之子(坦克),0,4,3,0.8,8622,0
2026013102,1272988176_8_1769852757,广州TTG,鹤辞,沈梦溪,1,1,9,10.0,10263,1
2026013102,1272988176_8_1769852757,北京JDG,清融,嫦娥,0,1,5,5.0,10369,0
2026020603,48251408_57_1770384412,重庆狼队,信,少司缘,0,2,5,2.5,8553,1
2026020603,48251408_57_1770384412,重庆狼队,皖皖,夏侯惇,2,0,5,7.0,10305,1
2026020603,48251408_57_1770384412,KSG,句号,杨戬,0,3,1,0.3,8954,0
2026020603,48251408_57_1770384412,KSG,小屿,敖隐,2,0,0,2.0,10280,0
2026020603,48251408_57_1770384412,KSG,流浪,海月,0,1,2,2.0,8880,0
2026020603,48251408_57_1770384412,KSG,无言,夏洛特,1,1,1,2.0,8802,0
2026020603,48251408_57_1770384412,重庆狼队,紫幻,沈梦溪,3,0,4,7.0,11019,1
2026020603,48251408_57_1770384412,KSG,一笙,朵莉亚,0,2,1,0.5,6816,0
2026020603,48251408_57_1770384412,重庆狼队,清清,狂铁,1,1,2,3.0,11193,1
2026020603,48251408_57_1770384412,重庆狼队,道崽,苍,1,0,5,6.0,11607,1
2026020702,1272988176_21_1770456952,西安WE,明崽,安琪拉,1,1,0,1.0,5510,0
2026020702,1272988176_21_1770456952,北京JDG,无畏,盾山,0,0,9,9.0,5274,1
2026020702,1272988176_21_1770456952,西安WE,文涛,关羽,0,2,0,0.0,6036,0
2026020702,1272988176_21_1770456952,西安WE,子意,阿古朵,0,3,0,0.0,6999,0
2026020702,1272988176_21_1770456952,西安WE,昭珏,蚩奼,0,2,0,0.0,7140,0
2026020702,1272988176_21_1770456952,北京JDG,轻语,姬小满,4,1,4,8.0,8467,1
2026020702,1272988176_21_1770456952,北京JDG,小寒,艾琳,4,0,4,8.0,8290,1
2026020702,1272988176_21_1770456952,西安WE,忆安,苏烈,0,2,0,0.0,5171,0
2026020702,1272988176_21_1770456952,北京JDG,无双,元流之子(坦克),2,0,6,8.0,7013,1
2026020702,1272988176_21_1770456952,北京JDG,清融,武则天,0,0,8,8.0,6533,1
2026020502,501236240_19_1770285506,西安WE,明崽,西施,0,3,3,1.0,6402,0
2026020502,501236240_19_1770285506,成都AG超玩会,大帅,盾山,0,1,13,13.0,6893,1
2026020502,501236240_19_1770285506,成都AG超玩会,染详,阿古朵,3,2,7,5.0,9486,1
2026020502,501236240_19_1770285506,西安WE,文涛,蚩奼,1,2,2,1.5,8828,0
2026020502,501236240_19_1770285506,成都AG超玩会,小凡,嬴政,3,2,10,6.5,8082,1
2026020502,501236240_19_1770285506,西安WE,子意,哪吒,4,3,3,2.3,11220,0
2026020502,501236240_19_1770285506,成都AG超玩会,小俞,艾琳,2,1,10,12.0,10666,1
2026020502,501236240_19_1770285506,西安WE,昭珏,孙尚香,2,4,3,1.3,10937,0
2026020502,501236240_19_1770285506,成都AG超玩会,轩染,曹操,7,2,7,7.0,10402,1
2026020502,501236240_19_1770285506,西安WE,忆安,太乙真人,1,3,5,2.0,6499,0
2026020701,501236240_23_1770446180,成都AG超玩会,大帅,苏烈,0,1,4,4.0,6686,0
2026020701,501236240_23_1770446180,成都AG超玩会,染详,阿古朵,1,0,4,5.0,9266,0
2026020701,501236240_23_1770446180,成都AG超玩会,小凡,不知火舞,1,2,2,1.5,6596,0
2026020701,501236240_23_1770446180,南通Hero久竞,落尘,铠,3,1,1,4.0,9619,1
2026020701,501236240_23_1770446180,成都AG超玩会,小俞,艾琳,2,1,1,3.0,10107,0
2026020701,501236240_23_1770446180,成都AG超玩会,轩染,曹操,1,2,2,1.5,9375,0
2026020701,501236240_23_1770446180,南通Hero久竞,白清,张飞,0,1,6,6.0,6820,1
2026020701,501236240_23_1770446180,南通Hero久竞,玖熙,沈梦溪,0,1,4,4.0,7471,1
2026020701,501236240_23_1770446180,南通Hero久竞,坦然,狂铁,2,1,0,2.0,10227,1
2026020701,501236240_23_1770446180,南通Hero久竞,妖刀,戈娅,1,1,5,6.0,11005,1
2026020702,1272988176_20_1770454969,西安WE,明崽,小乔,0,1,4,4.0,7943,0
2026020702,1272988176_20_1770454969,北京JDG,无畏,张飞,0,1,7,7.0,7305,1
2026020702,1272988176_20_1770454969,西安WE,文涛,狂铁,1,4,1,0.5,7586,0
2026020702,1272988176_20_1770454969,西安WE,子意,夏侯惇,1,4,2,0.8,7690,0
2026020702,1272988176_20_1770454969,西安WE,昭珏,戈娅,2,2,1,1.5,9751,0
2026020702,1272988176_20_1770454969,北京JDG,轻语,夏洛特,4,2,5,4.5,10940,1
2026020702,1272988176_20_1770454969,北京JDG,小寒,公孙离,4,1,6,10.0,10808,1
2026020702,1272988176_20_1770454969,西安WE,忆安,空空儿,0,0,4,4.0,6320,0
2026020702,1272988176_20_1770454969,北京JDG,无双,大司命,3,0,6,9.0,10559,1
2026020702,1272988176_20_1770454969,北京JDG,清融,沈梦溪,0,0,10,10.0,8381,1
2026020701,501236240_26_1770451972,成都AG超玩会,大帅,张飞,0,3,1,0.3,4707,0
2026020701,501236240_26_1770451972,成都AG超玩会,染详,暃,0,2,1,0.5,6541,0
2026020701,501236240_26_1770451972,成都AG超玩会,小凡,海月,0,2,1,0.5,4632,0
2026020701,501236240_26_1770451972,南通Hero久竞,落尘,阿古朵,4,0,6,10.0,8652,1
2026020701,501236240_26_1770451972,成都AG超玩会,小俞,公孙离,2,1,0,2.0,8031,0
2026020701,501236240_26_1770451972,成都AG超玩会,轩染,夏洛特,0,3,2,0.7,5594,0
2026020701,501236240_26_1770451972,南通Hero久竞,白清,苏烈,0,1,10,10.0,5482,1
2026020701,501236240_26_1770451972,南通Hero久竞,玖熙,小乔,2,0,6,8.0,6199,1
2026020701,501236240_26_1770451972,南通Hero久竞,坦然,关羽,2,1,4,6.0,6891,1
2026020701,501236240_26_1770451972,南通Hero久竞,妖刀,苍,3,0,6,9.0,8648,1
2026020701,501236240_24_1770448010,成都AG超玩会,大帅,太乙真人,1,0,11,12.0,6203,1
2026020701,501236240_24_1770448010,成都AG超玩会,染详,诸葛亮,6,1,4,10.0,9486,1
2026020701,501236240_24_1770448010,成都AG超玩会,小凡,沈梦溪,0,0,12,12.0,6538,1
2026020701,501236240_24_1770448010,南通Hero久竞,落尘,夏侯惇,1,3,2,1.0,6780,0
2026020701,501236240_24_1770448010,成都AG超玩会,小俞,蚩奼,3,1,8,11.0,8532,1
2026020701,501236240_24_1770448010,成都AG超玩会,轩染,狂铁,2,1,8,10.0,8040,1
2026020701,501236240_24_1770448010,南通Hero久竞,白清,少司缘,0,1,3,3.0,5758,0
2026020701,501236240_24_1770448010,南通Hero久竞,玖熙,海月,0,4,3,0.8,5778,0
2026020701,501236240_24_1770448010,南通Hero久竞,坦然,白起,0,2,3,1.5,6637,0
2026020701,501236240_24_1770448010,南通Hero久竞,妖刀,孙权,2,2,1,1.5,8351,0
2026020701,501236240_25_1770449685,成都AG超玩会,大帅,空空儿,0,6,4,0.7,9625,0
2026020701,501236240_25_1770449685,成都AG超玩会,染详,裴擒虎,3,4,3,1.5,14593,0
2026020701,501236240_25_1770449685,成都AG超玩会,小凡,嫦娥,1,5,6,1.4,10810,0
2026020701,501236240_25_1770449685,南通Hero久竞,落尘,镜,6,1,4,10.0,17141,1
2026020701,501236240_25_1770449685,成都AG超玩会,小俞,戈娅,2,2,3,2.5,15899,0
2026020701,501236240_25_1770449685,成都AG超玩会,轩染,马超,1,3,6,2.3,14483,0
2026020701,501236240_25_1770449685,南通Hero久竞,白清,杨玉环,4,2,13,8.5,11226,1
2026020701,501236240_25_1770449685,南通Hero久竞,玖熙,武则天,2,1,16,18.0,10877,1
2026020701,501236240_25_1770449685,南通Hero久竞,坦然,夏洛特,4,2,8,6.0,14271,1
2026020701,501236240_25_1770449685,南通Hero久竞,妖刀,敖隐,4,1,10,14.0,17246,1
2026020703,1222656528_14_1770467335,北京WB,听悦,西施,1,1,5,6.0,10226,1
2026020703,1222656528_14_1770467335,深圳DYG,向鱼,女娲,2,2,6,4.0,11904,0
2026020703,1222656528_14_1770467335,深圳DYG,小乐,孙策,0,5,6,1.2,13209,0
2026020703,1222656528_14_1770467335,深圳DYG,落空,盾山,0,2,8,4.0,9020,0
2026020703,1222656528_14_1770467335,北京WB,玖欣,太乙真人,0,2,9,4.5,10066,1
2026020703,1222656528_14_1770467335,深圳DYG,小轩,阿古朵,2,3,3,1.7,14132,0
2026020703,1222656528_14_1770467335,北京WB,小麦,孙尚香,2,1,5,7.0,16923,1
2026020703,1222656528_14_1770467335,北京WB,梓墨,曹操,9,0,3,12.0,18138,1
2026020703,1222656528_14_1770467335,深圳DYG,钎城,蚩奼,4,2,2,3.0,15118,0
2026020703,1222656528_14_1770467335,北京WB,暖阳,大司命,2,4,7,2.3,13846,1
2026020502,501236240_17_1770281999,西安WE,明崽,不知火舞,0,1,0,0.0,5892,0
2026020502,501236240_17_1770281999,成都AG超玩会,大帅,鲁班大师,3,0,6,9.0,7166,1
2026020502,501236240_17_1770281999,成都AG超玩会,染详,裴擒虎,2,0,5,7.0,10337,1
2026020502,501236240_17_1770281999,西安WE,文涛,司空震,0,2,0,0.0,7498,0
2026020502,501236240_17_1770281999,成都AG超玩会,小凡,海诺,2,0,6,8.0,8746,1
2026020502,501236240_17_1770281999,西安WE,子意,阿古朵,1,1,0,1.0,7474,0
2026020502,501236240_17_1770281999,成都AG超玩会,小俞,李元芳,1,1,5,6.0,8393,1
2026020502,501236240_17_1770281999,西安WE,昭珏,敖隐,0,2,1,0.5,7544,0
2026020502,501236240_17_1770281999,成都AG超玩会,轩染,狂铁,1,0,6,7.0,9099,1
2026020502,501236240_17_1770281999,西安WE,忆安,盾山,0,3,1,0.3,5239,0
2026013003,501236240_5_1769783903,长沙TES.A,星河,苏烈,0,1,7,7.0,6631,1
2026013003,501236240_5_1769783903,成都AG超玩会,大帅,盾山,0,3,6,2.0,5759,0
2026013003,501236240_5_1769783903,长沙TES.A,蓝桉,蚩奼,3,2,1,2.0,10618,1
2026013003,501236240_5_1769783903,长沙TES.A,无幻,夏洛特,3,1,6,9.0,9822,1
2026013003,501236240_5_1769783903,成都AG超玩会,染详,阿古朵,0,1,3,3.0,7704,0
2026013003,501236240_5_1769783903,成都AG超玩会,小凡,武则天,2,1,4,6.0,7174,0
2026013003,501236240_5_1769783903,成都AG超玩会,小俞,艾琳,1,2,2,1.5,9260,0
2026013003,501236240_5_1769783903,成都AG超玩会,轩染,曹操,3,3,2,1.7,8798,0
2026013003,501236240_5_1769783903,长沙TES.A,景诗,海月,0,2,4,2.0,6192,1
2026013003,501236240_5_1769783903,长沙TES.A,书源,橘右京,4,0,4,8.0,11469,1
2026013003,501236240_7_1769787484,长沙TES.A,星河,太乙真人,1,2,3,2.0,5789,0
2026013003,501236240_7_1769787484,成都AG超玩会,大帅,少司缘,0,1,8,8.0,7130,1
2026013003,501236240_7_1769787484,长沙TES.A,蓝桉,公孙离,0,2,1,0.5,7854,0
2026013003,501236240_7_1769787484,长沙TES.A,无幻,司空震,0,2,3,1.5,7284,0
2026013003,501236240_7_1769787484,成都AG超玩会,染详,铠,2,0,5,7.0,7835,1
2026013003,501236240_7_1769787484,成都AG超玩会,小凡,海月,2,1,3,5.0,7247,1
2026013003,501236240_7_1769787484,成都AG超玩会,小俞,蚩奼,2,1,6,8.0,8964,1
2026013003,501236240_7_1769787484,成都AG超玩会,轩染,影,2,2,5,3.5,8586,1
2026013003,501236240_7_1769787484,长沙TES.A,景诗,安琪拉,2,1,2,4.0,6238,0
2026013003,501236240_7_1769787484,长沙TES.A,书源,裴擒虎,2,1,2,4.0,8928,0
2026020603,48251408_56_1770382536,重庆狼队,信,苏烈,2,1,7,9.0,7530,1
2026020603,48251408_56_1770382536,重庆狼队,皖皖,裴擒虎,2,1,6,8.0,11069,1
2026020603,48251408_56_1770382536,KSG,句号,阿古朵,1,2,3,2.0,7932,0
2026020603,48251408_56_1770382536,KSG,小屿,苍,0,0,4,4.0,10048,0
2026020603,48251408_56_1770382536,KSG,流浪,王昭君,0,3,3,1.0,5924,0
2026020603,48251408_56_1770382536,KSG,无言,马超,3,2,0,1.5,9596,0
2026020603,48251408_56_1770382536,重庆狼队,紫幻,海月,3,0,1,4.0,7571,1
2026020603,48251408_56_1770382536,KSG,一笙,张良,0,3,4,1.3,5918,0
2026020603,48251408_56_1770382536,重庆狼队,清清,孙策,3,2,6,4.5,10452,1
2026020603,48251408_56_1770382536,重庆狼队,道崽,敖隐,0,0,7,7.0,10454,1
2026020402,48251408_36_1770196470,桐乡情久,陌冷,艾琳,2,2,1,1.5,10681,0
2026020402,48251408_36_1770196470,KSG,句号,曜,1,2,11,6.0,11100,1
2026020402,48251408_36_1770196470,KSG,小屿,孙尚香,9,0,2,11.0,16394,1
2026020402,48251408_36_1770196470,KSG,流浪,西施,1,0,8,9.0,7702,1
2026020402,48251408_36_1770196470,KSG,无言,夏洛特,2,0,7,9.0,10851,1
2026020402,48251408_36_1770196470,桐乡情久,深巅,夏侯惇,0,4,2,0.5,8648,0
2026020402,48251408_36_1770196470,KSG,一笙,太乙真人,0,1,9,9.0,7700,1
2026020402,48251408_36_1770196470,桐乡情久,久寒,海月,1,3,2,1.0,7571,0
2026020402,48251408_36_1770196470,桐乡情久,楠枫,盾山,0,1,3,3.0,6941,0
2026020402,48251408_36_1770196470,桐乡情久,无玄,曹操,0,3,2,0.7,9772,0
2026020501,48251408_43_1770275528,上海RNG.M,雨空,海月,1,4,5,1.5,8122,1
2026020501,48251408_43_1770275528,上海RNG.M,久酷,苏烈,0,2,7,3.5,7464,1
2026020501,48251408_43_1770275528,无锡TCG,安凉,大司命,1,3,3,1.3,8315,0
2026020501,48251408_43_1770275528,无锡TCG,北觅,戈娅,4,2,1,2.5,11198,0
2026020501,48251408_43_1770275528,上海RNG.M,樱花,司空震,4,0,6,10.0,10889,1
2026020501,48251408_43_1770275528,无锡TCG,大海,曹操,0,3,3,1.0,8977,0
2026020501,48251408_43_1770275528,无锡TCG,清弦,武则天,1,3,3,1.3,7345,0
2026020501,48251408_43_1770275528,上海RNG.M,航航,镜,4,0,6,10.0,11484,1
2026020501,48251408_43_1770275528,上海RNG.M,奕雨,蚩奼,5,0,1,6.0,11047,1
2026020501,48251408_43_1770275528,无锡TCG,数字,少司缘,0,3,4,1.3,7115,0
2026020402,48251408_38_1770200061,桐乡情久,陌冷,戈娅,2,2,1,1.5,11508,0
2026020402,48251408_38_1770200061,KSG,句号,大司命,6,0,4,10.0,11199,1
2026020402,48251408_38_1770200061,KSG,小屿,后羿,4,2,6,5.0,12799,1
2026020402,48251408_38_1770200061,KSG,流浪,不知火舞,1,1,8,9.0,10006,1
2026020402,48251408_38_1770200061,KSG,无言,狂铁,2,0,9,11.0,11598,1
2026020402,48251408_38_1770200061,桐乡情久,深巅,橘右京,0,5,0,0.0,10900,0
2026020402,48251408_38_1770200061,KSG,一笙,苏烈,0,0,12,12.0,8152,1
2026020402,48251408_38_1770200061,桐乡情久,久寒,沈梦溪,0,2,2,1.0,8329,0
2026020402,48251408_38_1770200061,桐乡情久,楠枫,少司缘,0,2,2,1.0,8502,0
2026020402,48251408_38_1770200061,桐乡情久,无玄,吕布,1,2,1,1.0,8926,0
2026020703,1222656528_16_1770470651,北京WB,听悦,沈梦溪,1,0,8,9.0,9322,1
2026020703,1222656528_16_1770470651,深圳DYG,向鱼,海诺,2,1,2,4.0,8882,0
2026020703,1222656528_16_1770470651,深圳DYG,小乐,关羽,0,2,3,1.5,10512,0
2026020703,1222656528_16_1770470651,深圳DYG,落空,张飞,0,3,3,1.0,7085,0
2026020703,1222656528_16_1770470651,北京WB,玖欣,空空儿,1,2,10,5.5,7994,1
2026020703,1222656528_16_1770470651,深圳DYG,小轩,云缨,1,4,2,0.8,9180,0
2026020703,1222656528_16_1770470651,北京WB,小麦,李元芳,5,1,4,9.0,12710,1
2026020703,1222656528_16_1770470651,北京WB,梓墨,司空震,3,0,6,9.0,11978,1
2026020703,1222656528_16_1770470651,深圳DYG,钎城,公孙离,1,3,2,1.0,10479,0
2026020703,1222656528_16_1770470651,北京WB,暖阳,橘右京,3,1,6,9.0,12127,1
2026012303,48251408_36_1769174258,济南RW侠,小度,马超,1,3,0,0.3,9959,0
2026012303,48251408_36_1769174258,重庆狼队,信,苏烈,1,1,10,11.0,7868,1
2026012303,48251408_36_1769174258,重庆狼队,皖皖,哪吒,6,0,6,12.0,12867,1
2026012303,48251408_36_1769174258,济南RW侠,挽墨,小乔,0,2,3,1.5,7843,0
2026012303,48251408_36_1769174258,重庆狼队,紫幻,沈梦溪,2,0,9,11.0,9793,1
2026012303,48251408_36_1769174258,济南RW侠,今屿,夏侯惇,1,3,2,1.0,8912,0
2026012303,48251408_36_1769174258,重庆狼队,清清,夏洛特,0,2,4,2.0,10048,1
2026012303,48251408_36_1769174258,济南RW侠,佩恩,公孙离,1,4,1,0.5,10126,0
2026012303,48251408_36_1769174258,重庆狼队,道崽,敖隐,5,0,6,11.0,12401,1
2026012303,48251408_36_1769174258,济南RW侠,梦溪,空空儿,0,2,2,1.0,6702,0
2026020802,836780560_20_1770541275,佛山DRG,小小阳,裴擒虎,3,2,1,2.0,17151,0
2026020802,836780560_20_1770541275,杭州LGD.NBW,米苏,大司命,3,0,7,10.0,12845,1
2026020802,836780560_20_1770541275,杭州LGD.NBW,小久,敖隐,2,4,3,1.3,14547,1
2026020802,836780560_20_1770541275,佛山DRG,花缘,狂铁,1,2,4,2.5,11720,0
2026020802,836780560_20_1770541275,杭州LGD.NBW,小崽,墨子,0,1,10,10.0,10470,1
2026020802,836780560_20_1770541275,佛山DRG,呆呆,鲁班大师,0,4,4,1.0,9383,0
2026020802,836780560_20_1770541275,杭州LGD.NBW,小落,夏洛特,3,1,3,6.0,14685,1
2026020802,836780560_20_1770541275,杭州LGD.NBW,九尾,沈梦溪,3,0,6,9.0,13737,1
2026020802,836780560_20_1770541275,佛山DRG,梦岚,李元芳,2,2,3,2.5,14287,0
2026020802,836780560_20_1770541275,佛山DRG,柚子,小乔,0,1,5,5.0,11555,0
2026012303,48251408_35_1769172235,济南RW侠,小度,狂铁,0,5,0,0.0,8216,0
2026012303,48251408_35_1769172235,重庆狼队,信,空空儿,0,1,10,10.0,8217,1
2026012303,48251408_35_1769172235,重庆狼队,皖皖,橘右京,4,0,4,8.0,14459,1
2026012303,48251408_35_1769172235,济南RW侠,挽墨,女娲,0,0,2,2.0,8904,0
2026012303,48251408_35_1769172235,重庆狼队,紫幻,小乔,1,1,8,9.0,10951,1
2026012303,48251408_35_1769172235,济南RW侠,今屿,暃,2,2,0,1.0,11750,0
2026012303,48251408_35_1769172235,重庆狼队,清清,白起,1,0,8,9.0,10569,1
2026012303,48251408_35_1769172235,济南RW侠,佩恩,艾琳,0,1,2,2.0,9705,0
2026012303,48251408_35_1769172235,重庆狼队,道崽,戈娅,4,0,4,8.0,13753,1
2026012303,48251408_35_1769172235,济南RW侠,梦溪,盾山,0,2,2,1.0,7536,0
2026011501,48251408_42_1768459382,桐乡情久,陌冷,蚩奼,9,1,6,15.0,12594,1
2026011501,48251408_42_1768459382,长沙TES.A,帆帆,盾山,1,3,5,2.0,8095,0
2026011501,48251408_42_1768459382,长沙TES.A,蓝桉,艾琳,1,3,4,1.7,11922,0
2026011501,48251408_42_1768459382,长沙TES.A,无幻,夏洛特,3,3,2,1.7,11962,0
2026011501,48251408_42_1768459382,长沙TES.A,安七,元流之子(坦克),0,5,1,0.2,8529,0
2026011501,48251408_42_1768459382,桐乡情久,深巅,阿古朵,2,3,10,4.0,11573,1
2026011501,48251408_42_1768459382,桐乡情久,久寒,沈梦溪,3,1,12,15.0,10157,1
2026011501,48251408_42_1768459382,长沙TES.A,景诗,不知火舞,2,2,4,3.0,9650,0
2026011501,48251408_42_1768459382,桐乡情久,楠枫,苏烈,0,0,15,15.0,8080,1
2026011501,48251408_42_1768459382,桐乡情久,无玄,狂铁,2,2,7,4.5,11011,1
2026020703,1222656528_13_1770465679,北京WB,听悦,小乔,3,0,5,8.0,7696,1
2026020703,1222656528_13_1770465679,深圳DYG,向鱼,甄姬,1,2,1,1.0,5195,0
2026020703,1222656528_13_1770465679,深圳DYG,小乐,白起,1,4,1,0.5,6262,0
2026020703,1222656528_13_1770465679,深圳DYG,落空,孙膑,0,1,2,2.0,5080,0
2026020703,1222656528_13_1770465679,北京WB,玖欣,鲁班大师,0,1,8,8.0,6089,1
2026020703,1222656528_13_1770465679,深圳DYG,小轩,裴擒虎,0,2,2,1.0,8046,0
2026020703,1222656528_13_1770465679,北京WB,小麦,元流之子(射手),3,0,6,9.0,9555,1
2026020703,1222656528_13_1770465679,北京WB,梓墨,狂铁,0,0,6,6.0,7821,1
2026020703,1222656528_13_1770465679,深圳DYG,钎城,敖隐,0,1,2,2.0,6652,0
2026020703,1222656528_13_1770465679,北京WB,暖阳,杨戬,4,1,5,9.0,9621,1
2026020802,836780560_23_1770548266,佛山DRG,小小阳,元流之子(坦克),5,1,6,11.0,10206,1
2026020802,836780560_23_1770548266,杭州LGD.NBW,米苏,云缨,2,2,3,2.5,9309,0
2026020802,836780560_23_1770548266,杭州LGD.NBW,小久,孙尚香,3,1,2,5.0,12117,0
2026020802,836780560_23_1770548266,佛山DRG,花缘,马超,4,2,4,4.0,11288,1
2026020802,836780560_23_1770548266,杭州LGD.NBW,小崽,太乙真人,0,3,6,2.0,6982,0
2026020802,836780560_23_1770548266,佛山DRG,呆呆,少司缘,1,0,11,12.0,9066,1
2026020802,836780560_23_1770548266,杭州LGD.NBW,小落,关羽,0,2,2,1.0,8469,0
2026020802,836780560_23_1770548266,杭州LGD.NBW,九尾,海月,1,5,2,0.6,6977,0
2026020802,836780560_23_1770548266,佛山DRG,梦岚,敖隐,1,1,6,7.0,10049,1
2026020802,836780560_23_1770548266,佛山DRG,柚子,嬴政,2,2,5,3.5,8986,1
2026021003,48251408_7_1770727156,上海RNG.M,雨空,女娲,3,1,3,6.0,8467,1
2026021003,48251408_7_1770727156,上海RNG.M,极光,艾琳,4,1,4,8.0,11003,1
2026021003,48251408_7_1770727156,上海RNG.M,久酷,盾山,0,1,9,9.0,6763,1
2026021003,48251408_7_1770727156,武汉eStarPro,亮宇,敖隐,1,2,2,1.5,9450,0
2026021003,48251408_7_1770727156,武汉eStarPro,Fly,曹操,0,1,2,2.0,9004,0
2026021003,48251408_7_1770727156,上海RNG.M,樱花,狂铁,1,0,7,8.0,9799,1
2026021003,48251408_7_1770727156,武汉eStarPro,小楼,元流之子(坦克),0,2,0,0.0,8219,0
2026021003,48251408_7_1770727156,武汉eStarPro,紫渊,墨子,0,2,3,1.5,6121,0
2026021003,48251408_7_1770727156,上海RNG.M,航航,铠,1,0,5,6.0,8512,1
2026021003,48251408_7_1770727156,武汉eStarPro,Ming,武则天,2,2,0,1.0,7203,0
2026020101,48251408_30_1769925744,佛山DRG,小小阳,橘右京,1,2,1,1.0,10198,0
2026020101,48251408_30_1769925744,佛山DRG,花缘,白起,0,2,2,1.0,6841,0
2026020101,48251408_30_1769925744,南通Hero久竞,落尘,阿古朵,3,0,5,8.0,10940,1
2026020101,48251408_30_1769925744,佛山DRG,呆呆,少司缘,0,1,2,2.0,6508,0
2026020101,48251408_30_1769925744,佛山DRG,梦岚,公孙离,1,3,1,0.7,7924,0
2026020101,48251408_30_1769925744,南通Hero久竞,白清,太乙真人,1,0,8,9.0,6375,1
2026020101,48251408_30_1769925744,南通Hero久竞,玖熙,沈梦溪,0,1,5,5.0,6470,1
2026020101,48251408_30_1769925744,南通Hero久竞,坦然,司空震,3,0,5,8.0,9771,1
2026020101,48251408_30_1769925744,南通Hero久竞,妖刀,苍,2,1,6,8.0,9506,1
2026020101,48251408_30_1769925744,佛山DRG,柚子,不知火舞,0,1,1,1.0,6861,0
2026021003,48251408_6_1770724999,上海RNG.M,久酷,廉颇,0,2,2,1.0,6945,0
2026021003,48251408_6_1770724999,武汉eStarPro,亮宇,戈娅,1,0,7,8.0,12983,1
2026021003,48251408_6_1770724999,武汉eStarPro,Fly,司空震,2,1,4,6.0,10584,1
2026021003,48251408_6_1770724999,上海RNG.M,小优,沈梦溪,0,1,3,3.0,8403,0
2026021003,48251408_6_1770724999,上海RNG.M,樱花,夏洛特,0,2,2,1.0,10151,0
2026021003,48251408_6_1770724999,武汉eStarPro,小楼,橘右京,0,1,6,6.0,12790,1
2026021003,48251408_6_1770724999,武汉eStarPro,紫渊,空空儿,1,1,4,5.0,8426,1
2026021003,48251408_6_1770724999,上海RNG.M,航航,宫本武藏,0,2,2,1.0,9393,0
2026021003,48251408_6_1770724999,武汉eStarPro,Ming,嫦娥,4,0,4,8.0,11304,1
2026021003,48251408_6_1770724999,上海RNG.M,奕雨,公孙离,3,1,0,3.0,12306,0
2026020802,836780560_22_1770545711,佛山DRG,小小阳,夏侯惇,2,5,3,1.0,12959,0
2026020802,836780560_22_1770545711,杭州LGD.NBW,米苏,铠,5,2,15,10.0,15163,1
2026020802,836780560_22_1770545711,杭州LGD.NBW,小久,艾琳,7,3,12,6.3,17982,1
2026020802,836780560_22_1770545711,佛山DRG,花缘,司空震,8,1,1,9.0,20317,0
2026020802,836780560_22_1770545711,杭州LGD.NBW,小崽,盾山,0,4,14,3.5,12047,1
2026020802,836780560_22_1770545711,佛山DRG,呆呆,苏烈,0,6,11,1.8,11743,0
2026020802,836780560_22_1770545711,杭州LGD.NBW,小落,曹操,7,3,11,6.0,16465,1
2026020802,836780560_22_1770545711,杭州LGD.NBW,九尾,姜子牙,2,3,15,5.7,12969,1
2026020802,836780560_22_1770545711,佛山DRG,梦岚,蚩奼,4,7,7,1.6,15970,0
2026020802,836780560_22_1770545711,佛山DRG,柚子,女娲,1,2,7,4.0,14538,0
2026021003,48251408_8_1770729008,上海RNG.M,雨空,西施,0,0,12,12.0,10857,0
2026021003,48251408_8_1770729008,上海RNG.M,极光,戈娅,5,2,8,6.5,19948,0
2026021003,48251408_8_1770729008,上海RNG.M,久酷,苏烈,1,2,12,6.5,10879,0
2026021003,48251408_8_1770729008,武汉eStarPro,亮宇,公孙离,5,3,7,4.0,22203,1
2026021003,48251408_8_1770729008,武汉eStarPro,Fly,狂铁,0,3,7,2.3,15437,1
2026021003,48251408_8_1770729008,上海RNG.M,樱花,影,3,5,5,1.6,16766,0
2026021003,48251408_8_1770729008,武汉eStarPro,小楼,镜,5,3,6,3.7,21108,1
2026021003,48251408_8_1770729008,武汉eStarPro,紫渊,少司缘,2,4,8,2.5,15164,1
2026021003,48251408_8_1770729008,上海RNG.M,航航,阿古朵,5,3,5,3.3,17910,0
2026021003,48251408_8_1770729008,武汉eStarPro,Ming,女娲,0,1,7,7.0,16819,1
2026013003,501236240_4_1769782009,长沙TES.A,星河,空空儿,0,1,11,11.0,7499,1
2026013003,501236240_4_1769782009,成都AG超玩会,大帅,张飞,0,2,1,0.5,6653,0
2026013003,501236240_4_1769782009,长沙TES.A,蓝桉,戈娅,3,0,6,9.0,12468,1
2026013003,501236240_4_1769782009,长沙TES.A,无幻,狂铁,1,0,6,7.0,9830,1
2026013003,501236240_4_1769782009,成都AG超玩会,染详,杨戬,0,4,1,0.3,8790,0
2026013003,501236240_4_1769782009,成都AG超玩会,小凡,海诺,0,2,1,0.5,7201,0
2026013003,501236240_4_1769782009,成都AG超玩会,小俞,公孙离,1,1,0,1.0,9089,0
2026013003,501236240_4_1769782009,成都AG超玩会,轩染,司空震,0,2,0,0.0,8324,0
2026013003,501236240_4_1769782009,长沙TES.A,景诗,小乔,0,0,8,8.0,8765,1
2026013003,501236240_4_1769782009,长沙TES.A,书源,娜可露露,7,0,4,11.0,13485,1
2026020602,48251408_51_1770368659,桐乡情久,陌冷,孙尚香,0,0,7,7.0,11851,1
2026020602,48251408_51_1770368659,广州TTG,萝卜,司空震,0,1,0,0.0,8199,0
2026020602,48251408_51_1770368659,广州TTG,涵,盾山,0,3,0,0.0,5597,0
2026020602,48251408_51_1770368659,广州TTG,小雪,敖隐,0,1,0,0.0,8533,0
2026020602,48251408_51_1770368659,桐乡情久,深巅,杨戬,7,0,3,10.0,10325,1
2026020602,48251408_51_1770368659,广州TTG,佳心,镜,0,4,0,0.0,9119,0
2026020602,48251408_51_1770368659,广州TTG,鹤辞,杨玉环,0,2,0,0.0,7476,0
2026020602,48251408_51_1770368659,桐乡情久,久寒,女娲,1,0,9,10.0,9033,1
2026020602,48251408_51_1770368659,桐乡情久,楠枫,太乙真人,0,0,8,8.0,7864,1
2026020602,48251408_51_1770368659,桐乡情久,无玄,马超,3,0,5,8.0,11005,1
2026011501,48251408_43_1768461472,桐乡情久,陌冷,狄仁杰,4,0,5,9.0,9847,1
2026011501,48251408_43_1768461472,长沙TES.A,帆帆,鲁班大师,0,2,2,1.0,5254,0
2026011501,48251408_43_1768461472,长沙TES.A,蓝桉,虞姬,1,1,1,2.0,8199,0
2026011501,48251408_43_1768461472,长沙TES.A,无幻,马超,0,2,1,0.5,8022,0
2026011501,48251408_43_1768461472,长沙TES.A,安七,铠,0,3,2,0.7,6396,0
2026011501,48251408_43_1768461472,桐乡情久,深巅,大司命,2,1,6,8.0,8189,1
2026011501,48251408_43_1768461472,桐乡情久,久寒,不知火舞,3,1,3,6.0,7982,1
2026011501,48251408_43_1768461472,长沙TES.A,景诗,嬴政,1,1,1,2.0,6439,0
2026011501,48251408_43_1768461472,桐乡情久,楠枫,元流之子(辅助),0,0,8,8.0,6322,1
2026011501,48251408_43_1768461472,桐乡情久,无玄,曹操,0,0,8,8.0,9219,1
2026021003,48251408_9_1770731585,上海RNG.M,雨空,金蝉,0,0,4,4.0,6817,1
2026021003,48251408_9_1770731585,上海RNG.M,极光,孙尚香,6,1,1,7.0,11464,1
2026021003,48251408_9_1770731585,上海RNG.M,久酷,太乙真人,0,0,7,7.0,6676,1
2026021003,48251408_9_1770731585,武汉eStarPro,亮宇,蚩奼,2,2,2,2.0,8997,0
2026021003,48251408_9_1770731585,武汉eStarPro,Fly,达摩,0,1,4,4.0,8483,0
2026021003,48251408_9_1770731585,上海RNG.M,樱花,关羽,0,2,5,2.5,8428,1
2026021003,48251408_9_1770731585,武汉eStarPro,小楼,阿古朵,2,0,2,4.0,9302,0
2026021003,48251408_9_1770731585,武汉eStarPro,紫渊,苏烈,0,2,4,2.0,6071,0
2026021003,48251408_9_1770731585,上海RNG.M,航航,镜,2,1,4,6.0,9888,1
2026021003,48251408_9_1770731585,武汉eStarPro,Ming,不知火舞,0,3,3,1.0,6714,0
2026021003,48251408_10_1770733357,上海RNG.M,雨空,海月,0,5,10,2.0,7303,0
2026021003,48251408_10_1770733357,上海RNG.M,极光,蚩奼,2,5,7,1.8,9491,0
2026021003,48251408_10_1770733357,上海RNG.M,久酷,少司缘,1,2,9,5.0,6959,0
2026021003,48251408_10_1770733357,武汉eStarPro,亮宇,狄仁杰,3,3,7,3.3,10273,1
2026021003,48251408_10_1770733357,武汉eStarPro,Fly,夏洛特,2,2,10,6.0,9654,1
2026021003,48251408_10_1770733357,上海RNG.M,樱花,司空震,4,3,5,3.0,9784,0
2026021003,48251408_10_1770733357,武汉eStarPro,小楼,云缨,7,2,4,5.5,11899,1
2026021003,48251408_10_1770733357,武汉eStarPro,紫渊,张飞,2,2,15,8.5,8061,1
2026021003,48251408_10_1770733357,上海RNG.M,航航,元流之子(坦克),3,5,4,1.4,8554,0
2026021003,48251408_10_1770733357,武汉eStarPro,Ming,姜子牙,6,1,8,14.0,9531,1
2026020402,48251408_37_1770198399,桐乡情久,陌冷,虞姬,1,1,0,1.0,8162,0
2026020402,48251408_37_1770198399,KSG,句号,裴擒虎,2,1,5,7.0,9227,1
2026020402,48251408_37_1770198399,KSG,小屿,敖隐,1,0,2,3.0,8066,1
2026020402,48251408_37_1770198399,KSG,流浪,海月,6,1,2,8.0,6825,1
2026020402,48251408_37_1770198399,KSG,无言,蚩奼,0,0,6,6.0,7953,1
2026020402,48251408_37_1770198399,桐乡情久,深巅,杨戬,0,3,0,0.0,6177,0
2026020402,48251408_37_1770198399,KSG,一笙,庄周,0,0,7,7.0,5021,1
2026020402,48251408_37_1770198399,桐乡情久,久寒,王昭君,1,1,1,2.0,4323,0
2026020402,48251408_37_1770198399,桐乡情久,楠枫,鲁班大师,0,1,1,1.0,4350,0
2026020402,48251408_37_1770198399,桐乡情久,无玄,马超,0,3,2,0.7,7218,0
2026021102,48251408_13_1770801466,无锡TCG,光明,狂铁,0,1,1,1.0,8513,0
2026021102,48251408_13_1770801466,佛山DRG,小小阳,大司命,5,0,3,8.0,11717,1
2026021102,48251408_13_1770801466,佛山DRG,花缘,关羽,1,1,4,5.0,11856,1
2026021102,48251408_13_1770801466,无锡TCG,安凉,元流之子(坦克),1,4,0,0.3,8628,0
2026021102,48251408_13_1770801466,无锡TCG,北觅,戈娅,0,1,1,1.0,10833,0
2026021102,48251408_13_1770801466,佛山DRG,呆呆,盾山,1,0,7,8.0,8226,1
2026021102,48251408_13_1770801466,佛山DRG,梦岚,艾琳,2,0,5,7.0,11981,1
2026021102,48251408_13_1770801466,无锡TCG,清弦,女娲,0,0,1,1.0,8468,0
2026021102,48251408_13_1770801466,佛山DRG,柚子,武则天,0,0,9,9.0,8839,1
2026021102,48251408_13_1770801466,无锡TCG,数字,空空儿,0,3,1,0.3,5920,0
2026013003,501236240_6_1769785621,长沙TES.A,星河,廉颇,0,1,4,4.0,6867,0
2026013003,501236240_6_1769785621,成都AG超玩会,大帅,太乙真人,0,1,8,8.0,8496,1
2026013003,501236240_6_1769785621,长沙TES.A,蓝桉,敖隐,1,1,1,2.0,10184,0
2026013003,501236240_6_1769785621,长沙TES.A,无幻,姬小满,1,2,0,0.5,9308,0
2026013003,501236240_6_1769785621,成都AG超玩会,染详,宫本武藏,2,1,3,5.0,12187,1
2026013003,501236240_6_1769785621,成都AG超玩会,小凡,杨玉环,3,1,5,8.0,9812,1
2026013003,501236240_6_1769785621,成都AG超玩会,小俞,孙尚香,2,2,5,3.5,12178,1
2026013003,501236240_6_1769785621,成都AG超玩会,轩染,马超,2,0,3,5.0,12716,1
2026013003,501236240_6_1769785621,长沙TES.A,景诗,女娲,1,2,4,2.5,8427,0
2026013003,501236240_6_1769785621,长沙TES.A,书源,杨戬,2,3,2,1.3,9388,0
2026021102,48251408_16_1770806697,无锡TCG,光明,司空震,2,2,1,1.5,10270,0
2026021102,48251408_16_1770806697,佛山DRG,小小阳,元流之子(坦克),0,0,9,9.0,10238,1
2026021102,48251408_16_1770806697,佛山DRG,花缘,曹操,5,2,5,5.0,12522,1
2026021102,48251408_16_1770806697,无锡TCG,安凉,杨戬,0,3,2,0.7,9859,0
2026021102,48251408_16_1770806697,无锡TCG,北觅,蚩奼,0,5,2,0.4,9632,0
2026021102,48251408_16_1770806697,佛山DRG,呆呆,少司缘,1,1,12,13.0,9809,1
2026021102,48251408_16_1770806697,佛山DRG,梦岚,孙权,4,0,9,13.0,11844,1
2026021102,48251408_16_1770806697,无锡TCG,清弦,安琪拉,1,1,1,2.0,7685,0
2026021102,48251408_16_1770806697,佛山DRG,柚子,女娲,3,0,8,11.0,11446,1
2026021102,48251408_16_1770806697,无锡TCG,数字,朵莉亚,0,2,2,1.0,6487,0
2026021103,48251408_17_1770811935,桐乡情久,陌冷,敖隐,3,5,4,1.4,15358,0
2026021103,48251408_17_1770811935,深圳DYG,向鱼,小乔,4,2,11,7.5,12723,1
2026021103,48251408_17_1770811935,桐乡情久,深巅,元流之子(坦克),2,6,4,1.0,13220,0
2026021103,48251408_17_1770811935,深圳DYG,小乐,夏洛特,5,1,7,12.0,17730,1
2026021103,48251408_17_1770811935,深圳DYG,落空,空空儿,1,3,16,5.7,11231,1
2026021103,48251408_17_1770811935,深圳DYG,小轩,大司命,9,0,10,19.0,17866,1
2026021103,48251408_17_1770811935,桐乡情久,久寒,海诺,0,3,2,0.7,12839,0
2026021103,48251408_17_1770811935,深圳DYG,钎城,公孙离,3,3,12,5.0,15909,1
2026021103,48251408_17_1770811935,桐乡情久,楠枫,盾山,0,4,8,2.0,11264,0
2026021103,48251408_17_1770811935,桐乡情久,无玄,曹操,4,4,3,1.8,16885,0
2026020602,48251408_53_1770372632,桐乡情久,陌冷,戈娅,1,1,3,4.0,12771,0
2026020602,48251408_53_1770372632,广州TTG,萝卜,关羽,1,1,7,8.0,14070,1
2026020602,48251408_53_1770372632,广州TTG,涵,张飞,0,1,10,10.0,9601,1
2026020602,48251408_53_1770372632,广州TTG,小雪,艾琳,3,0,6,9.0,15955,1
2026020602,48251408_53_1770372632,桐乡情久,深巅,暃,3,2,1,2.0,14954,0
2026020602,48251408_53_1770372632,广州TTG,佳心,元流之子(坦克),3,2,4,3.5,11980,1
2026020602,48251408_53_1770372632,广州TTG,鹤辞,女娲,4,0,7,11.0,12676,1
2026020602,48251408_53_1770372632,桐乡情久,久寒,嬴政,0,1,4,4.0,11232,0
2026020602,48251408_53_1770372632,桐乡情久,楠枫,苏烈,0,4,4,1.0,8951,0
2026020602,48251408_53_1770372632,桐乡情久,无玄,蚩奼,0,3,3,1.0,13131,0
2026021002,836780560_2_1770714247,杭州LGD.NBW,米苏,橘右京,4,5,9,2.6,14242,1
2026021002,836780560_2_1770714247,杭州LGD.NBW,小久,戈娅,5,3,7,4.0,15101,1
2026021002,836780560_2_1770714247,杭州LGD.NBW,小崽,空空儿,1,3,10,3.7,9486,1
2026021002,836780560_2_1770714247,上海EDG.M,花卷,小乔,0,3,9,3.0,10975,0
2026021002,836780560_2_1770714247,上海EDG.M,小碎,苏烈,0,5,11,2.2,9043,0
2026021002,836780560_2_1770714247,杭州LGD.NBW,小落,夏洛特,5,1,7,12.0,14252,1
2026021002,836780560_2_1770714247,杭州LGD.NBW,九尾,姜子牙,1,1,10,11.0,10639,1
2026021002,836780560_2_1770714247,上海EDG.M,小泽,狂铁,1,4,8,2.3,12790,0
2026021002,836780560_2_1770714247,上海EDG.M,凌云,蚩奼,3,3,6,3.0,15050,0
2026021002,836780560_2_1770714247,上海EDG.M,夏凌,暃,9,1,1,10.0,16269,0
2026021201,48251408_22_1770876146,上海RNG.M,雨空,王昭君,1,0,7,8.0,8649,1
2026021201,48251408_22_1770876146,上海RNG.M,久酷,鲁班大师,0,2,8,4.0,7420,1
2026021201,48251408_22_1770876146,上海EDG.M,花卷,沈梦溪,1,1,2,3.0,8229,0
2026021201,48251408_22_1770876146,上海RNG.M,樱花,曹操,6,0,5,11.0,13078,1
2026021201,48251408_22_1770876146,上海EDG.M,小泽,夏洛特,1,3,0,0.3,9949,0
2026021201,48251408_22_1770876146,上海EDG.M,凌云,狄仁杰,1,4,0,0.3,9584,0
2026021201,48251408_22_1770876146,上海EDG.M,夏凌,夏侯惇,0,2,3,1.5,9302,0
2026021201,48251408_22_1770876146,上海RNG.M,赤辰,元流之子(坦克),3,0,4,7.0,12008,1
2026021201,48251408_22_1770876146,上海RNG.M,奕雨,苍,3,1,5,8.0,11832,1
2026021201,48251408_22_1770876146,上海EDG.M,涛,张飞,0,3,3,1.0,6599,0
2026021002,836780560_3_1770717059,杭州LGD.NBW,米苏,云缨,7,2,5,6.0,14390,1
2026021002,836780560_3_1770717059,杭州LGD.NBW,小久,苍,2,4,10,3.0,12590,1
2026021002,836780560_3_1770717059,杭州LGD.NBW,小崽,苏烈,0,2,14,7.0,9378,1
2026021002,836780560_3_1770717059,上海EDG.M,花卷,不知火舞,1,3,8,3.0,11269,0
2026021002,836780560_3_1770717059,杭州LGD.NBW,小落,蒙恬,1,1,8,9.0,11107,1
2026021002,836780560_3_1770717059,杭州LGD.NBW,九尾,沈梦溪,4,1,10,14.0,10715,1
2026021002,836780560_3_1770717059,上海EDG.M,小泽,夏洛特,4,3,2,2.0,13618,0
2026021002,836780560_3_1770717059,上海EDG.M,凌云,公孙离,5,1,3,8.0,14141,0
2026021002,836780560_3_1770717059,上海EDG.M,夏凌,元流之子(坦克),0,5,5,1.0,10594,0
2026021002,836780560_3_1770717059,上海EDG.M,涛,少司缘,0,2,9,4.5,10407,0
2026021202,434127376_6_1770892078,济南RW侠,小度,曹操,0,2,1,0.5,8839,0
2026021202,434127376_6_1770892078,南通Hero久竞,落尘,镜,2,0,8,10.0,11592,1
2026021202,434127376_6_1770892078,济南RW侠,挽墨,沈梦溪,1,1,1,2.0,7050,0
2026021202,434127376_6_1770892078,济南RW侠,今屿,曜,0,3,2,0.7,9698,0
2026021202,434127376_6_1770892078,南通Hero久竞,白清,少司缘,1,1,7,8.0,7153,1
2026021202,434127376_6_1770892078,南通Hero久竞,玖熙,武则天,1,1,7,8.0,8159,1
2026021202,434127376_6_1770892078,南通Hero久竞,坦然,白起,3,0,4,7.0,8914,1
2026021202,434127376_6_1770892078,济南RW侠,佩恩,狄仁杰,1,3,0,0.3,8249,0
2026021202,434127376_6_1770892078,南通Hero久竞,妖刀,蚩奼,5,0,3,8.0,10838,1
2026021202,434127376_6_1770892078,济南RW侠,梦溪,空空儿,0,3,2,0.7,5825,0
2026021202,434127376_7_1770893822,济南RW侠,小度,马超,3,3,2,1.7,10749,0
2026021202,434127376_7_1770893822,南通Hero久竞,落尘,橘右京,5,1,3,8.0,11500,1
2026021202,434127376_7_1770893822,济南RW侠,挽墨,海月,1,3,4,1.7,8334,0
2026021202,434127376_7_1770893822,济南RW侠,今屿,夏侯惇,3,2,3,3.0,9552,0
2026021202,434127376_7_1770893822,南通Hero久竞,白清,苏烈,0,2,12,6.0,7514,1
2026021202,434127376_7_1770893822,南通Hero久竞,玖熙,女娲,1,2,10,5.5,9548,1
2026021202,434127376_7_1770893822,南通Hero久竞,坦然,司空震,7,1,6,13.0,11255,1
2026021202,434127376_7_1770893822,济南RW侠,佩恩,戈娅,1,3,5,2.0,9974,0
2026021202,434127376_7_1770893822,南通Hero久竞,妖刀,苍,1,2,7,4.0,10405,1
2026021202,434127376_7_1770893822,济南RW侠,梦溪,廉颇,0,3,5,1.7,6916,0
2026021103,48251408_19_1770816159,桐乡情久,陌冷,蚩奼,0,1,0,0.0,7656,0
2026021103,48251408_19_1770816159,深圳DYG,向鱼,不知火舞,1,0,3,4.0,6838,1
2026021103,48251408_19_1770816159,桐乡情久,深巅,阿古朵,0,1,0,0.0,6881,0
2026021103,48251408_19_1770816159,深圳DYG,小乐,狂铁,2,0,3,5.0,9189,1
2026021103,48251408_19_1770816159,深圳DYG,落空,张飞,0,0,5,5.0,5863,1
2026021103,48251408_19_1770816159,深圳DYG,小轩,娜可露露,2,0,2,4.0,11300,1
2026021103,48251408_19_1770816159,桐乡情久,久寒,沈梦溪,0,1,0,0.0,5505,0
2026021103,48251408_19_1770816159,深圳DYG,钎城,戈娅,1,0,4,5.0,9609,1
2026021103,48251408_19_1770816159,桐乡情久,楠枫,苏烈,0,2,0,0.0,4832,0
2026021103,48251408_19_1770816159,桐乡情久,无玄,影,0,1,0,0.0,7709,0
2026021203,48251408_27_1770897796,西安WE,明崽,小乔,3,4,3,1.5,7674,0
2026021203,48251408_27_1770897796,长沙TES.A,帆帆,廉颇,2,1,11,13.0,8309,1
2026021203,48251408_27_1770897796,长沙TES.A,蓝桉,公孙离,1,2,5,3.0,11915,1
2026021203,48251408_27_1770897796,长沙TES.A,无幻,狂铁,4,2,4,4.0,10621,1
2026021203,48251408_27_1770897796,西安WE,文涛,关羽,0,4,1,0.3,7906,0
2026021203,48251408_27_1770897796,西安WE,子意,阿古朵,5,2,4,4.5,11127,0
2026021203,48251408_27_1770897796,西安WE,昭珏,艾琳,1,3,5,2.0,9949,0
2026021203,48251408_27_1770897796,西安WE,忆安,空空儿,0,3,6,2.0,6721,0
2026021203,48251408_27_1770897796,长沙TES.A,景诗,沈梦溪,2,0,10,12.0,9326,1
2026021203,48251408_27_1770897796,长沙TES.A,书源,暃,7,4,3,2.5,11119,1
2026021203,48251408_29_1770901767,西安WE,明崽,沈梦溪,2,4,4,1.5,8158,0
2026021203,48251408_29_1770901767,长沙TES.A,帆帆,太乙真人,0,4,10,2.5,8244,1
2026021203,48251408_29_1770901767,长沙TES.A,蓝桉,孙尚香,4,1,8,12.0,13240,1
2026021203,48251408_29_1770901767,长沙TES.A,无幻,司空震,5,2,5,5.0,11704,1
2026021203,48251408_29_1770901767,西安WE,文涛,夏洛特,3,1,5,8.0,11828,0
2026021203,48251408_29_1770901767,西安WE,子意,杨戬,5,4,4,2.3,11131,0
2026021203,48251408_29_1770901767,西安WE,昭珏,狄仁杰,1,3,9,3.3,11562,0
2026021203,48251408_29_1770901767,西安WE,忆安,盾山,1,3,5,2.0,7859,0
2026021203,48251408_29_1770901767,长沙TES.A,景诗,嫦娥,1,3,8,3.0,8873,1
2026021203,48251408_29_1770901767,长沙TES.A,书源,镜,5,2,9,7.0,12857,1
2026021203,48251408_30_1770903568,西安WE,明崽,嬴政,2,1,3,5.0,12635,0
2026021203,48251408_30_1770903568,长沙TES.A,帆帆,盾山,0,1,9,9.0,9015,1
2026021203,48251408_30_1770903568,长沙TES.A,蓝桉,敖隐,4,1,4,8.0,14887,1
2026021203,48251408_30_1770903568,长沙TES.A,无幻,曹操,2,1,4,6.0,15538,1
2026021203,48251408_30_1770903568,西安WE,文涛,狂铁,0,3,4,1.3,12282,0
2026021203,48251408_30_1770903568,西安WE,子意,元流之子(坦克),1,3,3,1.3,11642,0
2026021203,48251408_30_1770903568,西安WE,昭珏,蚩奼,2,1,3,5.0,12658,0
2026021203,48251408_30_1770903568,西安WE,忆安,张飞,0,1,4,4.0,9306,0
2026021203,48251408_30_1770903568,长沙TES.A,景诗,姜子牙,1,0,8,9.0,9512,1
2026021203,48251408_30_1770903568,长沙TES.A,书源,夏侯惇,2,2,7,4.5,12144,1
2026021102,48251408_15_1770805059,无锡TCG,光明,马超,1,2,0,0.5,8732,0
2026021102,48251408_15_1770805059,佛山DRG,小小阳,镜,3,1,6,9.0,10022,1
2026021102,48251408_15_1770805059,佛山DRG,花缘,蒙恬,4,0,6,10.0,9070,1
2026021102,48251408_15_1770805059,无锡TCG,安凉,猪八戒,0,3,1,0.3,7007,0
2026021102,48251408_15_1770805059,无锡TCG,北觅,虞姬,0,2,0,0.0,8913,0
2026021102,48251408_15_1770805059,佛山DRG,呆呆,杨玉环,0,0,10,10.0,6999,1
2026021102,48251408_15_1770805059,佛山DRG,梦岚,敖隐,3,0,7,10.0,10830,1
2026021102,48251408_15_1770805059,无锡TCG,清弦,小乔,1,2,0,0.5,6387,0
2026021102,48251408_15_1770805059,佛山DRG,柚子,海月,1,1,7,8.0,8510,1
2026021102,48251408_15_1770805059,无锡TCG,数字,鲁班大师,0,2,1,0.5,5483,0
2026021303,1272988176_5_1770989938,成都AG超玩会,大帅,元流之子(辅助),1,1,4,5.0,8041,1
2026021303,1272988176_5_1770989938,成都AG超玩会,染详,夏侯惇,1,0,3,4.0,8265,1
2026021303,1272988176_5_1770989938,北京JDG,无畏,鲁班大师,0,1,2,2.0,6905,0
2026021303,1272988176_5_1770989938,成都AG超玩会,小凡,海月,1,1,3,4.0,8518,1
2026021303,1272988176_5_1770989938,成都AG超玩会,小俞,狄仁杰,2,0,1,3.0,12265,1
2026021303,1272988176_5_1770989938,北京JDG,轻语,狂铁,0,1,0,0.0,8524,0
2026021303,1272988176_5_1770989938,成都AG超玩会,轩染,司空震,1,0,3,4.0,10647,1
2026021303,1272988176_5_1770989938,北京JDG,小寒,蚩奼,0,2,1,0.5,10114,0
2026021303,1272988176_5_1770989938,北京JDG,无双,橘右京,2,1,0,2.0,11376,0
2026021303,1272988176_5_1770989938,北京JDG,清融,甄姬,0,1,0,0.0,7447,0
2026021202,434127376_5_1770890135,济南RW侠,小度,关羽,0,2,3,1.5,9161,0
2026021202,434127376_5_1770890135,南通Hero久竞,落尘,阿古朵,3,0,7,10.0,11638,1
2026021202,434127376_5_1770890135,济南RW侠,挽墨,小乔,3,2,2,2.5,8818,0
2026021202,434127376_5_1770890135,济南RW侠,今屿,大司命,1,2,3,2.0,10342,0
2026021202,434127376_5_1770890135,南通Hero久竞,白清,张飞,0,4,9,2.3,7722,1
2026021202,434127376_5_1770890135,南通Hero久竞,玖熙,沈梦溪,1,2,8,4.5,8671,1
2026021202,434127376_5_1770890135,南通Hero久竞,坦然,狂铁,1,1,6,7.0,10174,1
2026021202,434127376_5_1770890135,济南RW侠,佩恩,孙权,3,2,4,3.5,11405,0
2026021202,434127376_5_1770890135,南通Hero久竞,妖刀,戈娅,5,1,4,9.0,12524,1
2026021202,434127376_5_1770890135,济南RW侠,梦溪,少司缘,1,2,7,4.0,8625,0
2026021303,1272988176_2_1770984080,成都AG超玩会,大帅,张飞,0,2,3,1.5,8358,0
2026021303,1272988176_2_1770984080,成都AG超玩会,染详,橘右京,1,4,2,0.8,11988,0
2026021303,1272988176_2_1770984080,北京JDG,无畏,苏烈,2,0,10,12.0,9793,1
2026021303,1272988176_2_1770984080,成都AG超玩会,小凡,嬴政,0,2,4,2.0,9823,0
2026021303,1272988176_2_1770984080,成都AG超玩会,小俞,蚩奼,2,2,1,1.5,12496,0
2026021303,1272988176_2_1770984080,北京JDG,轻语,吕布,2,2,6,4.0,11133,1
2026021303,1272988176_2_1770984080,成都AG超玩会,轩染,狂铁,1,2,3,2.0,10362,0
2026021303,1272988176_2_1770984080,北京JDG,小寒,戈娅,2,1,7,9.0,12656,1
2026021303,1272988176_2_1770984080,北京JDG,无双,裴擒虎,5,0,4,9.0,15408,1
2026021303,1272988176_2_1770984080,北京JDG,清融,不知火舞,1,1,7,8.0,10869,1
2026011502,48251408_44_1768467734,广州TTG,萝卜,曹操,1,1,7,8.0,9086,1
2026011502,48251408_44_1768467734,广州TTG,涵,空空儿,1,1,7,8.0,6050,1
2026011502,48251408_44_1768467734,南通Hero久竞,落尘,大司命,1,2,3,2.0,8516,0
2026011502,48251408_44_1768467734,广州TTG,小雪,戈娅,2,1,4,6.0,8978,1
2026011502,48251408_44_1768467734,广州TTG,佳心,橘右京,4,1,2,6.0,10597,1
2026011502,48251408_44_1768467734,南通Hero久竞,白清,杨玉环,0,1,3,3.0,5913,0
2026011502,48251408_44_1768467734,广州TTG,鹤辞,沈梦溪,2,1,6,8.0,7165,1
2026011502,48251408_44_1768467734,南通Hero久竞,玖熙,不知火舞,0,4,2,0.5,6052,0
2026011502,48251408_44_1768467734,南通Hero久竞,坦然,狂铁,2,2,2,2.0,8268,0
2026011502,48251408_44_1768467734,南通Hero久竞,妖刀,公孙离,2,1,1,3.0,9353,0
2026022403,48251408_7_1771934539,广州TTG,萝卜,马超,0,1,0,0.0,9656,0
2026022403,48251408_7_1771934539,广州TTG,涵,盾山,0,3,0,0.0,5624,0
2026022403,48251408_7_1771934539,KSG,句号,宫本武藏,4,0,3,7.0,11613,1
2026022403,48251408_7_1771934539,KSG,小屿,孙尚香,3,0,3,6.0,13859,1
2026022403,48251408_7_1771934539,KSG,流浪,西施,0,0,6,6.0,7402,1
2026022403,48251408_7_1771934539,广州TTG,小雪,艾琳,0,1,0,0.0,9864,0
2026022403,48251408_7_1771934539,广州TTG,佳心,曹操,0,2,0,0.0,8217,0
2026022403,48251408_7_1771934539,KSG,流星,关羽,0,0,1,1.0,8490,1
2026022403,48251408_7_1771934539,KSG,一笙,太乙真人,0,0,7,7.0,7308,1
2026022403,48251408_7_1771934539,广州TTG,鹤辞,小乔,0,0,0,0.0,6501,0
2026021303,1272988176_3_1770986151,成都AG超玩会,大帅,苏烈,0,0,7,7.0,8679,1
2026021303,1272988176_3_1770986151,成都AG超玩会,染详,阿古朵,2,1,2,4.0,11382,1
2026021303,1272988176_3_1770986151,北京JDG,无畏,少司缘,0,2,1,0.5,7959,0
2026021303,1272988176_3_1770986151,成都AG超玩会,小凡,沈梦溪,1,0,5,6.0,8877,1
2026021303,1272988176_3_1770986151,成都AG超玩会,小俞,艾琳,3,0,4,7.0,13808,1
2026021303,1272988176_3_1770986151,北京JDG,轻语,司空震,0,1,1,1.0,10645,0
2026021303,1272988176_3_1770986151,成都AG超玩会,轩染,曹操,1,0,2,3.0,11801,1
2026021303,1272988176_3_1770986151,北京JDG,小寒,公孙离,1,1,0,1.0,11353,0
2026021303,1272988176_3_1770986151,北京JDG,无双,大司命,0,3,0,0.0,8400,0
2026021303,1272988176_3_1770986151,北京JDG,清融,海诺,0,0,1,1.0,9155,0
2026021303,1272988176_6_1770991746,成都AG超玩会,大帅,空空儿,0,2,3,1.5,6230,0
2026021303,1272988176_6_1770991746,成都AG超玩会,染详,铠,1,2,2,1.5,7839,0
2026021303,1272988176_6_1770991746,北京JDG,无畏,张飞,1,0,3,4.0,7050,1
2026021303,1272988176_6_1770991746,成都AG超玩会,小凡,武则天,0,2,1,0.5,7493,0
2026021303,1272988176_6_1770991746,成都AG超玩会,小俞,敖隐,2,0,0,2.0,10210,0
2026021303,1272988176_6_1770991746,北京JDG,轻语,夏洛特,2,1,4,6.0,10549,1
2026021303,1272988176_6_1770991746,成都AG超玩会,轩染,马超,1,3,1,0.7,9388,0
2026021303,1272988176_6_1770991746,北京JDG,小寒,苍,2,0,3,5.0,10928,1
2026021303,1272988176_6_1770991746,北京JDG,无双,镜,2,1,4,6.0,11621,1
2026021303,1272988176_6_1770991746,北京JDG,清融,小乔,2,2,5,3.5,8023,1
2026021201,48251408_23_1770878212,上海RNG.M,雨空,女娲,0,0,7,7.0,11649,1
2026021201,48251408_23_1770878212,上海RNG.M,久酷,空空儿,1,4,3,1.0,8857,1
2026021201,48251408_23_1770878212,上海EDG.M,花卷,小乔,2,0,2,4.0,10424,0
2026021201,48251408_23_1770878212,上海RNG.M,樱花,狂铁,2,1,3,5.0,12007,1
2026021201,48251408_23_1770878212,上海EDG.M,小泽,曹操,1,2,1,1.0,12158,0
2026021201,48251408_23_1770878212,上海EDG.M,凌云,公孙离,3,2,2,2.5,14488,0
2026021201,48251408_23_1770878212,上海EDG.M,夏凌,铠,1,1,4,5.0,11215,0
2026021201,48251408_23_1770878212,上海RNG.M,赤辰,裴擒虎,2,1,4,6.0,15306,1
2026021201,48251408_23_1770878212,上海RNG.M,奕雨,敖隐,2,1,3,5.0,13539,1
2026021201,48251408_23_1770878212,上海EDG.M,涛,少司缘,0,2,5,2.5,10360,0
2026022403,48251408_10_1771940445,广州TTG,萝卜,影,2,0,2,4.0,10055,1
2026022403,48251408_10_1771940445,广州TTG,涵,杨玉环,1,1,4,5.0,6976,1
2026022403,48251408_10_1771940445,KSG,句号,橘右京,0,2,0,0.0,6550,0
2026022403,48251408_10_1771940445,KSG,小屿,公孙离,0,2,0,0.0,8120,0
2026022403,48251408_10_1771940445,KSG,流浪,女娲,1,0,0,1.0,7852,0
2026022403,48251408_10_1771940445,广州TTG,小雪,敖隐,1,0,5,6.0,9532,1
2026022403,48251408_10_1771940445,广州TTG,佳心,元流之子(坦克),2,0,4,6.0,8550,1
2026022403,48251408_10_1771940445,KSG,流星,夏洛特,0,2,0,0.0,7740,0
2026022403,48251408_10_1771940445,KSG,一笙,空空儿,0,2,1,0.5,5583,0
2026022403,48251408_10_1771940445,广州TTG,鹤辞,海诺,2,0,5,7.0,8862,1
2026011502,48251408_47_1768473631,广州TTG,萝卜,达摩,0,1,5,5.0,8893,1
2026011502,48251408_47_1768473631,广州TTG,涵,张飞,0,1,5,5.0,6735,1
2026011502,48251408_47_1768473631,南通Hero久竞,落尘,铠,0,0,1,1.0,8410,0
2026011502,48251408_47_1768473631,广州TTG,小雪,狄仁杰,2,1,4,6.0,10986,1
2026011502,48251408_47_1768473631,广州TTG,佳心,镜,1,0,2,3.0,11914,1
2026011502,48251408_47_1768473631,南通Hero久竞,白清,鲁班大师,0,2,3,1.5,6072,0
2026011502,48251408_47_1768473631,广州TTG,鹤辞,杨玉环,3,1,2,5.0,9276,1
2026011502,48251408_47_1768473631,南通Hero久竞,玖熙,海月,0,2,2,1.0,6753,0
2026011502,48251408_47_1768473631,南通Hero久竞,坦然,司空震,2,1,0,2.0,9566,0
2026011502,48251408_47_1768473631,南通Hero久竞,妖刀,鲁班七号,2,1,1,3.0,9315,0
2026021001,48251408_4_1770706005,济南RW侠,小度,司空震,0,1,1,1.0,10931,0
2026021001,48251408_4_1770706005,长沙TES.A,帆帆,苏烈,2,0,4,6.0,9164,1
2026021001,48251408_4_1770706005,长沙TES.A,蓝桉,蚩奼,2,0,4,6.0,14456,1
2026021001,48251408_4_1770706005,长沙TES.A,无幻,白起,1,0,4,5.0,12253,1
2026021001,48251408_4_1770706005,济南RW侠,挽墨,海诺,0,0,1,1.0,8528,0
2026021001,48251408_4_1770706005,济南RW侠,今屿,大司命,0,2,1,0.5,10633,0
2026021001,48251408_4_1770706005,济南RW侠,佩恩,敖隐,1,1,0,1.0,11358,0
2026021001,48251408_4_1770706005,长沙TES.A,景诗,女娲,1,0,4,5.0,10640,1
2026021001,48251408_4_1770706005,济南RW侠,梦溪,盾山,0,2,1,0.5,7419,0
2026021001,48251408_4_1770706005,长沙TES.A,书源,阿古朵,0,1,4,4.0,13247,1
2026022401,48251408_4_1771912953,济南RW侠,小度,曹操,4,4,3,1.8,9506,0
2026022401,48251408_4_1771912953,西安WE,明崽,安琪拉,3,2,8,5.5,8195,1
2026022401,48251408_4_1771912953,西安WE,文涛,夏洛特,2,2,6,4.0,10203,1
2026022401,48251408_4_1771912953,西安WE,子意,橘右京,3,3,7,3.3,11462,1
2026022401,48251408_4_1771912953,西安WE,昭珏,敖隐,7,0,6,13.0,12324,1
2026022401,48251408_4_1771912953,济南RW侠,挽墨,沈梦溪,1,1,7,8.0,7627,0
2026022401,48251408_4_1771912953,济南RW侠,今屿,大司命,0,4,9,2.3,9877,0
2026022401,48251408_4_1771912953,济南RW侠,佩恩,公孙离,5,2,2,3.5,11611,0
2026022401,48251408_4_1771912953,西安WE,九幽,苏烈,0,3,12,4.0,7546,1
2026022401,48251408_4_1771912953,济南RW侠,梦溪,张飞,0,4,9,2.3,6895,0
2026021001,48251408_5_1770708105,济南RW侠,小度,马超,1,2,2,1.5,15298,0
2026021001,48251408_5_1770708105,长沙TES.A,帆帆,张飞,1,1,9,10.0,10274,1
2026021001,48251408_5_1770708105,长沙TES.A,蓝桉,狄仁杰,2,0,7,9.0,14820,1
2026021001,48251408_5_1770708105,长沙TES.A,无幻,夏洛特,2,0,7,9.0,17169,1
2026021001,48251408_5_1770708105,济南RW侠,挽墨,沈梦溪,0,0,2,2.0,12222,0
2026021001,48251408_5_1770708105,济南RW侠,今屿,元流之子(坦克),1,5,1,0.4,10625,0
2026021001,48251408_5_1770708105,济南RW侠,佩恩,艾琳,1,1,1,2.0,14326,0
2026021001,48251408_5_1770708105,长沙TES.A,景诗,嬴政,2,1,6,8.0,12940,1
2026021001,48251408_5_1770708105,济南RW侠,梦溪,鲁班大师,0,2,3,1.5,9300,0
2026021001,48251408_5_1770708105,长沙TES.A,书源,大司命,3,1,7,10.0,14516,1
2026022403,48251408_9_1771938381,广州TTG,萝卜,司空震,1,1,10,11.0,11659,1
2026022403,48251408_9_1771938381,广州TTG,涵,苏烈,1,1,12,13.0,8612,1
2026022403,48251408_9_1771938381,KSG,句号,大司命,0,2,3,1.5,8823,0
2026022403,48251408_9_1771938381,KSG,小屿,艾琳,1,3,1,0.7,12804,0
2026022403,48251408_9_1771938381,KSG,流浪,嫦娥,0,2,2,1.0,10038,0
2026022403,48251408_9_1771938381,广州TTG,小雪,戈娅,4,0,8,12.0,12746,1
2026022403,48251408_9_1771938381,广州TTG,佳心,橘右京,6,1,6,12.0,13441,1
2026022403,48251408_9_1771938381,KSG,流星,老夫子,2,4,1,0.8,9856,0
2026022403,48251408_9_1771938381,KSG,一笙,盾山,0,5,2,0.4,7128,0
2026022403,48251408_9_1771938381,广州TTG,鹤辞,沈梦溪,4,0,8,12.0,10091,1
2026022503,48251408_19_1772024940,桐乡情久,陌冷,苍,0,2,1,0.5,11700,0
2026022503,48251408_19_1772024940,重庆狼队,信,张飞,0,1,15,15.0,8521,1
2026022503,48251408_19_1772024940,重庆狼队,皖皖,橘右京,9,0,5,14.0,14597,1
2026022503,48251408_19_1772024940,桐乡情久,深巅,裴擒虎,0,4,1,0.3,12476,0
2026022503,48251408_19_1772024940,重庆狼队,紫幻,沈梦溪,3,0,12,15.0,10381,1
2026022503,48251408_19_1772024940,重庆狼队,清清,关羽,0,0,12,12.0,12043,1
2026022503,48251408_19_1772024940,桐乡情久,久寒,杨玉环,0,3,1,0.3,7727,0
2026022503,48251408_19_1772024940,桐乡情久,楠枫,苏烈,1,4,0,0.3,7412,0
2026022503,48251408_19_1772024940,重庆狼队,道崽,敖隐,4,0,8,12.0,12928,1
2026022503,48251408_19_1772024940,桐乡情久,无玄,狂铁,0,3,1,0.3,8682,0
2026022503,48251408_17_1772020812,桐乡情久,陌冷,孙权,7,3,8,5.0,15801,0
2026022503,48251408_17_1772020812,重庆狼队,信,苏烈,1,4,18,4.8,10753,1
2026022503,48251408_17_1772020812,重庆狼队,皖皖,夏侯惇,3,4,11,3.5,13238,1
2026022503,48251408_17_1772020812,桐乡情久,深巅,橘右京,2,5,9,2.2,13597,0
2026022503,48251408_17_1772020812,重庆狼队,紫幻,小乔,5,2,11,8.0,13679,1
2026022503,48251408_17_1772020812,重庆狼队,清清,曹操,6,2,11,8.5,15931,1
2026022503,48251408_17_1772020812,桐乡情久,久寒,沈梦溪,2,4,7,2.3,11126,0
2026022503,48251408_17_1772020812,桐乡情久,楠枫,张飞,2,6,9,1.8,10689,0
2026022503,48251408_17_1772020812,重庆狼队,道崽,蚩奼,6,3,10,5.3,15596,1
2026022503,48251408_17_1772020812,桐乡情久,无玄,夏洛特,2,3,5,2.3,15613,0
2026011502,48251408_46_1768471406,广州TTG,萝卜,蚩奼,4,3,5,3.0,13048,1
2026011502,48251408_46_1768471406,广州TTG,涵,朵莉亚,1,1,12,13.0,8789,1
2026011502,48251408_46_1768471406,南通Hero久竞,落尘,阿古朵,1,3,2,1.0,11217,0
2026011502,48251408_46_1768471406,广州TTG,小雪,孙权,3,1,8,11.0,12269,1
2026011502,48251408_46_1768471406,广州TTG,佳心,杨戬,3,0,8,11.0,11848,1
2026011502,48251408_46_1768471406,南通Hero久竞,白清,苏烈,0,4,5,1.3,7932,0
2026011502,48251408_46_1768471406,广州TTG,鹤辞,女娲,3,1,10,13.0,10771,1
2026011502,48251408_46_1768471406,南通Hero久竞,玖熙,沈梦溪,1,1,4,5.0,8962,0
2026011502,48251408_46_1768471406,南通Hero久竞,坦然,马超,0,4,6,1.5,11794,0
2026011502,48251408_46_1768471406,南通Hero久竞,妖刀,戈娅,4,2,1,2.5,12521,0
2026020503,48251408_48_1770296525,佛山DRG,小小阳,元流之子(坦克),1,3,8,3.0,12430,1
2026020503,48251408_48_1770296525,佛山DRG,花缘,关羽,2,2,9,5.5,14336,1
2026020503,48251408_48_1770296525,上海EDG.M,花卷,不知火舞,3,1,2,5.0,9873,0
2026020503,48251408_48_1770296525,佛山DRG,呆呆,少司缘,1,2,11,6.0,11886,1
2026020503,48251408_48_1770296525,上海EDG.M,小泽,姬小满,0,5,4,0.8,11305,0
2026020503,48251408_48_1770296525,上海EDG.M,凌云,艾琳,0,2,5,2.5,13050,0
2026020503,48251408_48_1770296525,佛山DRG,梦岚,苍,4,0,6,10.0,16307,1
2026020503,48251408_48_1770296525,上海EDG.M,夏凌,大司命,4,1,1,5.0,14633,0
2026020503,48251408_48_1770296525,佛山DRG,柚子,女娲,4,0,8,12.0,13197,1
2026020503,48251408_48_1770296525,上海EDG.M,涛,苏烈,0,3,5,1.7,8854,0
2026022401,48251408_6_1771916703,济南RW侠,小度,达摩,0,3,0,0.0,6762,0
2026022401,48251408_6_1771916703,西安WE,明崽,杨玉环,1,0,9,10.0,8425,1
2026022401,48251408_6_1771916703,西安WE,文涛,曹操,3,1,3,6.0,9961,1
2026022401,48251408_6_1771916703,西安WE,子意,云缨,2,0,7,9.0,9371,1
2026022401,48251408_6_1771916703,西安WE,昭珏,公孙离,5,0,6,11.0,10160,1
2026022401,48251408_6_1771916703,济南RW侠,挽墨,小乔,0,0,0,0.0,5562,0
2026022401,48251408_6_1771916703,济南RW侠,今屿,橘右京,0,4,1,0.3,8260,0
2026022401,48251408_6_1771916703,济南RW侠,佩恩,元流之子(射手),1,1,0,1.0,8320,0
2026022401,48251408_6_1771916703,西安WE,九幽,太乙真人,1,0,8,9.0,6411,1
2026022401,48251408_6_1771916703,济南RW侠,梦溪,空空儿,0,4,1,0.3,5339,0
2026020803,48251408_66_1770560948,广州TTG,萝卜,司空震,2,4,7,2.3,12316,1
2026020803,48251408_66_1770560948,重庆狼队,信,太乙真人,0,3,15,5.0,8854,0
2026020803,48251408_66_1770560948,重庆狼队,皖皖,云缨,6,3,3,3.0,13055,0
2026020803,48251408_66_1770560948,广州TTG,涵,少司缘,1,5,12,2.6,10392,1
2026020803,48251408_66_1770560948,广州TTG,小雪,戈娅,7,0,8,15.0,15177,1
2026020803,48251408_66_1770560948,广州TTG,佳心,大司命,3,5,10,2.6,11409,1
2026020803,48251408_66_1770560948,重庆狼队,紫幻,西施,4,3,11,5.0,9582,0
2026020803,48251408_66_1770560948,重庆狼队,清清,达摩,1,4,9,2.5,9696,0
2026020803,48251408_66_1770560948,广州TTG,鹤辞,嬴政,3,1,9,12.0,12360,1
2026020803,48251408_66_1770560948,重庆狼队,道崽,孙尚香,4,3,8,4.0,14461,0
2026020503,48251408_46_1770292840,佛山DRG,小小阳,橘右京,5,0,4,9.0,14215,1
2026020503,48251408_46_1770292840,佛山DRG,花缘,蒙恬,1,0,7,8.0,10144,1
2026020503,48251408_46_1770292840,上海EDG.M,花卷,干将莫邪,0,1,2,2.0,8538,0
2026020503,48251408_46_1770292840,上海EDG.M,小碎,盾山,0,2,3,1.5,6321,0
2026020503,48251408_46_1770292840,佛山DRG,呆呆,苏烈,0,1,9,9.0,6983,1
2026020503,48251408_46_1770292840,上海EDG.M,小泽,司空震,2,4,1,0.8,8497,0
2026020503,48251408_46_1770292840,上海EDG.M,凌云,敖隐,2,0,0,2.0,10740,0
2026020503,48251408_46_1770292840,佛山DRG,梦岚,蚩奼,4,2,5,4.5,11598,1
2026020503,48251408_46_1770292840,上海EDG.M,百炼,元流之子(坦克),0,3,1,0.3,7248,0
2026020503,48251408_46_1770292840,佛山DRG,柚子,西施,0,1,8,8.0,7197,1
2026020803,48251408_63_1770554504,广州TTG,萝卜,关羽,2,4,3,1.3,10891,1
2026020803,48251408_63_1770554504,重庆狼队,信,苏烈,0,3,8,2.7,7851,0
2026020803,48251408_63_1770554504,重庆狼队,皖皖,橘右京,3,2,3,3.0,13576,0
2026020803,48251408_63_1770554504,广州TTG,涵,盾山,1,0,12,13.0,9231,1
2026020803,48251408_63_1770554504,广州TTG,小雪,艾琳,4,0,9,13.0,13728,1
2026020803,48251408_63_1770554504,广州TTG,佳心,元流之子(坦克),5,3,7,4.0,11690,1
2026020803,48251408_63_1770554504,重庆狼队,紫幻,小乔,1,2,6,3.5,9722,0
2026020803,48251408_63_1770554504,重庆狼队,清清,白起,2,3,5,2.3,9884,0
2026020803,48251408_63_1770554504,广州TTG,鹤辞,嫦娥,1,1,10,11.0,10659,1
2026020803,48251408_63_1770554504,重庆狼队,道崽,蚩奼,2,3,5,2.3,11070,0
2026020801,48251408_59_1770530561,无锡TCG,安凉,暃,7,3,3,3.3,17508,0
2026020801,48251408_59_1770530561,武汉eStarPro,亮宇,公孙离,5,2,7,6.0,19112,1
2026020801,48251408_59_1770530561,武汉eStarPro,Fly,狂铁,3,4,8,2.8,15690,1
2026020801,48251408_59_1770530561,无锡TCG,北觅,戈娅,2,4,7,2.3,16029,0
2026020801,48251408_59_1770530561,武汉eStarPro,小楼,云缨,6,2,8,7.0,18877,1
2026020801,48251408_59_1770530561,无锡TCG,大海,曹操,2,3,10,4.0,14973,0
2026020801,48251408_59_1770530561,武汉eStarPro,紫渊,少司缘,2,2,14,8.0,14097,1
2026020801,48251408_59_1770530561,无锡TCG,清弦,小乔,3,5,7,2.0,11924,0
2026020801,48251408_59_1770530561,武汉eStarPro,Ming,沈梦溪,2,4,8,2.5,15198,1
2026020801,48251408_59_1770530561,无锡TCG,数字,空空儿,0,3,10,3.3,10770,0
2026022403,48251408_11_1771942218,广州TTG,萝卜,夏洛特,2,1,1,3.0,14000,0
2026022403,48251408_11_1771942218,广州TTG,涵,少司缘,0,2,4,2.0,9211,0
2026022403,48251408_11_1771942218,KSG,句号,元流之子(坦克),1,0,8,9.0,11257,1
2026022403,48251408_11_1771942218,KSG,小屿,苍,2,1,8,10.0,14853,1
2026022403,48251408_11_1771942218,KSG,流浪,甄姬,2,1,8,10.0,11247,1
2026022403,48251408_11_1771942218,广州TTG,小雪,后羿,0,2,4,2.0,14409,0
2026022403,48251408_11_1771942218,广州TTG,佳心,大司命,1,5,2,0.6,9758,0
2026022403,48251408_11_1771942218,KSG,流星,曹操,4,2,3,3.5,12689,1
2026022403,48251408_11_1771942218,KSG,一笙,大乔,2,0,9,11.0,10374,1
2026022403,48251408_11_1771942218,广州TTG,鹤辞,海月,1,1,1,2.0,10299,0
2026020801,48251408_62_1770537210,无锡TCG,光明,蒙恬,1,3,2,1.0,7836,0
2026020801,48251408_62_1770537210,无锡TCG,安凉,裴擒虎,1,2,5,3.0,11706,0
2026020801,48251408_62_1770537210,武汉eStarPro,亮宇,蚩奼,5,2,7,6.0,12052,1
2026020801,48251408_62_1770537210,武汉eStarPro,Fly,夏洛特,1,2,6,3.5,10015,1
2026020801,48251408_62_1770537210,无锡TCG,北觅,敖隐,1,1,3,4.0,10819,0
2026020801,48251408_62_1770537210,武汉eStarPro,小楼,阿古朵,6,1,8,14.0,13555,1
2026020801,48251408_62_1770537210,武汉eStarPro,紫渊,苏烈,1,1,12,13.0,7996,1
2026020801,48251408_62_1770537210,无锡TCG,清弦,海月,3,4,2,1.3,7924,0
2026020801,48251408_62_1770537210,武汉eStarPro,Ming,王昭君,2,0,11,13.0,8443,1
2026020801,48251408_62_1770537210,无锡TCG,数字,张飞,0,5,3,0.6,6401,0
2026021103,48251408_18_1770814557,桐乡情久,陌冷,戈娅,1,2,1,1.0,7653,0
2026021103,48251408_18_1770814557,深圳DYG,向鱼,嬴政,3,0,6,9.0,8476,1
2026021103,48251408_18_1770814557,桐乡情久,深巅,白起,0,3,3,1.0,6986,0
2026021103,48251408_18_1770814557,深圳DYG,小乐,达摩,2,0,8,10.0,9194,1
2026021103,48251408_18_1770814557,深圳DYG,落空,苏烈,0,2,9,4.5,6355,1
2026021103,48251408_18_1770814557,深圳DYG,小轩,阿古朵,1,1,7,8.0,8522,1
2026021103,48251408_18_1770814557,桐乡情久,久寒,小乔,1,1,1,2.0,6679,0
2026021103,48251408_18_1770814557,深圳DYG,钎城,敖隐,6,0,1,7.0,9414,1
2026021103,48251408_18_1770814557,桐乡情久,楠枫,少司缘,0,1,3,3.0,6466,0
2026021103,48251408_18_1770814557,桐乡情久,无玄,夏洛特,1,5,1,0.4,7697,0
2026022702,501236240_5_1772186693,济南RW侠,小度,夏洛特,3,2,6,4.5,12451,1
2026022702,501236240_5_1772186693,成都AG超玩会,大帅,盾山,0,2,3,1.5,7330,0
2026022702,501236240_5_1772186693,成都AG超玩会,染详,元流之子(坦克),1,3,1,0.7,8711,0
2026022702,501236240_5_1772186693,成都AG超玩会,小凡,海月,0,4,1,0.3,7985,0
2026022702,501236240_5_1772186693,成都AG超玩会,小俞,艾琳,2,1,1,3.0,10466,0
2026022702,501236240_5_1772186693,济南RW侠,挽墨,小乔,3,0,7,10.0,10759,1
2026022702,501236240_5_1772186693,成都AG超玩会,轩染,影,0,4,1,0.3,10122,0
2026022702,501236240_5_1772186693,济南RW侠,今屿,大司命,4,0,9,13.0,13784,1
2026022702,501236240_5_1772186693,济南RW侠,佩恩,敖隐,4,0,9,13.0,12861,1
2026022702,501236240_5_1772186693,济南RW侠,梦溪,苏烈,0,1,10,10.0,8353,1
2026020803,48251408_67_1770563260,广州TTG,萝卜,狂铁,1,4,10,2.8,13147,0
2026020803,48251408_67_1770563260,重庆狼队,信,廉颇,1,2,18,9.5,13473,1
2026020803,48251408_67_1770563260,重庆狼队,皖皖,哪吒,3,4,11,3.5,17960,1
2026020803,48251408_67_1770563260,广州TTG,涵,太乙真人,0,5,12,2.4,11199,0
2026020803,48251408_67_1770563260,广州TTG,小雪,孙尚香,8,5,6,2.8,22139,0
2026020803,48251408_67_1770563260,广州TTG,佳心,橘右京,4,4,9,3.3,17723,0
2026020803,48251408_67_1770563260,重庆狼队,紫幻,海月,6,2,9,7.5,15976,1
2026020803,48251408_67_1770563260,重庆狼队,清清,关羽,2,6,7,1.5,15523,1
2026020803,48251408_67_1770563260,广州TTG,鹤辞,西施,3,3,10,4.3,11259,0
2026020803,48251408_67_1770563260,重庆狼队,道崽,敖隐,9,2,7,8.0,18595,1
2026022502,1272988176_5_1772014117,长沙TES.A,帆帆,太乙真人,0,3,0,0.0,5530,0
2026022502,1272988176_5_1772014117,长沙TES.A,蓝桉,孙尚香,1,1,0,1.0,8412,0
2026022502,1272988176_5_1772014117,长沙TES.A,无幻,夏洛特,0,1,2,2.0,8083,0
2026022502,1272988176_5_1772014117,北京JDG,无畏,少司缘,1,0,6,7.0,7101,1
2026022502,1272988176_5_1772014117,北京JDG,轻语,狂铁,1,2,3,2.0,8191,1
2026022502,1272988176_5_1772014117,北京JDG,小寒,公孙离,2,0,4,6.0,9254,1
2026022502,1272988176_5_1772014117,北京JDG,无双,橘右京,0,0,5,5.0,9914,1
2026022502,1272988176_5_1772014117,北京JDG,清融,嬴政,3,0,4,7.0,8709,1
2026022502,1272988176_5_1772014117,长沙TES.A,景诗,姜子牙,0,0,1,1.0,6215,0
2026022502,1272988176_5_1772014117,长沙TES.A,书源,宫本武藏,1,2,1,1.0,7656,0
2026022702,501236240_4_1772184441,济南RW侠,小度,狂铁,0,0,4,4.0,8486,1
2026022702,501236240_4_1772184441,成都AG超玩会,大帅,张飞,0,1,2,2.0,5786,0
2026022702,501236240_4_1772184441,成都AG超玩会,染详,裴擒虎,1,2,0,0.5,9570,0
2026022702,501236240_4_1772184441,成都AG超玩会,小凡,沈梦溪,1,0,1,2.0,5781,0
2026022702,501236240_4_1772184441,成都AG超玩会,小俞,苍,0,1,1,1.0,8340,0
2026022702,501236240_4_1772184441,济南RW侠,挽墨,不知火舞,1,0,3,4.0,8752,1
2026022702,501236240_4_1772184441,成都AG超玩会,轩染,夏洛特,0,1,0,0.0,8401,0
2026022702,501236240_4_1772184441,济南RW侠,今屿,橘右京,2,0,3,5.0,10240,1
2026022702,501236240_4_1772184441,济南RW侠,佩恩,戈娅,1,1,3,4.0,10809,1
2026022702,501236240_4_1772184441,济南RW侠,梦溪,少司缘,1,1,4,5.0,7698,1
2026022702,501236240_7_1772191052,济南RW侠,小度,马超,2,2,5,3.5,16030,0
2026022702,501236240_7_1772191052,成都AG超玩会,大帅,太乙真人,0,5,11,2.2,10939,1
2026022702,501236240_7_1772191052,成都AG超玩会,染详,哪吒,3,2,8,5.5,15561,1
2026022702,501236240_7_1772191052,成都AG超玩会,小凡,小乔,1,1,8,9.0,12991,1
2026022702,501236240_7_1772191052,成都AG超玩会,小俞,敖隐,7,2,3,5.0,17561,1
2026022702,501236240_7_1772191052,济南RW侠,挽墨,女娲,2,2,8,5.0,12489,0
2026022702,501236240_7_1772191052,成都AG超玩会,轩染,司空震,3,2,6,4.5,15262,1
2026022702,501236240_7_1772191052,济南RW侠,今屿,云缨,5,3,5,3.3,15325,0
2026022702,501236240_7_1772191052,济南RW侠,佩恩,蚩奼,3,3,6,3.0,14473,0
2026022702,501236240_7_1772191052,济南RW侠,梦溪,张飞,0,4,10,2.5,10423,0
2026022703,1222656528_6_1772201842,广州TTG,萝卜,曹操,1,0,2,3.0,8025,0
2026022703,1222656528_6_1772201842,广州TTG,涵,桑启,1,3,2,1.0,5322,0
2026022703,1222656528_6_1772201842,北京WB,听悦,嫦娥,1,0,5,6.0,9144,1
2026022703,1222656528_6_1772201842,广州TTG,小雪,敖隐,2,0,1,3.0,8784,0
2026022703,1222656528_6_1772201842,广州TTG,佳心,大司命,0,4,2,0.5,7191,0
2026022703,1222656528_6_1772201842,北京WB,玖欣,张飞,1,0,5,6.0,7278,1
2026022703,1222656528_6_1772201842,北京WB,小麦,戈娅,2,1,3,5.0,8760,1
2026022703,1222656528_6_1772201842,广州TTG,鹤辞,沈梦溪,0,0,3,3.0,6234,0
2026022703,1222656528_6_1772201842,北京WB,梓墨,蚩奼,2,2,1,1.5,9563,1
2026022703,1222656528_6_1772201842,北京WB,暖阳,裴擒虎,1,1,4,5.0,9677,1
2026022703,1222656528_3_1772196128,广州TTG,萝卜,马超,2,2,1,1.5,11762,0
2026022703,1222656528_3_1772196128,广州TTG,涵,苏烈,0,2,3,1.5,6237,0
2026022703,1222656528_3_1772196128,北京WB,听悦,嬴政,2,2,8,5.0,9816,1
2026022703,1222656528_3_1772196128,广州TTG,小雪,狄仁杰,0,2,3,1.5,9572,0
2026022703,1222656528_3_1772196128,广州TTG,佳心,元流之子(坦克),0,4,5,1.3,8679,0
2026022703,1222656528_3_1772196128,北京WB,玖欣,少司缘,0,0,11,11.0,9488,1
2026022703,1222656528_3_1772196128,北京WB,小麦,敖隐,3,0,5,8.0,11873,1
2026022703,1222656528_3_1772196128,广州TTG,鹤辞,女娲,3,2,1,2.0,8979,0
2026022703,1222656528_3_1772196128,北京WB,梓墨,白起,1,1,7,8.0,9747,1
2026022703,1222656528_3_1772196128,北京WB,暖阳,橘右京,6,2,4,5.0,12658,1
2026022401,48251408_5_1771914969,济南RW侠,小度,司空震,0,1,0,0.0,8951,0
2026022401,48251408_5_1771914969,西安WE,明崽,沈梦溪,0,0,6,6.0,7863,1
2026022401,48251408_5_1771914969,西安WE,文涛,狂铁,2,0,4,6.0,10183,1
2026022401,48251408_5_1771914969,西安WE,子意,阿古朵,3,0,4,7.0,11492,1
2026022401,48251408_5_1771914969,西安WE,昭珏,戈娅,2,0,5,7.0,10665,1
2026022401,48251408_5_1771914969,济南RW侠,挽墨,嫦娥,0,0,0,0.0,7012,0
2026022401,48251408_5_1771914969,济南RW侠,今屿,夏侯惇,0,2,0,0.0,7002,0
2026022401,48251408_5_1771914969,济南RW侠,佩恩,艾琳,0,1,0,0.0,8236,0
2026022401,48251408_5_1771914969,西安WE,九幽,张飞,0,0,7,7.0,6534,1
2026022401,48251408_5_1771914969,济南RW侠,梦溪,盾山,0,3,0,0.0,5519,0
2026022703,1222656528_7_1772203476,广州TTG,萝卜,白起,0,4,0,0.0,5222,0
2026022703,1222656528_7_1772203476,广州TTG,涵,少司缘,0,3,0,0.0,5122,0
2026022703,1222656528_7_1772203476,北京WB,听悦,海月,1,0,11,12.0,7373,1
2026022703,1222656528_7_1772203476,广州TTG,小雪,戈娅,0,3,0,0.0,6971,0
2026022703,1222656528_7_1772203476,广州TTG,佳心,云缨,0,2,0,0.0,5899,0
2026022703,1222656528_7_1772203476,北京WB,玖欣,庄周,1,0,10,11.0,6824,1
2026022703,1222656528_7_1772203476,北京WB,小麦,元流之子(射手),6,0,5,11.0,9615,1
2026022703,1222656528_7_1772203476,广州TTG,鹤辞,嬴政,0,0,0,0.0,6475,0
2026022703,1222656528_7_1772203476,北京WB,梓墨,关羽,1,0,9,10.0,8127,1
2026022703,1222656528_7_1772203476,北京WB,暖阳,娜可露露,3,0,4,7.0,10191,1
2026020803,48251408_65_1770559059,广州TTG,萝卜,曹操,1,3,1,0.7,8268,0
2026020803,48251408_65_1770559059,重庆狼队,信,空空儿,0,1,6,6.0,6755,1
2026020803,48251408_65_1770559059,重庆狼队,皖皖,阿古朵,1,1,5,6.0,10609,1
2026020803,48251408_65_1770559059,广州TTG,涵,张飞,0,1,0,0.0,5679,0
2026020803,48251408_65_1770559059,广州TTG,小雪,公孙离,1,1,2,3.0,9619,0
2026020803,48251408_65_1770559059,广州TTG,佳心,哪吒,2,2,2,2.0,8593,0
2026020803,48251408_65_1770559059,重庆狼队,紫幻,姜子牙,1,1,5,6.0,7770,1
2026020803,48251408_65_1770559059,重庆狼队,清清,狂铁,2,0,4,6.0,10582,1
2026020803,48251408_65_1770559059,广州TTG,鹤辞,女娲,0,0,4,4.0,7587,0
2026020803,48251408_65_1770559059,重庆狼队,道崽,戈娅,3,1,2,5.0,11570,1
2026022702,501236240_8_1772193242,济南RW侠,小度,关羽,0,1,1,1.0,8375,0
2026022702,501236240_8_1772193242,成都AG超玩会,大帅,少司缘,0,0,9,9.0,8803,1
2026022702,501236240_8_1772193242,成都AG超玩会,染详,杨戬,3,0,5,8.0,10896,1
2026022702,501236240_8_1772193242,成都AG超玩会,小凡,武则天,0,0,8,8.0,8993,1
2026022702,501236240_8_1772193242,成都AG超玩会,小俞,戈娅,5,0,4,9.0,13097,1
2026022702,501236240_8_1772193242,济南RW侠,挽墨,沈梦溪,0,0,1,1.0,8562,0
2026022702,501236240_8_1772193242,成都AG超玩会,轩染,马超,1,1,6,7.0,11253,1
2026022702,501236240_8_1772193242,济南RW侠,今屿,阿古朵,0,4,0,0.0,8791,0
2026022702,501236240_8_1772193242,济南RW侠,佩恩,孙权,1,2,0,0.5,9555,0
2026022702,501236240_8_1772193242,济南RW侠,梦溪,空空儿,0,2,1,0.5,6608,0
2026022601,48251408_21_1772085734,武汉eStarPro,亮宇,戈娅,2,3,2,1.3,13140,0
2026022601,48251408_21_1772085734,武汉eStarPro,Fly,司空震,0,2,4,2.0,11084,0
2026022601,48251408_21_1772085734,上海EDG.M,花卷,沈梦溪,1,0,8,9.0,11640,1
2026022601,48251408_21_1772085734,上海EDG.M,小碎,苏烈,3,0,8,11.0,9221,1
2026022601,48251408_21_1772085734,上海EDG.M,小泽,蒙恬,0,3,10,3.3,10783,1
2026022601,48251408_21_1772085734,武汉eStarPro,小楼,大司命,1,3,3,1.3,10839,0
2026022601,48251408_21_1772085734,上海EDG.M,凌云,蚩奼,7,1,6,13.0,14402,1
2026022601,48251408_21_1772085734,武汉eStarPro,紫渊,空空儿,0,3,3,1.0,8473,0
2026022601,48251408_21_1772085734,上海EDG.M,夏凌,镜,2,0,6,8.0,15073,1
2026022601,48251408_21_1772085734,武汉eStarPro,Ming,嫦娥,1,2,2,1.5,10798,0
2026022601,48251408_22_1772087983,武汉eStarPro,亮宇,敖隐,1,1,7,8.0,10991,1
2026022601,48251408_22_1772087983,武汉eStarPro,Fly,狂铁,2,1,7,9.0,9473,1
2026022601,48251408_22_1772087983,上海EDG.M,花卷,小乔,1,2,4,2.5,7329,0
2026022601,48251408_22_1772087983,上海EDG.M,小碎,鲁班大师,0,3,9,3.0,7133,0
2026022601,48251408_22_1772087983,上海EDG.M,小泽,夏洛特,3,2,1,2.0,10791,0
2026022601,48251408_22_1772087983,武汉eStarPro,小楼,裴擒虎,6,4,4,2.5,11982,1
2026022601,48251408_22_1772087983,上海EDG.M,凌云,公孙离,4,2,4,4.0,10687,0
2026022601,48251408_22_1772087983,武汉eStarPro,紫渊,东皇太一,0,3,9,3.0,7468,1
2026022601,48251408_22_1772087983,上海EDG.M,夏凌,杨戬,2,4,6,2.0,9112,0
2026022601,48251408_22_1772087983,武汉eStarPro,Ming,沈梦溪,4,1,9,13.0,9575,1
2026022503,48251408_18_1772023171,桐乡情久,陌冷,艾琳,0,3,1,0.3,6908,0
2026022503,48251408_18_1772023171,重庆狼队,信,少司缘,1,1,11,12.0,6526,1
2026022503,48251408_18_1772023171,重庆狼队,皖皖,铠,2,0,14,16.0,7944,1
2026022503,48251408_18_1772023171,桐乡情久,深巅,阿古朵,1,4,0,0.3,7084,0
2026022503,48251408_18_1772023171,重庆狼队,紫幻,海月,2,0,10,12.0,7309,1
2026022503,48251408_18_1772023171,重庆狼队,清清,孙策,1,0,12,13.0,8368,1
2026022503,48251408_18_1772023171,桐乡情久,久寒,王昭君,0,2,1,0.5,5223,0
2026022503,48251408_18_1772023171,桐乡情久,楠枫,张良,0,4,1,0.3,5224,0
2026022503,48251408_18_1772023171,重庆狼队,道崽,苍,11,0,2,13.0,10995,1
2026022503,48251408_18_1772023171,桐乡情久,无玄,马超,0,4,1,0.3,6489,0
2026021301,48251408_32_1770962570,广州TTG,萝卜,关羽,0,1,0,0.0,6444,0
2026021301,48251408_32_1770962570,广州TTG,涵,太乙真人,0,3,0,0.0,4652,0
2026021301,48251408_32_1770962570,广州TTG,小雪,孙尚香,1,1,0,1.0,8792,0
2026021301,48251408_32_1770962570,深圳DYG,向鱼,沈梦溪,2,0,2,4.0,6876,1
2026021301,48251408_32_1770962570,深圳DYG,小乐,达摩,0,0,3,3.0,6633,1
2026021301,48251408_32_1770962570,深圳DYG,落空,盾山,0,0,6,6.0,5359,1
2026021301,48251408_32_1770962570,广州TTG,佳心,夏侯惇,0,1,1,1.0,6609,0
2026021301,48251408_32_1770962570,深圳DYG,小轩,娜可露露,3,1,3,6.0,9228,1
2026021301,48251408_32_1770962570,广州TTG,鹤辞,海月,0,1,0,0.0,4626,0
2026021301,48251408_32_1770962570,深圳DYG,钎城,艾琳,2,0,4,6.0,8472,1
2026022802,434127376_13_1772270086,北京JDG,无畏,太乙真人,0,4,14,3.5,11876,1
2026022802,434127376_13_1772270086,南通Hero久竞,落尘,元流之子(坦克),1,5,9,2.0,12427,0
2026022802,434127376_13_1772270086,北京JDG,轻语,夏洛特,6,2,5,5.5,16209,1
2026022802,434127376_13_1772270086,北京JDG,小寒,孙尚香,2,6,13,2.5,17316,1
2026022802,434127376_13_1772270086,北京JDG,无双,夏侯惇,7,1,10,17.0,15828,1
2026022802,434127376_13_1772270086,南通Hero久竞,白清,盾山,0,6,11,1.8,10311,0
2026022802,434127376_13_1772270086,南通Hero久竞,玖熙,女娲,6,1,6,12.0,13175,0
2026022802,434127376_13_1772270086,南通Hero久竞,坦然,蚩奼,4,4,9,3.3,14966,0
2026022802,434127376_13_1772270086,北京JDG,清融,嬴政,2,2,14,8.0,15705,1
2026022802,434127376_13_1772270086,南通Hero久竞,妖刀,敖隐,4,1,5,9.0,15211,0
2026022601,48251408_23_1772089827,武汉eStarPro,亮宇,公孙离,5,0,2,7.0,11743,1
2026022601,48251408_23_1772089827,武汉eStarPro,Fly,曹操,1,1,2,3.0,9706,1
2026022601,48251408_23_1772089827,上海EDG.M,花卷,姜子牙,0,2,0,0.0,6718,0
2026022601,48251408_23_1772089827,上海EDG.M,小碎,少司缘,0,1,1,1.0,6465,0
2026022601,48251408_23_1772089827,上海EDG.M,小泽,白起,0,2,0,0.0,6505,0
2026022601,48251408_23_1772089827,武汉eStarPro,小楼,云缨,1,0,7,8.0,12587,1
2026022601,48251408_23_1772089827,上海EDG.M,凌云,戈娅,1,1,0,1.0,9582,0
2026022601,48251408_23_1772089827,武汉eStarPro,紫渊,张飞,1,0,7,8.0,7191,1
2026022601,48251408_23_1772089827,上海EDG.M,夏凌,暃,0,3,0,0.0,10588,0
2026022601,48251408_23_1772089827,武汉eStarPro,Ming,海月,1,0,2,3.0,9257,1
2026022702,501236240_6_1772188760,济南RW侠,小度,达摩,1,3,2,1.0,12054,0
2026022702,501236240_6_1772188760,成都AG超玩会,大帅,空空儿,0,0,9,9.0,10550,1
2026022702,501236240_6_1772188760,成都AG超玩会,染详,镜,2,1,2,4.0,16444,1
2026022702,501236240_6_1772188760,成都AG超玩会,小凡,嬴政,1,1,5,6.0,12356,1
2026022702,501236240_6_1772188760,成都AG超玩会,小俞,公孙离,5,0,3,8.0,18139,1
2026022702,501236240_6_1772188760,济南RW侠,挽墨,武则天,1,2,2,1.5,11642,0
2026022702,501236240_6_1772188760,成都AG超玩会,轩染,蒙恬,2,1,6,8.0,12651,1
2026022702,501236240_6_1772188760,济南RW侠,今屿,韩信,0,2,1,0.5,16491,0
2026022702,501236240_6_1772188760,济南RW侠,佩恩,苍,0,1,2,2.0,16988,0
2026022702,501236240_6_1772188760,济南RW侠,梦溪,太乙真人,1,2,2,1.5,11489,0
2026022703,1222656528_5_1772199787,广州TTG,萝卜,狂铁,1,1,6,7.0,12333,1
2026022703,1222656528_5_1772199787,广州TTG,涵,太乙真人,1,0,10,11.0,8745,1
2026022703,1222656528_5_1772199787,北京WB,听悦,不知火舞,1,3,2,1.0,10029,0
2026022703,1222656528_5_1772199787,广州TTG,小雪,孙尚香,5,0,6,11.0,17118,1
2026022703,1222656528_5_1772199787,广州TTG,佳心,橘右京,3,1,6,9.0,14532,1
2026022703,1222656528_5_1772199787,北京WB,玖欣,盾山,0,4,1,0.3,8489,0
2026022703,1222656528_5_1772199787,北京WB,小麦,艾琳,0,1,2,2.0,13409,0
2026022703,1222656528_5_1772199787,广州TTG,鹤辞,西施,2,1,9,11.0,8727,1
2026022703,1222656528_5_1772199787,北京WB,梓墨,夏洛特,0,2,1,0.5,12829,0
2026022703,1222656528_5_1772199787,北京WB,暖阳,阿古朵,2,2,0,1.0,10390,0
2026030101,48251408_39_1772344911,无锡TCG,光明,关羽,1,2,2,1.5,7421,0
2026030101,48251408_39_1772344911,无锡TCG,安凉,暃,3,2,2,2.5,9728,0
2026030101,48251408_39_1772344911,上海EDG.M,鸣鸣,艾琳,3,0,4,7.0,10571,1
2026030101,48251408_39_1772344911,上海EDG.M,花卷,武则天,0,3,2,0.7,6875,1
2026030101,48251408_39_1772344911,上海EDG.M,小碎,盾山,1,0,7,8.0,6680,1
2026030101,48251408_39_1772344911,无锡TCG,北觅,蚩奼,3,1,1,4.0,9199,0
2026030101,48251408_39_1772344911,上海EDG.M,小泽,狂铁,1,3,6,2.3,7998,1
2026030101,48251408_39_1772344911,无锡TCG,清弦,小乔,0,3,3,1.0,6014,0
2026030101,48251408_39_1772344911,上海EDG.M,夏凌,橘右京,4,1,1,5.0,11121,1
2026030101,48251408_39_1772344911,无锡TCG,数字,苏烈,0,1,4,4.0,5474,0
2026022803,48251408_35_1772280146,重庆狼队,信,苏烈,0,0,5,5.0,8470,1
2026022803,48251408_35_1772280146,重庆狼队,皖皖,云缨,0,2,4,2.0,13073,1
2026022803,48251408_35_1772280146,深圳DYG,向鱼,武则天,1,0,3,4.0,10082,0
2026022803,48251408_35_1772280146,深圳DYG,小乐,曹操,2,1,2,4.0,13309,0
2026022803,48251408_35_1772280146,深圳DYG,落空,张飞,0,2,3,1.5,7724,0
2026022803,48251408_35_1772280146,重庆狼队,紫幻,小乔,2,2,2,2.0,9751,1
2026022803,48251408_35_1772280146,深圳DYG,小轩,大司命,1,1,2,3.0,10738,0
2026022803,48251408_35_1772280146,重庆狼队,清清,狂铁,1,0,3,4.0,11906,1
2026022803,48251408_35_1772280146,深圳DYG,钎城,蚩奼,0,1,1,1.0,11071,0
2026022803,48251408_35_1772280146,重庆狼队,道崽,戈娅,2,0,3,5.0,14651,1
2026022803,48251408_37_1772284404,重庆狼队,信,盾山,0,1,5,5.0,8197,1
2026022803,48251408_37_1772284404,重庆狼队,皖皖,裴擒虎,1,0,3,4.0,14758,1
2026022803,48251408_37_1772284404,深圳DYG,向鱼,女娲,0,0,2,2.0,9232,0
2026022803,48251408_37_1772284404,深圳DYG,小乐,蒙恬,0,1,0,0.0,9534,0
2026022803,48251408_37_1772284404,深圳DYG,落空,太乙真人,0,0,2,2.0,7914,0
2026022803,48251408_37_1772284404,重庆狼队,紫幻,西施,0,1,3,3.0,8683,1
2026022803,48251408_37_1772284404,深圳DYG,小轩,娜可露露,1,2,1,1.0,12946,0
2026022803,48251408_37_1772284404,重庆狼队,清清,白起,1,0,2,3.0,11099,1
2026022803,48251408_37_1772284404,深圳DYG,钎城,孙尚香,1,2,0,0.5,13962,0
2026022803,48251408_37_1772284404,重庆狼队,道崽,狄仁杰,3,0,1,4.0,14160,1
2026030101,48251408_40_1772346577,无锡TCG,光明,曹操,2,1,3,5.0,9762,1
2026030101,48251408_40_1772346577,无锡TCG,安凉,元流之子(坦克),2,1,3,5.0,9315,1
2026030101,48251408_40_1772346577,上海EDG.M,鸣鸣,敖隐,1,0,0,1.0,9200,0
2026030101,48251408_40_1772346577,上海EDG.M,花卷,小乔,0,1,1,1.0,6947,0
2026030101,48251408_40_1772346577,上海EDG.M,小碎,杨玉环,0,1,2,2.0,6112,0
2026030101,48251408_40_1772346577,无锡TCG,北觅,鲁班七号,1,0,0,1.0,10743,1
2026030101,48251408_40_1772346577,上海EDG.M,小泽,司空震,0,0,2,2.0,8759,0
2026030101,48251408_40_1772346577,无锡TCG,清弦,武则天,0,0,4,4.0,7460,1
2026030101,48251408_40_1772346577,上海EDG.M,夏凌,裴擒虎,1,3,1,0.7,9160,0
2026030101,48251408_40_1772346577,无锡TCG,数字,鲁班大师,0,0,5,5.0,6328,1
2026030101,48251408_42_1772350243,无锡TCG,光明,影,2,1,1,3.0,8904,0
2026030101,48251408_42_1772350243,无锡TCG,安凉,大司命,0,4,3,0.8,7769,0
2026030101,48251408_42_1772350243,上海EDG.M,鸣鸣,戈娅,10,0,4,14.0,12255,1
2026030101,48251408_42_1772350243,上海EDG.M,花卷,沈梦溪,0,2,12,6.0,7099,1
2026030101,48251408_42_1772350243,上海EDG.M,小碎,苏烈,0,2,10,5.0,6389,1
2026030101,48251408_42_1772350243,无锡TCG,北觅,公孙离,2,3,2,1.3,8410,0
2026030101,48251408_42_1772350243,上海EDG.M,小泽,曹操,2,1,5,7.0,10430,1
2026030101,48251408_42_1772350243,无锡TCG,清弦,嫦娥,1,3,3,1.3,7309,0
2026030101,48251408_42_1772350243,上海EDG.M,夏凌,镜,2,0,6,8.0,11336,1
2026030101,48251408_42_1772350243,无锡TCG,数字,少司缘,0,3,4,1.3,6277,0
2026030301,48251408_48_1772517791,西安WE,明崽,沈梦溪,4,0,6,10.0,12092,1
2026030301,48251408_48_1772517791,西安WE,文涛,关羽,1,4,9,2.5,11675,1
2026030301,48251408_48_1772517791,武汉eStarPro,亮宇,蚩奼,4,2,4,4.0,13025,0
2026030301,48251408_48_1772517791,西安WE,子意,云缨,4,2,6,5.0,12379,1
2026030301,48251408_48_1772517791,西安WE,昭珏,戈娅,4,1,5,9.0,14159,1
2026030301,48251408_48_1772517791,武汉eStarPro,Fly,曹操,2,4,3,1.3,11186,0
2026030301,48251408_48_1772517791,武汉eStarPro,小楼,大司命,1,2,6,3.5,12159,0
2026030301,48251408_48_1772517791,武汉eStarPro,紫渊,盾山,1,4,7,2.0,8670,0
2026030301,48251408_48_1772517791,西安WE,九幽,张飞,0,2,10,5.0,8657,1
2026030301,48251408_48_1772517791,武汉eStarPro,Ming,武则天,1,1,6,7.0,10027,0
2026030301,48251408_49_1772519890,西安WE,明崽,小乔,1,1,8,9.0,7449,0
2026030301,48251408_49_1772519890,西安WE,文涛,影,1,3,3,1.3,8618,0
2026030301,48251408_49_1772519890,武汉eStarPro,亮宇,公孙离,2,3,7,3.0,9726,1
2026030301,48251408_49_1772519890,西安WE,子意,夏侯惇,3,4,2,1.3,8357,0
2026030301,48251408_49_1772519890,西安WE,昭珏,苍,4,2,2,3.0,9636,0
2026030301,48251408_49_1772519890,武汉eStarPro,Fly,狂铁,0,2,7,3.5,8666,1
2026030301,48251408_49_1772519890,武汉eStarPro,小楼,橘右京,5,3,6,3.7,11852,1
2026030301,48251408_49_1772519890,武汉eStarPro,紫渊,少司缘,1,1,10,11.0,8664,1
2026030301,48251408_49_1772519890,西安WE,九幽,苏烈,0,3,8,2.7,6431,0
2026030301,48251408_49_1772519890,武汉eStarPro,Ming,姜子牙,5,0,5,10.0,9151,1
2026022802,434127376_14_1772272415,北京JDG,无畏,赵怀真,0,0,11,11.0,5881,1
2026022802,434127376_14_1772272415,南通Hero久竞,落尘,阿古朵,0,4,4,1.0,7758,0
2026022802,434127376_14_1772272415,北京JDG,轻语,狂铁,1,0,9,10.0,8432,1
2026022802,434127376_14_1772272415,北京JDG,小寒,孙权,3,3,5,2.7,8448,1
2026022802,434127376_14_1772272415,北京JDG,无双,裴擒虎,4,1,3,7.0,11742,1
2026022802,434127376_14_1772272415,南通Hero久竞,白清,张飞,1,2,3,2.0,5452,0
2026022802,434127376_14_1772272415,南通Hero久竞,玖熙,嫦娥,2,3,2,1.3,6232,0
2026022802,434127376_14_1772272415,南通Hero久竞,坦然,夏洛特,1,2,2,1.5,7791,0
2026022802,434127376_14_1772272415,北京JDG,清融,沈梦溪,6,0,8,14.0,8921,1
2026022802,434127376_14_1772272415,南通Hero久竞,妖刀,后羿,0,3,4,1.3,6668,0
2026030301,48251408_52_1772525348,西安WE,明崽,武则天,1,2,4,2.5,7544,0
2026030301,48251408_52_1772525348,西安WE,文涛,蒙恬,1,2,2,1.5,8916,0
2026030301,48251408_52_1772525348,武汉eStarPro,亮宇,艾琳,2,1,4,6.0,11611,1
2026030301,48251408_52_1772525348,西安WE,子意,阿古朵,3,2,4,3.5,11432,0
2026030301,48251408_52_1772525348,西安WE,昭珏,公孙离,1,3,4,1.7,10752,0
2026030301,48251408_52_1772525348,武汉eStarPro,Fly,影,3,1,3,6.0,10589,1
2026030301,48251408_52_1772525348,武汉eStarPro,小楼,云缨,4,0,2,6.0,12370,1
2026030301,48251408_52_1772525348,武汉eStarPro,紫渊,空空儿,1,4,3,1.0,7438,1
2026030301,48251408_52_1772525348,西安WE,九幽,东皇太一,1,1,5,6.0,6842,0
2026030301,48251408_52_1772525348,武汉eStarPro,Ming,大乔,0,1,9,9.0,8210,1
2026021301,48251408_34_1770966324,广州TTG,萝卜,蚩奼,0,3,0,0.0,6326,0
2026021301,48251408_34_1770966324,广州TTG,涵,空空儿,0,1,1,1.0,4729,0
2026021301,48251408_34_1770966324,广州TTG,小雪,孙权,0,2,0,0.0,7233,0
2026021301,48251408_34_1770966324,深圳DYG,向鱼,武则天,3,0,2,5.0,7201,1
2026021301,48251408_34_1770966324,深圳DYG,小乐,狂铁,1,1,5,6.0,7776,1
2026021301,48251408_34_1770966324,深圳DYG,落空,苏烈,1,0,8,9.0,6300,1
2026021301,48251408_34_1770966324,广州TTG,佳心,橘右京,0,4,0,0.0,6679,0
2026021301,48251408_34_1770966324,深圳DYG,小轩,大司命,2,0,5,7.0,9314,1
2026021301,48251408_34_1770966324,广州TTG,鹤辞,小乔,1,0,0,1.0,5406,0
2026021301,48251408_34_1770966324,深圳DYG,钎城,戈娅,3,0,6,9.0,9853,1
2026030301,48251408_51_1772523467,西安WE,明崽,西施,2,1,6,8.0,7130,1
2026030301,48251408_51_1772523467,西安WE,文涛,夏洛特,0,0,5,5.0,12289,1
2026030301,48251408_51_1772523467,武汉eStarPro,亮宇,戈娅,0,3,1,0.3,10529,0
2026030301,48251408_51_1772523467,西安WE,子意,元流之子(坦克),5,1,3,8.0,12235,1
2026030301,48251408_51_1772523467,西安WE,昭珏,孙尚香,2,1,4,6.0,13894,1
2026030301,48251408_51_1772523467,武汉eStarPro,Fly,司空震,1,2,2,1.5,9123,0
2026030301,48251408_51_1772523467,武汉eStarPro,小楼,杨戬,1,2,2,1.5,10676,0
2026030301,48251408_51_1772523467,武汉eStarPro,紫渊,张飞,0,1,3,3.0,7506,0
2026030301,48251408_51_1772523467,西安WE,九幽,太乙真人,1,0,7,8.0,7016,1
2026030301,48251408_51_1772523467,武汉eStarPro,Ming,女娲,1,2,2,1.5,9298,0
2026022802,434127376_17_1772276560,北京JDG,无畏,张飞,0,1,10,10.0,8746,1
2026022802,434127376_17_1772276560,南通Hero久竞,落尘,夏侯惇,2,3,2,1.3,9352,0
2026022802,434127376_17_1772276560,北京JDG,轻语,关羽,2,0,8,10.0,12219,1
2026022802,434127376_17_1772276560,北京JDG,小寒,戈娅,6,0,5,11.0,13524,1
2026022802,434127376_17_1772276560,北京JDG,无双,云缨,2,2,6,4.0,12506,1
2026022802,434127376_17_1772276560,南通Hero久竞,白清,苏烈,0,4,3,0.8,7172,0
2026022802,434127376_17_1772276560,南通Hero久竞,玖熙,武则天,1,1,3,4.0,9121,0
2026022802,434127376_17_1772276560,南通Hero久竞,坦然,司空震,1,2,2,1.5,11389,0
2026022802,434127376_17_1772276560,北京JDG,清融,女娲,2,1,10,12.0,11546,1
2026022802,434127376_17_1772276560,南通Hero久竞,妖刀,公孙离,0,2,2,1.0,12068,0
2026030302,48251408_55_1772538573,济南RW侠,小度,关羽,1,3,0,0.3,7123,0
2026030302,48251408_55_1772538573,杭州LGD.NBW,米苏,大司命,3,0,3,6.0,8511,1
2026030302,48251408_55_1772538573,杭州LGD.NBW,小久,戈娅,2,1,6,8.0,9529,1
2026030302,48251408_55_1772538573,杭州LGD.NBW,小崽,少司缘,1,0,7,8.0,7623,1
2026030302,48251408_55_1772538573,济南RW侠,挽墨,沈梦溪,0,2,1,0.5,5390,0
2026030302,48251408_55_1772538573,杭州LGD.NBW,小落,影,4,0,3,7.0,10895,1
2026030302,48251408_55_1772538573,杭州LGD.NBW,九尾,武则天,0,0,6,6.0,7353,1
2026030302,48251408_55_1772538573,济南RW侠,今屿,阿古朵,0,2,1,0.5,7565,0
2026030302,48251408_55_1772538573,济南RW侠,佩恩,苍,0,1,0,0.0,8244,0
2026030302,48251408_55_1772538573,济南RW侠,梦溪,张飞,0,2,1,0.5,5214,0
2026030302,48251408_56_1772540310,济南RW侠,小度,夏洛特,1,2,0,0.5,7867,0
2026030302,48251408_56_1772540310,杭州LGD.NBW,米苏,橘右京,4,1,1,5.0,10757,1
2026030302,48251408_56_1772540310,杭州LGD.NBW,小久,蚩奼,2,1,5,7.0,9650,1
2026030302,48251408_56_1772540310,杭州LGD.NBW,小崽,张飞,0,0,6,6.0,6409,1
2026030302,48251408_56_1772540310,济南RW侠,挽墨,嫦娥,0,3,2,0.7,6823,0
2026030302,48251408_56_1772540310,杭州LGD.NBW,小落,曹操,2,0,7,9.0,9661,1
2026030302,48251408_56_1772540310,杭州LGD.NBW,九尾,沈梦溪,2,1,4,6.0,8499,1
2026030302,48251408_56_1772540310,济南RW侠,今屿,云缨,2,1,1,3.0,8885,0
2026030302,48251408_56_1772540310,济南RW侠,佩恩,公孙离,0,2,1,0.5,7845,0
2026030302,48251408_56_1772540310,济南RW侠,梦溪,空空儿,0,2,3,1.5,6261,0
2026022802,434127376_16_1772274619,北京JDG,无畏,少司缘,0,3,3,1.0,7895,0
2026022802,434127376_16_1772274619,南通Hero久竞,落尘,橘右京,1,1,5,6.0,13729,1
2026022802,434127376_16_1772274619,北京JDG,轻语,元歌,2,1,1,3.0,11073,0
2026022802,434127376_16_1772274619,北京JDG,小寒,敖隐,2,2,1,1.5,11598,0
2026022802,434127376_16_1772274619,北京JDG,无双,铠,1,4,1,0.5,8597,0
2026022802,434127376_16_1772274619,南通Hero久竞,白清,张良,0,1,9,9.0,7283,1
2026022802,434127376_16_1772274619,南通Hero久竞,玖熙,王昭君,3,2,5,4.0,7057,1
2026022802,434127376_16_1772274619,南通Hero久竞,坦然,马超,8,0,4,12.0,13304,1
2026022802,434127376_16_1772274619,北京JDG,清融,武则天,0,3,4,1.3,8444,0
2026022802,434127376_16_1772274619,南通Hero久竞,妖刀,苍,1,1,11,12.0,12697,1
2026021001,48251408_3_1770703603,济南RW侠,小度,曹操,2,3,6,2.7,14768,0
2026021001,48251408_3_1770703603,长沙TES.A,帆帆,廉颇,1,4,11,3.0,10897,1
2026021001,48251408_3_1770703603,长沙TES.A,蓝桉,公孙离,5,1,4,9.0,17186,1
2026021001,48251408_3_1770703603,长沙TES.A,无幻,狂铁,2,2,5,3.5,14255,1
2026021001,48251408_3_1770703603,济南RW侠,挽墨,小乔,3,2,4,3.5,12928,0
2026021001,48251408_3_1770703603,济南RW侠,今屿,暃,1,3,7,2.7,17022,0
2026021001,48251408_3_1770703603,济南RW侠,佩恩,戈娅,5,3,5,3.3,15239,0
2026021001,48251408_3_1770703603,长沙TES.A,景诗,沈梦溪,1,1,10,11.0,12323,1
2026021001,48251408_3_1770703603,济南RW侠,梦溪,空空儿,0,3,11,3.7,11280,0
2026021001,48251408_3_1770703603,长沙TES.A,书源,哪吒,5,3,5,3.3,16346,1
2026030401,48251408_61_1772607823,桐乡情久,陌冷,敖隐,3,2,6,4.5,13843,1
2026030401,48251408_61_1772607823,北京JDG,无畏,鲁班大师,0,1,10,10.0,8479,0
2026030401,48251408_61_1772607823,北京JDG,轻语,姬小满,1,2,7,4.0,12113,0
2026030401,48251408_61_1772607823,桐乡情久,深巅,夏侯惇,1,5,7,1.6,11363,1
2026030401,48251408_61_1772607823,北京JDG,小寒,苍,4,2,7,5.5,16314,0
2026030401,48251408_61_1772607823,北京JDG,无双,杨戬,4,5,6,2.0,12262,0
2026030401,48251408_61_1772607823,桐乡情久,久寒,嬴政,5,0,6,11.0,12860,1
2026030401,48251408_61_1772607823,北京JDG,清融,王昭君,3,3,5,2.7,8822,0
2026030401,48251408_61_1772607823,桐乡情久,楠枫,朵莉亚,1,1,11,12.0,10296,1
2026030401,48251408_61_1772607823,桐乡情久,无玄,夏洛特,3,4,7,2.5,14214,1
2026030401,48251408_64_1772613864,桐乡情久,陌冷,苍,4,1,5,9.0,12159,1
2026030401,48251408_64_1772613864,北京JDG,无畏,廉颇,0,3,1,0.3,6123,0
2026030401,48251408_64_1772613864,北京JDG,轻语,夏洛特,2,3,0,0.7,10055,0
2026030401,48251408_64_1772613864,桐乡情久,深巅,哪吒,2,0,9,11.0,10587,1
2026030401,48251408_64_1772613864,北京JDG,小寒,元流之子(射手),0,1,0,0.0,9911,0
2026030401,48251408_64_1772613864,北京JDG,无双,阿古朵,0,3,0,0.0,8022,0
2026030401,48251408_64_1772613864,桐乡情久,久寒,王昭君,1,1,9,10.0,7045,1
2026030401,48251408_64_1772613864,北京JDG,清融,女娲,0,2,2,1.0,6556,0
2026030401,48251408_64_1772613864,桐乡情久,楠枫,张良,3,0,8,11.0,7000,1
2026030401,48251408_64_1772613864,桐乡情久,无玄,马超,2,0,5,7.0,11546,1
2026022502,1272988176_3_1772010089,长沙TES.A,帆帆,盾山,0,3,3,1.0,9015,0
2026022502,1272988176_3_1772010089,长沙TES.A,蓝桉,敖隐,5,4,1,1.5,14714,0
2026022502,1272988176_3_1772010089,长沙TES.A,无幻,狂铁,0,3,4,1.3,12770,0
2026022502,1272988176_3_1772010089,北京JDG,无畏,苏烈,0,2,16,8.0,9911,1
2026022502,1272988176_3_1772010089,北京JDG,轻语,马超,5,2,6,5.5,16244,1
2026022502,1272988176_3_1772010089,北京JDG,小寒,蚩奼,3,2,12,7.5,13481,1
2026022502,1272988176_3_1772010089,北京JDG,无双,夏侯惇,3,1,9,12.0,13548,1
2026022502,1272988176_3_1772010089,北京JDG,清融,小乔,6,0,10,16.0,13722,1
2026022502,1272988176_3_1772010089,长沙TES.A,景诗,不知火舞,1,3,4,1.7,12193,0
2026022502,1272988176_3_1772010089,长沙TES.A,书源,杨戬,1,4,4,1.3,11660,0
2026030401,48251408_63_1772611839,桐乡情久,陌冷,公孙离,1,2,3,2.0,12395,0
2026030401,48251408_63_1772611839,北京JDG,无畏,赵怀真,0,2,10,5.0,8818,1
2026030401,48251408_63_1772611839,北京JDG,轻语,马超,5,1,5,10.0,14070,1
2026030401,48251408_63_1772611839,桐乡情久,深巅,阿古朵,2,2,3,2.5,11535,0
2026030401,48251408_63_1772611839,北京JDG,小寒,敖隐,4,0,4,8.0,13736,1
2026030401,48251408_63_1772611839,北京JDG,无双,橘右京,2,2,6,4.0,12127,1
2026030401,48251408_63_1772611839,桐乡情久,久寒,不知火舞,1,4,2,0.8,8888,0
2026030401,48251408_63_1772611839,北京JDG,清融,沈梦溪,2,0,8,10.0,9676,1
2026030401,48251408_63_1772611839,桐乡情久,楠枫,空空儿,1,2,4,2.5,8448,0
2026030401,48251408_63_1772611839,桐乡情久,无玄,影,0,3,3,1.0,11830,0
2026030401,48251408_65_1772616004,桐乡情久,陌冷,蚩奼,7,3,5,4.0,15965,0
2026030401,48251408_65_1772616004,北京JDG,无畏,盾山,0,3,12,4.0,10704,1
2026030401,48251408_65_1772616004,北京JDG,轻语,夏洛特,5,2,5,5.0,16881,1
2026030401,48251408_65_1772616004,桐乡情久,深巅,元流之子(坦克),4,4,8,3.0,13536,0
2026030401,48251408_65_1772616004,北京JDG,小寒,艾琳,5,5,7,2.4,16455,1
2026030401,48251408_65_1772616004,北京JDG,无双,元流之子(坦克),2,2,10,6.0,13375,1
2026030401,48251408_65_1772616004,桐乡情久,久寒,沈梦溪,0,3,9,3.0,12084,0
2026030401,48251408_65_1772616004,北京JDG,清融,沈梦溪,3,1,10,13.0,13159,1
2026030401,48251408_65_1772616004,桐乡情久,楠枫,鲁班大师,0,4,10,2.5,10373,0
2026030401,48251408_65_1772616004,桐乡情久,无玄,曹操,2,1,8,10.0,16032,0
2026030402,48251408_69_1772625796,广州TTG,萝卜,白起,0,2,1,0.5,6834,0
2026030402,48251408_69_1772625796,成都AG超玩会,大帅,鲁班大师,1,1,6,7.0,6380,1
2026030402,48251408_69_1772625796,广州TTG,涵,墨子,0,2,1,0.5,4694,0
2026030402,48251408_69_1772625796,成都AG超玩会,染详,裴擒虎,2,0,4,6.0,11229,1
2026030402,48251408_69_1772625796,成都AG超玩会,小凡,海月,2,0,6,8.0,7307,1
2026030402,48251408_69_1772625796,成都AG超玩会,小俞,苍,3,0,3,6.0,9384,1
2026030402,48251408_69_1772625796,广州TTG,小雪,狄仁杰,0,1,1,1.0,7928,0
2026030402,48251408_69_1772625796,成都AG超玩会,轩染,蒙恬,0,0,7,7.0,7626,1
2026030402,48251408_69_1772625796,广州TTG,佳心,铠,1,2,0,0.5,6497,0
2026030402,48251408_69_1772625796,广州TTG,鹤辞,杨玉环,0,1,1,1.0,5781,0
2026030301,48251408_50_1772521643,西安WE,明崽,女娲,1,0,4,5.0,8029,1
2026030301,48251408_50_1772521643,西安WE,文涛,狂铁,3,0,3,6.0,9998,1
2026030301,48251408_50_1772521643,武汉eStarPro,亮宇,狄仁杰,1,2,2,1.5,8804,0
2026030301,48251408_50_1772521643,西安WE,子意,杨戬,2,2,6,4.0,8960,1
2026030301,48251408_50_1772521643,西安WE,昭珏,敖隐,3,0,4,7.0,9789,1
2026030301,48251408_50_1772521643,武汉eStarPro,Fly,白起,1,1,1,2.0,6555,0
2026030301,48251408_50_1772521643,武汉eStarPro,小楼,镜,0,4,3,0.8,8963,0
2026030301,48251408_50_1772521643,武汉eStarPro,紫渊,元流之子(辅助),0,1,3,3.0,6160,0
2026030301,48251408_50_1772521643,西安WE,九幽,墨子,0,1,6,6.0,6026,1
2026030301,48251408_50_1772521643,武汉eStarPro,Ming,沈梦溪,1,1,2,3.0,6804,0
2026030401,48251408_60_1772605891,桐乡情久,陌冷,戈娅,4,1,4,8.0,11770,1
2026030401,48251408_60_1772605891,北京JDG,无畏,少司缘,1,2,4,2.5,8907,0
2026030401,48251408_60_1772605891,北京JDG,轻语,司空震,3,2,4,3.5,10636,0
2026030401,48251408_60_1772605891,桐乡情久,深巅,裴擒虎,0,4,1,0.3,10040,1
2026030401,48251408_60_1772605891,北京JDG,小寒,公孙离,1,1,2,3.0,11346,0
2026030401,48251408_60_1772605891,北京JDG,无双,大司命,2,2,4,3.0,9842,0
2026030401,48251408_60_1772605891,桐乡情久,久寒,沈梦溪,3,1,2,5.0,9656,1
2026030401,48251408_60_1772605891,北京JDG,清融,杨玉环,1,2,4,2.5,9113,0
2026030401,48251408_60_1772605891,桐乡情久,楠枫,苏烈,0,1,7,7.0,7666,1
2026030401,48251408_60_1772605891,桐乡情久,无玄,曹操,2,1,4,6.0,11527,1
2026030402,48251408_71_1772629987,广州TTG,萝卜,影,0,2,1,0.5,8727,0
2026030402,48251408_71_1772629987,成都AG超玩会,大帅,杨玉环,0,1,11,11.0,6548,1
2026030402,48251408_71_1772629987,广州TTG,涵,空空儿,0,3,3,1.0,5461,0
2026030402,48251408_71_1772629987,成都AG超玩会,染详,韩信,4,0,5,9.0,11452,1
2026030402,48251408_71_1772629987,成都AG超玩会,小凡,武则天,0,1,6,6.0,6674,1
2026030402,48251408_71_1772629987,成都AG超玩会,小俞,孙权,4,1,2,6.0,10304,1
2026030402,48251408_71_1772629987,广州TTG,小雪,戈娅,1,2,0,0.5,9337,0
2026030402,48251408_71_1772629987,成都AG超玩会,轩染,狂铁,3,0,4,7.0,9813,1
2026030402,48251408_71_1772629987,广州TTG,佳心,镜,2,2,1,1.5,8089,0
2026030402,48251408_71_1772629987,广州TTG,鹤辞,不知火舞,0,2,0,0.0,5461,0
2026030402,48251408_66_1772622151,广州TTG,萝卜,达摩,1,1,3,4.0,8776,1
2026030402,48251408_66_1772622151,成都AG超玩会,大帅,少司缘,0,1,1,1.0,6692,0
2026030402,48251408_66_1772622151,广州TTG,涵,元流之子(辅助),1,0,6,7.0,7150,1
2026030402,48251408_66_1772622151,成都AG超玩会,染详,大司命,0,2,1,0.5,8293,0
2026030402,48251408_66_1772622151,成都AG超玩会,小凡,嫦娥,0,1,1,1.0,6859,0
2026030402,48251408_66_1772622151,成都AG超玩会,小俞,公孙离,1,1,0,1.0,8280,0
2026030402,48251408_66_1772622151,广州TTG,小雪,敖隐,2,0,5,7.0,10586,1
2026030402,48251408_66_1772622151,成都AG超玩会,轩染,夏洛特,0,2,1,0.5,7502,0
2026030402,48251408_66_1772622151,广州TTG,佳心,橘右京,3,0,1,4.0,10591,1
2026030402,48251408_66_1772622151,广州TTG,鹤辞,沈梦溪,0,0,4,4.0,8475,1
2026021301,48251408_33_1770964277,广州TTG,萝卜,司空震,0,3,0,0.0,10104,0
2026021301,48251408_33_1770964277,广州TTG,涵,元流之子(辅助),1,2,5,3.0,8603,0
2026021301,48251408_33_1770964277,广州TTG,小雪,敖隐,2,1,4,6.0,13814,0
2026021301,48251408_33_1770964277,深圳DYG,向鱼,王昭君,0,1,6,6.0,8406,1
2026021301,48251408_33_1770964277,深圳DYG,小乐,老夫子,2,2,5,3.5,13411,1
2026021301,48251408_33_1770964277,深圳DYG,落空,鲁班大师,1,0,8,9.0,8381,1
2026021301,48251408_33_1770964277,广州TTG,佳心,铠,0,3,3,1.0,9583,0
2026021301,48251408_33_1770964277,深圳DYG,小轩,杨戬,2,4,6,2.0,13276,1
2026021301,48251408_33_1770964277,广州TTG,鹤辞,沈梦溪,5,1,3,8.0,11325,0
2026021301,48251408_33_1770964277,深圳DYG,钎城,后羿,5,1,2,7.0,14159,1
2026030702,836780560_19_1772877676,西安WE,明崽,小乔,0,2,11,5.5,6439,1
2026030702,836780560_19_1772877676,杭州LGD.NBW,米苏,宫本武藏,1,4,3,1.0,7551,0
2026030702,836780560_19_1772877676,杭州LGD.NBW,小久,戈娅,0,1,3,3.0,7874,0
2026030702,836780560_19_1772877676,西安WE,文涛,狂铁,3,0,8,11.0,9150,1
2026030702,836780560_19_1772877676,杭州LGD.NBW,小崽,张飞,1,3,2,1.0,5321,0
2026030702,836780560_19_1772877676,西安WE,子意,橘右京,3,0,10,13.0,11193,1
2026030702,836780560_19_1772877676,西安WE,昭珏,孙尚香,9,1,0,9.0,11579,1
2026030702,836780560_19_1772877676,杭州LGD.NBW,小落,马超,1,3,2,1.0,7033,0
2026030702,836780560_19_1772877676,杭州LGD.NBW,九尾,沈梦溪,1,4,3,1.0,5716,0
2026030702,836780560_19_1772877676,西安WE,九幽,太乙真人,0,1,13,13.0,6460,1
2026030701,48251408_78_1772869071,长沙TES.A,帆帆,苏烈,1,2,3,2.0,7703,0
2026030701,48251408_78_1772869071,广州TTG,萝卜,司空震,2,0,6,8.0,13128,1
2026030701,48251408_78_1772869071,长沙TES.A,蓝桉,孙权,1,2,3,2.0,10837,0
2026030701,48251408_78_1772869071,长沙TES.A,无幻,关羽,0,2,3,1.5,10737,0
2026030701,48251408_78_1772869071,广州TTG,涵,少司缘,0,1,9,9.0,9546,1
2026030701,48251408_78_1772869071,广州TTG,小雪,蚩奼,5,0,4,9.0,12890,1
2026030701,48251408_78_1772869071,广州TTG,佳心,铠,0,2,8,4.0,10401,1
2026030701,48251408_78_1772869071,广州TTG,鹤辞,嫦娥,3,1,4,7.0,11774,1
2026030701,48251408_78_1772869071,长沙TES.A,景诗,不知火舞,2,2,1,1.5,9193,0
2026030701,48251408_78_1772869071,长沙TES.A,书源,橘右京,0,2,3,1.5,11889,0
2026030702,836780560_21_1772881026,西安WE,明崽,女娲,0,1,0,0.0,6670,0
2026030702,836780560_21_1772881026,杭州LGD.NBW,米苏,阿古朵,2,0,3,5.0,10204,1
2026030702,836780560_21_1772881026,杭州LGD.NBW,小久,蚩奼,2,0,1,3.0,10105,1
2026030702,836780560_21_1772881026,西安WE,文涛,曹操,0,1,0,0.0,7830,0
2026030702,836780560_21_1772881026,杭州LGD.NBW,小崽,廉颇,0,0,4,4.0,6790,1
2026030702,836780560_21_1772881026,西安WE,子意,杨戬,0,2,0,0.0,8185,0
2026030702,836780560_21_1772881026,西安WE,昭珏,苍,0,0,0,0.0,8746,0
2026030702,836780560_21_1772881026,杭州LGD.NBW,小落,狂铁,0,0,5,5.0,10006,1
2026030702,836780560_21_1772881026,杭州LGD.NBW,九尾,嬴政,1,0,3,4.0,9847,1
2026030702,836780560_21_1772881026,西安WE,九幽,张飞,0,1,0,0.0,5593,0
2026030103,501236240_11_1772366522,长沙TES.A,帆帆,太乙真人,0,4,3,0.8,7819,0
2026030103,501236240_11_1772366522,成都AG超玩会,大帅,盾山,0,0,9,9.0,9294,1
2026030103,501236240_11_1772366522,长沙TES.A,蓝桉,孙尚香,3,1,1,4.0,13624,0
2026030103,501236240_11_1772366522,长沙TES.A,无幻,关羽,0,2,3,1.5,10733,0
2026030103,501236240_11_1772366522,成都AG超玩会,染详,夏侯惇,0,3,3,1.0,9600,1
2026030103,501236240_11_1772366522,成都AG超玩会,小凡,嬴政,1,0,8,9.0,10359,1
2026030103,501236240_11_1772366522,成都AG超玩会,小俞,艾琳,6,0,3,9.0,15055,1
2026030103,501236240_11_1772366522,成都AG超玩会,轩染,影,2,1,5,7.0,12643,1
2026030103,501236240_11_1772366522,长沙TES.A,景诗,安琪拉,0,2,3,1.5,9314,0
2026030103,501236240_11_1772366522,长沙TES.A,书源,铠,1,0,3,4.0,10076,0
2026030702,836780560_18_1772875794,西安WE,明崽,王昭君,2,1,7,9.0,7916,1
2026030702,836780560_18_1772875794,杭州LGD.NBW,米苏,夏侯惇,1,1,3,4.0,8566,0
2026030702,836780560_18_1772875794,杭州LGD.NBW,小久,苍,1,3,2,1.0,10515,0
2026030702,836780560_18_1772875794,西安WE,文涛,马超,2,0,5,7.0,12673,1
2026030702,836780560_18_1772875794,杭州LGD.NBW,小崽,少司缘,0,3,6,2.0,7319,0
2026030702,836780560_18_1772875794,西安WE,子意,哪吒,4,2,7,5.5,12681,1
2026030702,836780560_18_1772875794,西安WE,昭珏,艾琳,4,1,4,8.0,11537,1
2026030702,836780560_18_1772875794,杭州LGD.NBW,小落,元歌,2,3,2,1.3,9935,0
2026030702,836780560_18_1772875794,杭州LGD.NBW,九尾,武则天,2,2,4,3.0,8200,0
2026030702,836780560_18_1772875794,西安WE,九幽,张良,0,2,10,5.0,7702,1
2026030103,501236240_12_1772368682,长沙TES.A,星河,苏烈,0,3,1,0.3,5812,0
2026030103,501236240_12_1772368682,成都AG超玩会,大帅,张飞,1,0,11,12.0,7802,1
2026030103,501236240_12_1772368682,长沙TES.A,蓝桉,蚩奼,0,3,1,0.3,9044,0
2026030103,501236240_12_1772368682,长沙TES.A,无幻,夏洛特,1,4,0,0.3,8578,0
2026030103,501236240_12_1772368682,成都AG超玩会,染详,杨戬,2,1,6,8.0,9612,1
2026030103,501236240_12_1772368682,成都AG超玩会,小凡,沈梦溪,2,0,10,12.0,9147,1
2026030103,501236240_12_1772368682,成都AG超玩会,小俞,公孙离,3,0,9,12.0,11663,1
2026030103,501236240_12_1772368682,长沙TES.A,安七,云缨,0,2,1,0.5,8792,0
2026030103,501236240_12_1772368682,成都AG超玩会,轩染,曹操,5,0,6,11.0,9920,1
2026030103,501236240_12_1772368682,长沙TES.A,景诗,嫦娥,0,1,1,1.0,7906,0
2026030701,48251408_76_1772865605,长沙TES.A,帆帆,张飞,0,1,3,3.0,5314,0
2026030701,48251408_76_1772865605,广州TTG,萝卜,达摩,0,2,3,1.5,8548,1
2026030701,48251408_76_1772865605,长沙TES.A,蓝桉,艾琳,1,2,1,1.0,8417,0
2026030701,48251408_76_1772865605,长沙TES.A,无幻,夏洛特,1,2,2,1.5,8589,0
2026030701,48251408_76_1772865605,广州TTG,涵,苏烈,0,0,5,5.0,6359,1
2026030701,48251408_76_1772865605,广州TTG,小雪,戈娅,3,0,3,6.0,11383,1
2026030701,48251408_76_1772865605,广州TTG,佳心,镜,3,0,3,6.0,11439,1
2026030701,48251408_76_1772865605,广州TTG,鹤辞,海月,1,1,3,4.0,7296,1
2026030701,48251408_76_1772865605,长沙TES.A,景诗,女娲,0,2,3,1.5,6201,0
2026030701,48251408_76_1772865605,长沙TES.A,书源,云缨,1,0,2,3.0,8920,0
2026030701,48251408_75_1772863358,长沙TES.A,帆帆,元流之子(辅助),0,1,4,4.0,10511,0
2026030701,48251408_75_1772863358,广州TTG,萝卜,狂铁,4,1,0,4.0,14721,1
2026030701,48251408_75_1772863358,长沙TES.A,蓝桉,敖隐,0,2,4,2.0,15421,0
2026030701,48251408_75_1772863358,长沙TES.A,无幻,曹操,1,2,2,1.5,14280,0
2026030701,48251408_75_1772863358,广州TTG,涵,鲁班大师,1,2,5,3.0,10277,1
2026030701,48251408_75_1772863358,广州TTG,小雪,虞姬,2,1,4,6.0,15963,1
2026030701,48251408_75_1772863358,广州TTG,佳心,杨戬,1,1,6,7.0,13902,1
2026030701,48251408_75_1772863358,广州TTG,鹤辞,嬴政,2,0,6,8.0,13334,1
2026030701,48251408_75_1772863358,长沙TES.A,景诗,小乔,1,3,2,1.0,10823,0
2026030701,48251408_75_1772863358,长沙TES.A,书源,大司命,3,2,2,2.5,15055,0
2026030402,48251408_68_1772623933,广州TTG,萝卜,狂铁,1,1,9,10.0,9794,1
2026030402,48251408_68_1772623933,成都AG超玩会,大帅,张飞,0,1,5,5.0,6684,0
2026030402,48251408_68_1772623933,广州TTG,涵,苏烈,0,2,8,4.0,6902,1
2026030402,48251408_68_1772623933,成都AG超玩会,染详,宫本武藏,0,5,3,0.6,8606,0
2026030402,48251408_68_1772623933,成都AG超玩会,小凡,沈梦溪,0,2,5,2.5,7216,0
2026030402,48251408_68_1772623933,成都AG超玩会,小俞,敖隐,3,1,1,4.0,9938,0
2026030402,48251408_68_1772623933,广州TTG,小雪,蚩奼,4,1,3,7.0,10364,1
2026030402,48251408_68_1772623933,成都AG超玩会,轩染,曹操,2,2,1,1.5,7877,0
2026030402,48251408_68_1772623933,广州TTG,佳心,阿古朵,3,1,6,9.0,9606,1
2026030402,48251408_68_1772623933,广州TTG,鹤辞,嫦娥,3,0,5,8.0,8808,1
2026030801,48251408_83_1772955452,桐乡情久,陌冷,戈娅,4,0,6,10.0,10063,1
2026030801,48251408_83_1772955452,南通Hero久竞,落尘,夏侯惇,0,3,0,0.0,5605,0
2026030801,48251408_83_1772955452,桐乡情久,深巅,元流之子(坦克),0,1,8,8.0,8112,1
2026030801,48251408_83_1772955452,南通Hero久竞,白清,苏烈,0,3,0,0.0,4631,0
2026030801,48251408_83_1772955452,桐乡情久,久寒,姜子牙,2,0,10,12.0,7480,1
2026030801,48251408_83_1772955452,南通Hero久竞,玖熙,嫦娥,0,3,1,0.3,6583,0
2026030801,48251408_83_1772955452,南通Hero久竞,坦然,司空震,1,2,0,0.5,7873,0
2026030801,48251408_83_1772955452,桐乡情久,楠枫,张飞,0,0,12,12.0,6733,1
2026030801,48251408_83_1772955452,南通Hero久竞,妖刀,公孙离,0,2,1,0.5,6791,0
2026030801,48251408_83_1772955452,桐乡情久,无玄,蚩奼,7,0,5,12.0,11519,1
2026030702,836780560_17_1772873984,西安WE,明崽,沈梦溪,0,2,3,1.5,7182,0
2026030702,836780560_17_1772873984,杭州LGD.NBW,米苏,云缨,3,0,4,7.0,12081,1
2026030702,836780560_17_1772873984,杭州LGD.NBW,小久,艾琳,5,0,4,9.0,13091,1
2026030702,836780560_17_1772873984,西安WE,文涛,蒙恬,2,2,2,2.0,8043,0
2026030702,836780560_17_1772873984,杭州LGD.NBW,小崽,盾山,0,0,9,9.0,8321,1
2026030702,836780560_17_1772873984,西安WE,子意,裴擒虎,2,2,2,2.0,12494,0
2026030702,836780560_17_1772873984,西安WE,昭珏,敖隐,1,0,2,3.0,9846,0
2026030702,836780560_17_1772873984,杭州LGD.NBW,小落,吕布,1,2,3,2.0,8526,1
2026030702,836780560_17_1772873984,杭州LGD.NBW,九尾,不知火舞,0,3,4,1.3,9037,1
2026030702,836780560_17_1772873984,西安WE,九幽,苏烈,0,3,5,1.7,6618,0
2026030801,48251408_81_1772951417,桐乡情久,陌冷,敖隐,0,2,2,1.0,7713,0
2026030801,48251408_81_1772951417,南通Hero久竞,落尘,杨戬,6,0,4,10.0,10607,1
2026030801,48251408_81_1772951417,桐乡情久,深巅,阿古朵,0,3,2,0.7,7308,0
2026030801,48251408_81_1772951417,南通Hero久竞,白清,盾山,0,1,6,6.0,6708,1
2026030801,48251408_81_1772951417,桐乡情久,久寒,海月,1,3,1,0.7,6653,0
2026030801,48251408_81_1772951417,南通Hero久竞,玖熙,武则天,2,0,7,9.0,7612,1
2026030801,48251408_81_1772951417,南通Hero久竞,坦然,曹操,3,0,2,5.0,10754,1
2026030801,48251408_81_1772951417,桐乡情久,楠枫,庄周,1,3,1,0.7,5903,0
2026030801,48251408_81_1772951417,南通Hero久竞,妖刀,后羿,1,1,7,8.0,10206,1
2026030801,48251408_81_1772951417,桐乡情久,无玄,马超,0,1,0,0.0,10870,0
2026030801,48251408_82_1772953194,桐乡情久,陌冷,苍,2,2,4,3.0,16206,1
2026030801,48251408_82_1772953194,南通Hero久竞,落尘,哪吒,4,3,5,3.0,15343,0
2026030801,48251408_82_1772953194,桐乡情久,深巅,夏侯惇,1,2,5,3.0,13858,1
2026030801,48251408_82_1772953194,南通Hero久竞,白清,张飞,0,4,6,1.5,10403,0
2026030801,48251408_82_1772953194,桐乡情久,久寒,女娲,1,2,8,4.5,13220,1
2026030801,48251408_82_1772953194,南通Hero久竞,玖熙,嬴政,2,0,4,6.0,12913,0
2026030801,48251408_82_1772953194,南通Hero久竞,坦然,夏洛特,4,1,4,8.0,14850,0
2026030801,48251408_82_1772953194,桐乡情久,楠枫,少司缘,2,1,7,9.0,12924,1
2026030801,48251408_82_1772953194,南通Hero久竞,妖刀,敖隐,0,2,4,2.0,14993,0
2026030801,48251408_82_1772953194,桐乡情久,无玄,曹操,4,3,4,2.7,16913,1
2026030802,48251408_87_1772966624,KSG,句号,宫本武藏,2,2,10,6.0,11138,1
2026030802,48251408_87_1772966624,KSG,小屿,阿古朵,5,1,5,10.0,11568,1
2026030802,48251408_87_1772966624,KSG,流浪,安琪拉,1,3,9,3.3,9980,1
2026030802,48251408_87_1772966624,KSG,无言,夏洛特,7,1,6,13.0,10906,1
2026030802,48251408_87_1772966624,深圳DYG,向鱼,小乔,1,4,2,0.8,6986,0
2026030802,48251408_87_1772966624,深圳DYG,小乐,司空震,3,3,3,2.0,10591,0
2026030802,48251408_87_1772966624,深圳DYG,落空,空空儿,1,4,7,2.0,6986,0
2026030802,48251408_87_1772966624,深圳DYG,小轩,云缨,3,2,3,3.0,12079,0
2026030802,48251408_87_1772966624,KSG,一笙,张飞,1,1,14,15.0,8095,1
2026030802,48251408_87_1772966624,深圳DYG,钎城,虞姬,0,3,4,1.3,10161,0
2026030802,48251408_86_1772964840,KSG,句号,裴擒虎,3,1,3,6.0,11560,1
2026030802,48251408_86_1772964840,KSG,小屿,敖隐,2,0,2,4.0,10043,1
2026030802,48251408_86_1772964840,KSG,流浪,女娲,2,0,4,6.0,7995,1
2026030802,48251408_86_1772964840,KSG,无言,蒙恬,1,0,4,5.0,8076,1
2026030802,48251408_86_1772964840,深圳DYG,向鱼,武则天,1,2,1,1.0,6855,0
2026030802,48251408_86_1772964840,深圳DYG,小乐,蚩奼,1,2,0,0.5,8559,0
2026030802,48251408_86_1772964840,深圳DYG,落空,苏烈,0,1,1,1.0,5490,0
2026030802,48251408_86_1772964840,深圳DYG,小轩,哪吒,0,1,1,1.0,7956,0
2026030802,48251408_86_1772964840,KSG,一笙,少司缘,0,1,8,8.0,7364,1
2026030802,48251408_86_1772964840,深圳DYG,钎城,李元芳,0,2,2,1.0,8831,0
2026030701,48251408_77_1772867432,长沙TES.A,帆帆,太乙真人,0,1,10,10.0,6134,1
2026030701,48251408_77_1772867432,广州TTG,萝卜,关羽,0,2,1,0.5,6517,0
2026030701,48251408_77_1772867432,长沙TES.A,蓝桉,孙尚香,2,0,5,7.0,9687,1
2026030701,48251408_77_1772867432,长沙TES.A,无幻,马超,4,1,1,5.0,9615,1
2026030701,48251408_77_1772867432,广州TTG,涵,盾山,0,3,2,0.7,4467,0
2026030701,48251408_77_1772867432,广州TTG,小雪,敖隐,0,1,1,1.0,6745,0
2026030701,48251408_77_1772867432,广州TTG,佳心,曹操,1,2,1,1.0,6219,0
2026030701,48251408_77_1772867432,广州TTG,鹤辞,武则天,1,2,1,1.0,5804,0
2026030701,48251408_77_1772867432,长沙TES.A,景诗,海月,1,0,4,5.0,6267,1
2026030701,48251408_77_1772867432,长沙TES.A,书源,杨戬,3,0,6,9.0,9242,1
2026030803,1272988176_7_1772971298,重庆狼队,信,苏烈,0,0,8,8.0,6812,1
2026030803,1272988176_7_1772971298,重庆狼队,皖皖,娜可露露,5,0,6,11.0,11442,1
2026030803,1272988176_7_1772971298,北京JDG,无畏,盾山,0,4,1,0.3,5813,0
2026030803,1272988176_7_1772971298,北京JDG,轻语,曹操,1,2,0,0.5,9068,0
2026030803,1272988176_7_1772971298,重庆狼队,紫幻,小乔,1,1,7,8.0,8310,1
2026030803,1272988176_7_1772971298,北京JDG,小寒,艾琳,0,3,0,0.0,8395,0
2026030803,1272988176_7_1772971298,北京JDG,无双,杨戬,0,3,0,0.0,7628,0
2026030803,1272988176_7_1772971298,重庆狼队,清清,白起,3,0,8,11.0,9914,1
2026030803,1272988176_7_1772971298,北京JDG,清融,安琪拉,0,0,0,0.0,7229,0
2026030803,1272988176_7_1772971298,重庆狼队,道崽,戈娅,3,0,8,11.0,11243,1
2026030803,1272988176_10_1772977573,重庆狼队,信,少司缘,1,3,17,6.0,12082,0
2026030803,1272988176_10_1772977573,重庆狼队,皖皖,杨戬,6,2,8,7.0,14426,0
2026030803,1272988176_10_1772977573,北京JDG,无畏,空空儿,2,5,12,2.8,10342,1
2026030803,1272988176_10_1772977573,北京JDG,轻语,达摩,0,5,12,2.4,12067,1
2026030803,1272988176_10_1772977573,重庆狼队,紫幻,沈梦溪,4,5,11,3.0,12159,0
2026030803,1272988176_10_1772977573,北京JDG,小寒,蚩奼,9,3,2,3.7,17213,1
2026030803,1272988176_10_1772977573,北京JDG,无双,裴擒虎,4,3,7,3.7,17283,1
2026030803,1272988176_10_1772977573,重庆狼队,清清,关羽,4,3,9,4.3,14319,0
2026030803,1272988176_10_1772977573,北京JDG,清融,小乔,0,3,9,3.0,12436,1
2026030803,1272988176_10_1772977573,重庆狼队,道崽,公孙离,4,2,7,5.5,15020,0
2026030402,48251408_70_1772627585,广州TTG,萝卜,关羽,2,4,6,2.0,13882,0
2026030402,48251408_70_1772627585,成都AG超玩会,大帅,张良,1,3,15,5.3,12166,1
2026030402,48251408_70_1772627585,广州TTG,涵,少司缘,0,2,12,6.0,12158,0
2026030402,48251408_70_1772627585,成都AG超玩会,染详,夏侯惇,4,0,13,17.0,15552,1
2026030402,48251408_70_1772627585,成都AG超玩会,小凡,王昭君,2,2,12,7.0,12357,1
2026030402,48251408_70_1772627585,成都AG超玩会,小俞,戈娅,5,3,9,4.7,18048,1
2026030402,48251408_70_1772627585,广州TTG,小雪,孙权,6,5,6,2.4,16125,0
2026030402,48251408_70_1772627585,成都AG超玩会,轩染,影,5,4,6,2.8,15240,1
2026030402,48251408_70_1772627585,广州TTG,佳心,梦奇,2,5,5,1.4,12352,0
2026030402,48251408_70_1772627585,广州TTG,鹤辞,女娲,2,1,9,11.0,12670,0
2026030401,48251408_62_1772610105,桐乡情久,陌冷,孙权,1,1,0,1.0,8491,0
2026030401,48251408_62_1772610105,北京JDG,无畏,苏烈,0,0,9,9.0,6684,1
2026030401,48251408_62_1772610105,北京JDG,轻语,影,1,2,8,4.5,9506,1
2026030401,48251408_62_1772610105,桐乡情久,深巅,元流之子(坦克),0,3,0,0.0,7065,0
2026030401,48251408_62_1772610105,北京JDG,小寒,戈娅,4,0,6,10.0,10035,1
2026030401,48251408_62_1772610105,北京JDG,无双,裴擒虎,6,0,5,11.0,11883,1
2026030401,48251408_62_1772610105,桐乡情久,久寒,小乔,0,2,1,0.5,7137,0
2026030401,48251408_62_1772610105,北京JDG,清融,武则天,2,0,8,10.0,8186,1
2026030401,48251408_62_1772610105,桐乡情久,楠枫,张飞,0,3,0,0.0,5936,0
2026030401,48251408_62_1772610105,桐乡情久,无玄,蚩奼,1,4,0,0.3,9062,0
2026030803,1272988176_8_1772973086,重庆狼队,信,墨子,0,2,4,2.0,7420,0
2026030803,1272988176_8_1772973086,重庆狼队,皖皖,哪吒,2,3,2,1.3,11271,0
2026030803,1272988176_8_1772973086,北京JDG,无畏,鲁班大师,0,2,5,2.5,8212,1
2026030803,1272988176_8_1772973086,北京JDG,轻语,夏洛特,1,1,3,4.0,12804,1
2026030803,1272988176_8_1772973086,重庆狼队,紫幻,女娲,0,1,3,3.0,7956,0
2026030803,1272988176_8_1772973086,北京JDG,小寒,公孙离,4,1,1,5.0,13311,1
2026030803,1272988176_8_1772973086,北京JDG,无双,元流之子(坦克),1,0,3,4.0,11992,1
2026030803,1272988176_8_1772973086,重庆狼队,清清,狂铁,1,1,2,3.0,10187,0
2026030803,1272988176_8_1772973086,北京JDG,清融,嬴政,1,1,4,5.0,11265,1
2026030803,1272988176_8_1772973086,重庆狼队,道崽,敖隐,2,0,3,5.0,12468,0
2026031101,1272988176_4_1773222058,北京JDG,无畏,太乙真人,1,1,4,5.0,8171,1
2026031101,1272988176_4_1773222058,KSG,句号,阿古朵,0,1,1,1.0,9242,0
2026031101,1272988176_4_1773222058,KSG,小屿,敖隐,0,1,3,3.0,10878,0
2026031101,1272988176_4_1773222058,KSG,流浪,武则天,2,0,0,2.0,7843,0
2026031101,1272988176_4_1773222058,KSG,无言,曹操,1,3,1,0.7,9470,0
2026031101,1272988176_4_1773222058,北京JDG,轻语,狂铁,2,0,6,8.0,10373,1
2026031101,1272988176_4_1773222058,北京JDG,小寒,孙尚香,1,0,4,5.0,12497,1
2026031101,1272988176_4_1773222058,KSG,一笙,盾山,0,3,3,1.0,6842,0
2026031101,1272988176_4_1773222058,北京JDG,无双,云缨,2,1,6,8.0,12381,1
2026031101,1272988176_4_1773222058,北京JDG,清融,小乔,2,1,5,7.0,10050,1
2026030803,1272988176_9_1772975215,重庆狼队,信,张良,0,1,11,11.0,9512,1
2026030803,1272988176_9_1772975215,重庆狼队,皖皖,元流之子(坦克),3,2,5,4.0,12894,1
2026030803,1272988176_9_1772975215,北京JDG,无畏,少司缘,2,3,4,2.0,10413,0
2026030803,1272988176_9_1772975215,北京JDG,轻语,关羽,1,1,2,3.0,12254,0
2026030803,1272988176_9_1772975215,重庆狼队,紫幻,王昭君,2,1,8,10.0,9623,1
2026030803,1272988176_9_1772975215,北京JDG,小寒,戈娅,3,2,4,3.5,15030,0
2026030803,1272988176_9_1772975215,北京JDG,无双,夏侯惇,0,2,6,3.0,12567,0
2026030803,1272988176_9_1772975215,重庆狼队,清清,马超,3,2,7,5.0,16194,1
2026030803,1272988176_9_1772975215,北京JDG,清融,海月,1,3,5,2.0,11823,0
2026030803,1272988176_9_1772975215,重庆狼队,道崽,苍,3,1,6,9.0,15998,1
2026031101,1272988176_6_1773226213,北京JDG,无畏,苏烈,0,1,0,0.0,5132,0
2026031101,1272988176_6_1773226213,KSG,句号,铠,0,0,6,6.0,7699,1
2026031101,1272988176_6_1773226213,KSG,小屿,公孙离,1,1,1,2.0,10472,1
2026031101,1272988176_6_1773226213,KSG,流浪,海诺,0,0,5,5.0,7849,1
2026031101,1272988176_6_1773226213,KSG,无言,夏洛特,3,0,1,4.0,9121,1
2026031101,1272988176_6_1773226213,北京JDG,轻语,马超,1,1,0,1.0,8405,0
2026031101,1272988176_6_1773226213,北京JDG,小寒,蚩奼,0,1,0,0.0,7811,0
2026031101,1272988176_6_1773226213,KSG,一笙,张飞,3,0,3,6.0,6541,1
2026031101,1272988176_6_1773226213,北京JDG,无双,阿古朵,0,2,0,0.0,6764,0
2026031101,1272988176_6_1773226213,北京JDG,清融,姜子牙,0,2,0,0.0,6339,0
2026030703,501236240_16_1772885042,成都AG超玩会,大帅,杨玉环,0,4,1,0.3,6784,0
2026030703,501236240_16_1772885042,成都AG超玩会,染详,裴擒虎,1,1,0,1.0,10373,0
2026030703,501236240_16_1772885042,成都AG超玩会,小凡,嬴政,0,0,1,1.0,7920,0
2026030703,501236240_16_1772885042,成都AG超玩会,小俞,敖隐,0,0,1,1.0,9941,0
2026030703,501236240_16_1772885042,北京WB,听悦,小乔,1,0,3,4.0,8931,1
2026030703,501236240_16_1772885042,成都AG超玩会,轩染,狂铁,0,3,1,0.3,8822,0
2026030703,501236240_16_1772885042,北京WB,玖欣,鲁班大师,0,0,7,7.0,7734,1
2026030703,501236240_16_1772885042,北京WB,小麦,元流之子(射手),4,0,2,6.0,12473,1
2026030703,501236240_16_1772885042,北京WB,梓墨,马超,1,1,2,3.0,12178,1
2026030703,501236240_16_1772885042,北京WB,暖阳,杨戬,2,0,4,6.0,12120,1
2026030703,501236240_18_1772888789,成都AG超玩会,大帅,张飞,0,2,5,2.5,7073,0
2026030703,501236240_18_1772888789,成都AG超玩会,染详,橘右京,1,2,2,1.5,10542,0
2026030703,501236240_18_1772888789,成都AG超玩会,小凡,不知火舞,1,3,4,1.7,7061,0
2026030703,501236240_18_1772888789,成都AG超玩会,小俞,蚩奼,1,2,2,1.5,9458,0
2026030703,501236240_18_1772888789,北京WB,听悦,沈梦溪,6,2,6,6.0,10266,1
2026030703,501236240_18_1772888789,成都AG超玩会,轩染,曹操,2,3,3,1.7,9199,0
2026030703,501236240_18_1772888789,北京WB,玖欣,太乙真人,1,0,9,10.0,8651,1
2026030703,501236240_18_1772888789,北京WB,小麦,孙尚香,2,2,5,3.5,11817,1
2026030703,501236240_18_1772888789,北京WB,梓墨,老夫子,1,1,6,7.0,10840,1
2026030703,501236240_18_1772888789,北京WB,暖阳,大司命,2,0,5,7.0,11110,1
2026030802,48251408_84_1772960712,KSG,句号,大司命,4,3,6,3.3,11528,1
2026030802,48251408_84_1772960712,KSG,小屿,狄仁杰,6,1,7,13.0,14516,1
2026030802,48251408_84_1772960712,KSG,流浪,西施,0,0,14,14.0,9310,1
2026030802,48251408_84_1772960712,KSG,无言,关羽,6,2,6,6.0,12834,1
2026030802,48251408_84_1772960712,深圳DYG,向鱼,姜子牙,0,1,7,7.0,8710,0
2026030802,48251408_84_1772960712,深圳DYG,小乐,狂铁,2,4,1,0.8,11172,0
2026030802,48251408_84_1772960712,深圳DYG,落空,鲁班大师,0,3,5,1.7,8040,0
2026030802,48251408_84_1772960712,深圳DYG,小轩,杨戬,1,5,3,0.8,10373,0
2026030802,48251408_84_1772960712,KSG,一笙,盾山,0,2,14,7.0,8809,1
2026030802,48251408_84_1772960712,深圳DYG,钎城,戈娅,5,3,3,2.7,13723,0
2026030803,1272988176_11_1772979888,重庆狼队,信,张飞,0,2,2,1.0,4965,0
2026030803,1272988176_11_1772979888,重庆狼队,皖皖,镜,2,1,1,3.0,8492,0
2026030803,1272988176_11_1772979888,北京JDG,无畏,赵怀真,0,1,6,6.0,5976,1
2026030803,1272988176_11_1772979888,北京JDG,轻语,司空震,1,1,4,5.0,9081,1
2026030803,1272988176_11_1772979888,重庆狼队,紫幻,海月,0,2,1,0.5,5963,0
2026030803,1272988176_11_1772979888,北京JDG,小寒,敖隐,1,0,3,4.0,8877,1
2026030803,1272988176_11_1772979888,北京JDG,无双,云缨,3,1,3,6.0,9676,1
2026030803,1272988176_11_1772979888,重庆狼队,清清,蒙恬,0,2,2,1.0,6155,0
2026030803,1272988176_11_1772979888,北京JDG,清融,沈梦溪,2,0,4,6.0,6943,1
2026030803,1272988176_11_1772979888,重庆狼队,道崽,蚩奼,1,0,1,2.0,8532,0
2026030703,501236240_20_1772892297,成都AG超玩会,大帅,苏烈,0,0,5,5.0,6334,1
2026030703,501236240_20_1772892297,成都AG超玩会,染详,诸葛亮,1,0,4,5.0,11241,1
2026030703,501236240_20_1772892297,成都AG超玩会,小凡,沈梦溪,1,0,3,4.0,7089,1
2026030703,501236240_20_1772892297,成都AG超玩会,小俞,公孙离,3,0,1,4.0,9825,1
2026030703,501236240_20_1772892297,北京WB,听悦,嫦娥,0,1,1,1.0,6753,0
2026030703,501236240_20_1772892297,成都AG超玩会,轩染,影,1,1,3,4.0,8418,1
2026030703,501236240_20_1772892297,北京WB,玖欣,墨子,0,3,1,0.3,5064,0
2026030703,501236240_20_1772892297,北京WB,小麦,狄仁杰,0,0,1,1.0,7198,0
2026030703,501236240_20_1772892297,北京WB,梓墨,司空震,0,1,0,0.0,7820,0
2026030703,501236240_20_1772892297,北京WB,暖阳,阿古朵,1,1,0,1.0,6364,0
2026030703,501236240_19_1772890617,成都AG超玩会,大帅,盾山,0,0,9,9.0,6276,1
2026030703,501236240_19_1772890617,成都AG超玩会,染详,铠,0,0,10,10.0,7562,1
2026030703,501236240_19_1772890617,成都AG超玩会,小凡,干将莫邪,1,1,5,6.0,7027,1
2026030703,501236240_19_1772890617,成都AG超玩会,小俞,艾琳,5,0,4,9.0,10618,1
2026030703,501236240_19_1772890617,北京WB,听悦,甄姬,0,3,1,0.3,5977,0
2026030703,501236240_19_1772890617,成都AG超玩会,轩染,马超,5,1,3,8.0,9859,1
2026030703,501236240_19_1772890617,北京WB,玖欣,苏烈,0,3,2,0.7,5223,0
2026030703,501236240_19_1772890617,北京WB,小麦,戈娅,0,1,2,2.0,8236,0
2026030703,501236240_19_1772890617,北京WB,梓墨,狂铁,0,3,1,0.3,6561,0
2026030703,501236240_19_1772890617,北京WB,暖阳,裴擒虎,2,1,0,2.0,8190,0
2026030302,48251408_57_1772542217,济南RW侠,小度,狂铁,2,2,6,4.0,12738,0
2026030302,48251408_57_1772542217,杭州LGD.NBW,米苏,夏侯惇,1,4,7,2.0,11888,1
2026030302,48251408_57_1772542217,杭州LGD.NBW,小久,孙尚香,4,2,5,4.5,17040,1
2026030302,48251408_57_1772542217,杭州LGD.NBW,小崽,太乙真人,0,1,9,9.0,9494,1
2026030302,48251408_57_1772542217,济南RW侠,挽墨,西施,0,2,6,3.0,8387,0
2026030302,48251408_57_1772542217,杭州LGD.NBW,小落,马超,5,0,2,7.0,15961,1
2026030302,48251408_57_1772542217,杭州LGD.NBW,九尾,海月,0,2,7,3.5,10056,1
2026030302,48251408_57_1772542217,济南RW侠,今屿,杨戬,3,4,6,2.3,13092,0
2026030302,48251408_57_1772542217,济南RW侠,佩恩,戈娅,4,2,3,3.5,15690,0
2026030302,48251408_57_1772542217,济南RW侠,梦溪,朵莉亚,0,0,9,9.0,8312,0
2026030401,48251408_59_1772604144,桐乡情久,陌冷,孙尚香,0,2,1,0.5,8325,0
2026030401,48251408_59_1772604144,北京JDG,无畏,盾山,0,0,10,10.0,5974,1
2026030401,48251408_59_1772604144,北京JDG,轻语,曹操,3,0,5,8.0,9343,1
2026030401,48251408_59_1772604144,桐乡情久,深巅,镜,1,1,0,1.0,8532,0
2026030401,48251408_59_1772604144,北京JDG,小寒,艾琳,3,1,3,6.0,9244,1
2026030401,48251408_59_1772604144,北京JDG,无双,夏侯惇,2,0,8,10.0,8774,1
2026030401,48251408_59_1772604144,桐乡情久,久寒,西施,0,2,0,0.0,4999,0
2026030401,48251408_59_1772604144,北京JDG,清融,嬴政,3,0,4,7.0,8152,1
2026030401,48251408_59_1772604144,桐乡情久,楠枫,太乙真人,0,3,0,0.0,4993,0
2026030401,48251408_59_1772604144,桐乡情久,无玄,狂铁,0,4,0,0.0,6587,0
2026022501,48251408_13_1771999306,上海RNG.M,雨空,姜子牙,0,1,1,1.0,6998,0
2026022501,48251408_13_1771999306,佛山DRG,小小阳,马超,2,1,2,4.0,13332,1
2026022501,48251408_13_1771999306,上海RNG.M,久酷,少司缘,0,1,1,1.0,6998,0
2026022501,48251408_13_1771999306,佛山DRG,花缘,狂铁,1,0,3,4.0,9894,1
2026022501,48251408_13_1771999306,佛山DRG,呆呆,张飞,1,0,4,5.0,7941,1
2026022501,48251408_13_1771999306,上海RNG.M,樱花,白起,1,0,0,1.0,9112,0
2026022501,48251408_13_1771999306,佛山DRG,梦岚,戈娅,1,0,3,4.0,10934,1
2026022501,48251408_13_1771999306,佛山DRG,柚子,海月,0,0,3,3.0,8752,1
2026022501,48251408_13_1771999306,上海RNG.M,赤辰,云缨,0,2,1,0.5,11126,0
2026022501,48251408_13_1771999306,上海RNG.M,奕雨,敖隐,0,1,1,1.0,10932,0
2026022501,48251408_15_1772003672,上海RNG.M,雨空,沈梦溪,1,2,1,1.0,9865,0
2026022501,48251408_15_1772003672,佛山DRG,小小阳,大司命,3,0,4,7.0,13596,1
2026022501,48251408_15_1772003672,上海RNG.M,久酷,墨子,0,2,3,1.5,8021,0
2026022501,48251408_15_1772003672,佛山DRG,花缘,蒙恬,0,3,8,2.7,12762,1
2026022501,48251408_15_1772003672,佛山DRG,呆呆,少司缘,1,0,8,9.0,11717,1
2026022501,48251408_15_1772003672,上海RNG.M,樱花,关羽,1,2,2,1.5,10859,0
2026022501,48251408_15_1772003672,佛山DRG,梦岚,后羿,5,0,3,8.0,14202,1
2026022501,48251408_15_1772003672,佛山DRG,柚子,海诺,0,1,8,8.0,11588,1
2026022501,48251408_15_1772003672,上海RNG.M,赤辰,阿古朵,1,1,3,4.0,12091,0
2026022501,48251408_15_1772003672,上海RNG.M,奕雨,元流之子(射手),1,2,2,1.5,12037,0
2026030703,501236240_17_1772886885,成都AG超玩会,大帅,张良,0,2,8,4.0,7337,1
2026030703,501236240_17_1772886885,成都AG超玩会,染详,镜,2,0,4,6.0,12247,1
2026030703,501236240_17_1772886885,成都AG超玩会,小凡,王昭君,1,0,7,8.0,7494,1
2026030703,501236240_17_1772886885,成都AG超玩会,小俞,苍,3,1,5,8.0,12433,1
2026030703,501236240_17_1772886885,北京WB,听悦,武则天,0,1,4,4.0,7701,0
2026030703,501236240_17_1772886885,成都AG超玩会,轩染,司空震,2,2,4,3.0,11115,1
2026030703,501236240_17_1772886885,北京WB,玖欣,少司缘,0,2,3,1.5,7499,0
2026030703,501236240_17_1772886885,北京WB,小麦,敖隐,0,0,4,4.0,10510,0
2026030703,501236240_17_1772886885,北京WB,梓墨,关羽,3,2,2,2.5,9150,0
2026030703,501236240_17_1772886885,北京WB,暖阳,暃,2,3,3,1.7,9472,0
2026031102,1222656528_6_1773239103,重庆狼队,信,太乙真人,0,1,13,13.0,7293,1
2026031102,1222656528_6_1773239103,重庆狼队,皖皖,阿古朵,3,1,10,13.0,10058,1
2026031102,1222656528_6_1773239103,北京WB,听悦,海月,1,2,2,1.5,7311,0
2026031102,1222656528_6_1773239103,重庆狼队,紫幻,武则天,1,0,12,13.0,8641,1
2026031102,1222656528_6_1773239103,北京WB,玖欣,苏烈,0,4,2,0.5,6480,0
2026031102,1222656528_6_1773239103,北京WB,小麦,苍,0,1,1,1.0,11395,0
2026031102,1222656528_6_1773239103,重庆狼队,清清,曹操,2,1,8,10.0,11174,1
2026031102,1222656528_6_1773239103,北京WB,梓墨,蚩奼,1,4,2,0.8,9661,0
2026031102,1222656528_6_1773239103,重庆狼队,道崽,孙权,8,0,4,12.0,12462,1
2026031102,1222656528_6_1773239103,北京WB,暖阳,元流之子(坦克),1,3,0,0.3,8484,0
2026031102,1222656528_4_1773235048,重庆狼队,信,苏烈,0,2,3,1.5,8704,0
2026031102,1222656528_4_1773235048,重庆狼队,皖皖,哪吒,2,2,3,2.5,13142,0
2026031102,1222656528_4_1773235048,北京WB,听悦,女娲,3,0,7,10.0,12214,1
2026031102,1222656528_4_1773235048,重庆狼队,紫幻,姜子牙,1,2,1,1.0,10434,0
2026031102,1222656528_4_1773235048,北京WB,玖欣,张飞,0,0,7,7.0,9926,1
2026031102,1222656528_4_1773235048,北京WB,小麦,戈娅,1,2,6,3.5,13988,1
2026031102,1222656528_4_1773235048,重庆狼队,清清,夏洛特,1,2,0,0.5,15169,0
2026031102,1222656528_4_1773235048,北京WB,梓墨,狂铁,4,2,5,4.5,13535,1
2026031102,1222656528_4_1773235048,重庆狼队,道崽,艾琳,1,2,4,2.5,14473,0
2026031102,1222656528_4_1773235048,北京WB,暖阳,阿古朵,2,1,5,7.0,13182,1
2026030402,48251408_72_1772631765,广州TTG,萝卜,司空震,0,2,0,0.0,7280,0
2026030402,48251408_72_1772631765,成都AG超玩会,大帅,苏烈,1,0,6,7.0,6445,1
2026030402,48251408_72_1772631765,广州TTG,涵,张飞,0,1,0,0.0,4724,0
2026030402,48251408_72_1772631765,成都AG超玩会,染详,橘右京,3,0,2,5.0,10306,1
2026030402,48251408_72_1772631765,成都AG超玩会,小凡,女娲,0,0,4,4.0,7651,1
2026030402,48251408_72_1772631765,成都AG超玩会,小俞,蚩奼,4,0,1,5.0,9381,1
2026030402,48251408_72_1772631765,广州TTG,小雪,艾琳,0,2,0,0.0,7772,0
2026030402,48251408_72_1772631765,成都AG超玩会,轩染,吕布,0,0,3,3.0,8474,1
2026030402,48251408_72_1772631765,广州TTG,佳心,裴擒虎,0,2,0,0.0,6171,0
2026030402,48251408_72_1772631765,广州TTG,鹤辞,嬴政,0,1,0,0.0,5956,0
2026031101,1272988176_5_1773224085,北京JDG,无畏,张良,1,3,10,3.7,8988,1
2026031101,1272988176_5_1773224085,KSG,句号,娜可露露,4,2,7,5.5,14730,0
2026031101,1272988176_5_1773224085,KSG,小屿,蚩奼,6,2,4,5.0,14328,0
2026031101,1272988176_5_1773224085,KSG,流浪,小乔,1,1,6,7.0,10072,0
2026031101,1272988176_5_1773224085,KSG,无言,蒙恬,0,4,7,1.8,9397,0
2026031101,1272988176_5_1773224085,北京JDG,轻语,司空震,4,2,6,5.0,12607,1
2026031101,1272988176_5_1773224085,北京JDG,小寒,孙权,2,3,8,3.3,12928,1
2026031101,1272988176_5_1773224085,KSG,一笙,少司缘,0,2,11,5.5,9282,0
2026031101,1272988176_5_1773224085,北京JDG,无双,大司命,3,2,6,4.5,12624,1
2026031101,1272988176_5_1773224085,北京JDG,清融,沈梦溪,1,1,9,10.0,10292,1
2026030102,1222656528_10_1772357706,桐乡情久,陌冷,苍,0,1,2,2.0,8452,0
2026030102,1222656528_10_1772357706,北京WB,听悦,嫦娥,2,1,3,5.0,9625,1
2026030102,1222656528_10_1772357706,桐乡情久,深巅,裴擒虎,1,2,1,1.0,8629,0
2026030102,1222656528_10_1772357706,北京WB,玖欣,少司缘,0,0,5,5.0,7520,1
2026030102,1222656528_10_1772357706,北京WB,小麦,敖隐,2,1,3,5.0,9615,1
2026030102,1222656528_10_1772357706,桐乡情久,久寒,沈梦溪,1,1,2,3.0,6828,0
2026030102,1222656528_10_1772357706,北京WB,梓墨,司空震,2,0,4,6.0,10191,1
2026030102,1222656528_10_1772357706,桐乡情久,楠枫,苏烈,0,2,2,1.0,5735,0
2026030102,1222656528_10_1772357706,北京WB,暖阳,杨戬,1,1,2,3.0,9194,1
2026030102,1222656528_10_1772357706,桐乡情久,无玄,蚩奼,1,1,0,1.0,9214,0
2026030801,48251408_80_1772949719,桐乡情久,陌冷,孙权,1,0,5,6.0,7715,1
2026030801,48251408_80_1772949719,南通Hero久竞,落尘,镜,0,1,1,1.0,8950,0
2026030801,48251408_80_1772949719,桐乡情久,深巅,橘右京,1,1,4,5.0,8367,1
2026030801,48251408_80_1772949719,南通Hero久竞,白清,少司缘,0,1,0,0.0,5185,0
2026030801,48251408_80_1772949719,桐乡情久,久寒,沈梦溪,1,1,6,7.0,6480,1
2026030801,48251408_80_1772949719,南通Hero久竞,玖熙,小乔,0,3,0,0.0,5641,0
2026030801,48251408_80_1772949719,南通Hero久竞,坦然,狂铁,1,1,0,1.0,6431,0
2026030801,48251408_80_1772949719,桐乡情久,楠枫,苏烈,0,0,7,7.0,5254,1
2026030801,48251408_80_1772949719,南通Hero久竞,妖刀,苍,0,1,1,1.0,7011,0
2026030801,48251408_80_1772949719,桐乡情久,无玄,夏洛特,4,0,2,6.0,8888,1
2026030802,48251408_85_1772962852,KSG,句号,云缨,0,2,1,0.5,9866,0
2026030802,48251408_85_1772962852,KSG,小屿,公孙离,0,1,0,0.0,10632,0
2026030802,48251408_85_1772962852,KSG,流浪,嫦娥,0,1,0,0.0,8521,0
2026030802,48251408_85_1772962852,KSG,无言,狂铁,1,3,0,0.3,8467,0
2026030802,48251408_85_1772962852,深圳DYG,向鱼,沈梦溪,2,0,4,6.0,9558,1
2026030802,48251408_85_1772962852,深圳DYG,小乐,达摩,2,1,6,8.0,10731,1
2026030802,48251408_85_1772962852,深圳DYG,落空,张飞,1,0,7,8.0,8385,1
2026030802,48251408_85_1772962852,深圳DYG,小轩,娜可露露,2,0,5,7.0,13927,1
2026030802,48251408_85_1772962852,KSG,一笙,苏烈,0,2,0,0.0,6594,0
2026030802,48251408_85_1772962852,深圳DYG,钎城,敖隐,2,0,5,7.0,12258,1
2026031102,1222656528_2_1773231408,重庆狼队,信,盾山,0,1,10,10.0,5497,1
2026031102,1222656528_2_1773231408,重庆狼队,皖皖,娜可露露,2,0,5,7.0,8776,1
2026031102,1222656528_2_1773231408,北京WB,听悦,沈梦溪,0,1,2,2.0,6524,0
2026031102,1222656528_2_1773231408,重庆狼队,紫幻,小乔,2,0,6,8.0,6783,1
2026031102,1222656528_2_1773231408,北京WB,玖欣,太乙真人,0,3,2,0.7,5280,0
2026031102,1222656528_2_1773231408,北京WB,小麦,公孙离,1,3,1,0.7,6555,0
2026031102,1222656528_2_1773231408,重庆狼队,清清,白起,1,1,5,6.0,7003,1
2026031102,1222656528_2_1773231408,北京WB,梓墨,司空震,0,1,1,1.0,7287,0
2026031102,1222656528_2_1773231408,重庆狼队,道崽,蚩奼,5,0,2,7.0,8314,1
2026031102,1222656528_2_1773231408,北京WB,暖阳,梦奇,1,2,1,1.0,6325,0
2026031201,48251408_8_1773313643,西安WE,明崽,西施,2,3,3,1.7,5601,0
2026031201,48251408_8_1773313643,长沙TES.A,帆帆,鲁班大师,0,3,10,3.3,6790,1
2026031201,48251408_8_1773313643,长沙TES.A,蓝桉,蚩奼,5,0,4,9.0,10611,1
2026031201,48251408_8_1773313643,长沙TES.A,无幻,马超,2,0,8,10.0,10889,1
2026031201,48251408_8_1773313643,西安WE,文涛,司空震,2,1,5,7.0,8235,0
2026031201,48251408_8_1773313643,西安WE,子意,橘右京,3,2,2,2.5,9812,0
2026031201,48251408_8_1773313643,西安WE,昭珏,敖隐,0,2,4,2.0,8543,0
2026031201,48251408_8_1773313643,长沙TES.A,景诗,海月,1,3,4,1.7,7236,1
2026031201,48251408_8_1773313643,西安WE,九幽,张飞,0,3,6,2.0,5570,0
2026031201,48251408_8_1773313643,长沙TES.A,书源,元流之子(坦克),3,1,7,10.0,10015,1
2026031201,48251408_6_1773310257,西安WE,明崽,武则天,2,1,5,7.0,6890,1
2026031201,48251408_6_1773310257,长沙TES.A,帆帆,廉颇,1,2,4,2.5,5331,0
2026031201,48251408_6_1773310257,长沙TES.A,蓝桉,戈娅,0,3,3,1.0,7239,0
2026031201,48251408_6_1773310257,长沙TES.A,无幻,曹操,1,2,2,1.5,7441,0
2026031201,48251408_6_1773310257,西安WE,文涛,马超,4,1,3,7.0,9015,1
2026031201,48251408_6_1773310257,西安WE,子意,阿古朵,1,1,6,7.0,8791,1
2026031201,48251408_6_1773310257,西安WE,昭珏,蚩奼,3,2,5,4.0,8539,1
2026031201,48251408_6_1773310257,长沙TES.A,景诗,嬴政,1,2,1,1.0,5639,0
2026031201,48251408_6_1773310257,西安WE,九幽,苏烈,0,0,7,7.0,6076,1
2026031201,48251408_6_1773310257,长沙TES.A,书源,镜,2,1,2,4.0,8327,0
2026022501,48251408_14_1772001192,上海RNG.M,雨空,女娲,0,2,1,0.5,12560,0
2026022501,48251408_14_1772001192,佛山DRG,小小阳,暃,9,0,4,13.0,20684,1
2026022501,48251408_14_1772001192,上海RNG.M,久酷,盾山,0,2,2,1.0,10182,0
2026022501,48251408_14_1772001192,佛山DRG,花缘,关羽,0,0,7,7.0,14728,1
2026022501,48251408_14_1772001192,佛山DRG,呆呆,苏烈,0,1,9,9.0,11233,1
2026022501,48251408_14_1772001192,上海RNG.M,樱花,达摩,0,3,1,0.3,13087,0
2026022501,48251408_14_1772001192,佛山DRG,梦岚,蚩奼,3,0,10,13.0,16627,1
2026022501,48251408_14_1772001192,佛山DRG,柚子,武则天,1,1,9,10.0,13686,1
2026022501,48251408_14_1772001192,上海RNG.M,赤辰,夏侯惇,0,5,1,0.2,12186,0
2026022501,48251408_14_1772001192,上海RNG.M,奕雨,艾琳,2,1,0,2.0,17948,0
2026031201,48251408_7_1773312003,西安WE,明崽,安琪拉,0,2,7,3.5,5876,0
2026031201,48251408_7_1773312003,长沙TES.A,帆帆,苏烈,0,3,8,2.7,5340,1
2026031201,48251408_7_1773312003,长沙TES.A,蓝桉,苍,3,0,7,10.0,9529,1
2026031201,48251408_7_1773312003,长沙TES.A,无幻,姬小满,4,2,3,3.5,8424,1
2026031201,48251408_7_1773312003,西安WE,文涛,关羽,3,3,2,1.7,7033,0
2026031201,48251408_7_1773312003,西安WE,子意,云缨,2,1,5,7.0,8403,0
2026031201,48251408_7_1773312003,西安WE,昭珏,公孙离,2,1,1,3.0,8135,0
2026031201,48251408_7_1773312003,长沙TES.A,景诗,沈梦溪,2,0,6,8.0,6137,1
2026031201,48251408_7_1773312003,西安WE,九幽,少司缘,0,4,6,1.5,5492,0
2026031201,48251408_7_1773312003,长沙TES.A,书源,橘右京,2,2,6,4.0,8739,1
2026031102,1222656528_5_1773237147,重庆狼队,信,张飞,0,1,0,0.0,6849,0
2026031102,1222656528_5_1773237147,重庆狼队,皖皖,夏侯惇,0,4,0,0.0,8059,0
2026031102,1222656528_5_1773237147,北京WB,听悦,小乔,0,1,9,9.0,9747,1
2026031102,1222656528_5_1773237147,重庆狼队,紫幻,大乔,0,2,1,0.5,8392,0
2026031102,1222656528_5_1773237147,北京WB,玖欣,少司缘,1,0,9,10.0,9521,1
2026031102,1222656528_5_1773237147,北京WB,小麦,敖隐,3,0,7,10.0,12370,1
2026031102,1222656528_5_1773237147,重庆狼队,清清,狂铁,0,2,0,0.0,11076,0
2026031102,1222656528_5_1773237147,北京WB,梓墨,夏洛特,4,0,5,9.0,11887,1
2026031102,1222656528_5_1773237147,重庆狼队,道崽,苍,1,1,0,1.0,11858,0
2026031102,1222656528_5_1773237147,北京WB,暖阳,橘右京,2,0,7,9.0,12781,1
2026013002,1222656528_5_1769768508,桐乡情久,陌冷,艾琳,0,2,2,1.0,9417,0
2026013002,1222656528_5_1769768508,北京WB,听悦,嫦娥,2,0,7,9.0,8716,1
2026013002,1222656528_5_1769768508,桐乡情久,深巅,猪八戒,0,3,2,0.7,6752,0
2026013002,1222656528_5_1769768508,北京WB,玖欣,太乙真人,0,2,10,5.0,7091,1
2026013002,1222656528_5_1769768508,北京WB,小麦,敖隐,3,0,5,8.0,10401,1
2026013002,1222656528_5_1769768508,桐乡情久,久寒,干将莫邪,1,3,2,1.0,7457,0
2026013002,1222656528_5_1769768508,北京WB,梓墨,蒙恬,3,1,6,9.0,8065,1
2026013002,1222656528_5_1769768508,桐乡情久,楠枫,苏烈,0,3,3,1.0,5595,0
2026013002,1222656528_5_1769768508,北京WB,暖阳,李白,4,0,5,9.0,11461,1
2026013002,1222656528_5_1769768508,桐乡情久,无玄,马超,2,1,1,3.0,9850,0
2026031502,48251408_19_1773565261,西安WE,明崽,沈梦溪,1,1,3,4.0,7095,0
2026031502,48251408_19_1773565261,西安WE,文涛,马超,3,2,0,1.5,9265,0
2026031502,48251408_19_1773565261,西安WE,子意,宫本武藏,0,3,1,0.3,8543,0
2026031502,48251408_19_1773565261,南通Hero久竞,落尘,杨戬,2,1,7,9.0,10876,1
2026031502,48251408_19_1773565261,西安WE,昭珏,后羿,1,2,2,1.5,8643,0
2026031502,48251408_19_1773565261,南通Hero久竞,白清,朵莉亚,0,1,9,9.0,6340,1
2026031502,48251408_19_1773565261,南通Hero久竞,玖熙,小乔,2,1,5,7.0,7961,1
2026031502,48251408_19_1773565261,南通Hero久竞,坦然,狂铁,2,1,7,9.0,8726,1
2026031502,48251408_19_1773565261,南通Hero久竞,妖刀,敖隐,3,1,3,6.0,10580,1
2026031502,48251408_19_1773565261,西安WE,九幽,苏烈,0,1,3,3.0,5854,0
2026031403,501236240_7_1773490338,成都AG超玩会,大帅,盾山,1,0,7,8.0,10414,1
2026031403,501236240_7_1773490338,KSG,句号,元流之子(坦克),0,1,1,1.0,11980,0
2026031403,501236240_7_1773490338,成都AG超玩会,小俞,艾琳,0,0,8,8.0,15719,1
2026031403,501236240_7_1773490338,KSG,小屿,孙尚香,0,1,1,1.0,17846,0
2026031403,501236240_7_1773490338,KSG,流浪,武则天,0,1,1,1.0,10322,0
2026031403,501236240_7_1773490338,KSG,无言,狂铁,2,3,0,0.7,13268,0
2026031403,501236240_7_1773490338,成都AG超玩会,轩染,影,1,1,6,7.0,14217,1
2026031403,501236240_7_1773490338,KSG,一笙,太乙真人,0,2,2,1.0,9953,0
2026031403,501236240_7_1773490338,成都AG超玩会,钟意,云缨,5,0,3,8.0,15192,1
2026031403,501236240_7_1773490338,成都AG超玩会,长生,不知火舞,1,1,4,5.0,12234,1
2026031502,48251408_21_1773568911,西安WE,明崽,姜子牙,0,1,8,8.0,9299,0
2026031502,48251408_21_1773568911,西安WE,文涛,狂铁,1,2,7,4.0,10799,0
2026031502,48251408_21_1773568911,西安WE,子意,杨戬,4,3,4,2.7,12624,0
2026031502,48251408_21_1773568911,南通Hero久竞,落尘,大司命,2,1,6,8.0,11840,1
2026031502,48251408_21_1773568911,西安WE,昭珏,狄仁杰,3,3,1,1.3,10518,0
2026031502,48251408_21_1773568911,南通Hero久竞,白清,盾山,1,2,7,4.0,7814,1
2026031502,48251408_21_1773568911,南通Hero久竞,玖熙,甄姬,2,2,8,5.0,9885,1
2026031502,48251408_21_1773568911,南通Hero久竞,坦然,曹操,4,2,4,4.0,12428,1
2026031502,48251408_21_1773568911,南通Hero久竞,妖刀,蚩奼,3,2,6,4.5,11559,1
2026031502,48251408_21_1773568911,西安WE,九幽,鲁班大师,1,3,8,3.0,7155,0
2026031503,836780560_4_1773580662,杭州LGD.NBW,米苏,云缨,0,0,4,4.0,9770,1
2026031503,836780560_4_1773580662,广州TTG,萝卜,曹操,0,2,1,0.5,7487,0
2026031503,836780560_4_1773580662,杭州LGD.NBW,小久,蚩奼,1,0,3,4.0,9939,1
2026031503,836780560_4_1773580662,广州TTG,涵,大禹,0,2,1,0.5,5030,0
2026031503,836780560_4_1773580662,杭州LGD.NBW,小崽,苏烈,1,1,6,7.0,6713,1
2026031503,836780560_4_1773580662,广州TTG,小雪,公孙离,0,2,1,0.5,8391,0
2026031503,836780560_4_1773580662,广州TTG,佳心,大司命,0,1,1,1.0,7974,0
2026031503,836780560_4_1773580662,杭州LGD.NBW,小落,司空震,4,0,1,5.0,10335,1
2026031503,836780560_4_1773580662,杭州LGD.NBW,九尾,武则天,1,0,6,7.0,8306,1
2026031503,836780560_4_1773580662,广州TTG,鹤辞,小乔,1,0,0,1.0,7193,0
2026031503,836780560_2_1773576098,杭州LGD.NBW,米苏,夏侯惇,2,2,10,6.0,13803,1
2026031503,836780560_2_1773576098,广州TTG,萝卜,司空震,2,1,7,9.0,16768,0
2026031503,836780560_2_1773576098,杭州LGD.NBW,小久,狄仁杰,6,1,6,12.0,17586,1
2026031503,836780560_2_1773576098,广州TTG,涵,鲁班大师,1,4,6,1.8,9975,0
2026031503,836780560_2_1773576098,杭州LGD.NBW,小崽,盾山,0,3,13,4.3,10613,1
2026031503,836780560_2_1773576098,广州TTG,小雪,艾琳,1,3,4,1.7,14694,0
2026031503,836780560_2_1773576098,广州TTG,佳心,元流之子(坦克),5,3,4,3.0,12539,0
2026031503,836780560_2_1773576098,杭州LGD.NBW,小落,影,0,2,7,3.5,15788,1
2026031503,836780560_2_1773576098,杭州LGD.NBW,九尾,嬴政,5,1,5,10.0,13757,1
2026031503,836780560_2_1773576098,广州TTG,鹤辞,女娲,0,2,7,3.5,11623,0
2026031801,954221072_10_1773827313,重庆狼队,信,盾山,0,2,8,4.0,8584,1
2026031801,954221072_10_1773827313,重庆狼队,皖皖,哪吒,4,1,5,9.0,13233,1
2026031801,954221072_10_1773827313,KSG,句号,云缨,2,3,4,2.0,11649,0
2026031801,954221072_10_1773827313,KSG,小屿,孙尚香,1,0,1,2.0,14626,0
2026031801,954221072_10_1773827313,KSG,流浪,西施,2,3,3,1.7,7772,0
2026031801,954221072_10_1773827313,KSG,无言,马超,0,3,5,1.7,11608,0
2026031801,954221072_10_1773827313,重庆狼队,紫幻,小乔,2,0,6,8.0,9652,1
2026031801,954221072_10_1773827313,KSG,一笙,太乙真人,1,2,5,3.0,7980,0
2026031801,954221072_10_1773827313,重庆狼队,清清,达摩,2,2,6,4.0,11544,1
2026031801,954221072_10_1773827313,重庆狼队,道崽,狄仁杰,3,1,4,7.0,13301,1
2026031101,1272988176_7_1773227972,北京JDG,无畏,张飞,1,2,12,6.5,6989,1
2026031101,1272988176_7_1773227972,KSG,句号,元流之子(坦克),1,4,4,1.3,6875,0
2026031101,1272988176_7_1773227972,KSG,小屿,孙权,2,1,1,3.0,9828,0
2026031101,1272988176_7_1773227972,KSG,流浪,王昭君,2,3,0,0.7,5612,0
2026031101,1272988176_7_1773227972,KSG,无言,司空震,1,1,4,5.0,7855,0
2026031101,1272988176_7_1773227972,北京JDG,轻语,元歌,5,1,3,8.0,9911,1
2026031101,1272988176_7_1773227972,北京JDG,小寒,戈娅,4,0,6,10.0,9632,1
2026031101,1272988176_7_1773227972,KSG,一笙,张良,0,4,6,1.5,5701,0
2026031101,1272988176_7_1773227972,北京JDG,无双,橘右京,2,1,7,9.0,10784,1
2026031101,1272988176_7_1773227972,北京JDG,清融,甄姬,1,2,8,4.5,6990,1
2026031801,954221072_11_1773829471,重庆狼队,信,鲁班大师,0,5,4,0.8,6740,0
2026031801,954221072_11_1773829471,重庆狼队,皖皖,铠,4,2,4,4.0,8842,0
2026031801,954221072_11_1773829471,KSG,句号,镜,4,2,7,5.5,11797,1
2026031801,954221072_11_1773829471,KSG,小屿,敖隐,2,2,8,5.0,11127,1
2026031801,954221072_11_1773829471,KSG,流浪,安琪拉,3,1,9,12.0,9884,1
2026031801,954221072_11_1773829471,KSG,无言,夏洛特,4,1,4,8.0,11529,1
2026031801,954221072_11_1773829471,重庆狼队,紫幻,杨玉环,3,3,2,1.7,7879,0
2026031801,954221072_11_1773829471,KSG,一笙,赵怀真,0,2,10,5.0,7573,1
2026031801,954221072_11_1773829471,重庆狼队,清清,狂铁,0,1,4,4.0,8967,0
2026031801,954221072_11_1773829471,重庆狼队,道崽,元流之子(射手),1,2,5,3.0,10380,0
2026031403,501236240_10_1773496771,成都AG超玩会,大帅,张飞,0,2,1,0.5,4004,0
2026031403,501236240_10_1773496771,KSG,句号,夏侯惇,3,0,4,7.0,7209,1
2026031403,501236240_10_1773496771,成都AG超玩会,小俞,戈娅,0,2,1,0.5,6463,0
2026031403,501236240_10_1773496771,KSG,小屿,苍,3,0,5,8.0,7966,1
2026031403,501236240_10_1773496771,KSG,流浪,嬴政,2,0,5,7.0,6809,1
2026031403,501236240_10_1773496771,KSG,无言,关羽,1,0,8,9.0,7584,1
2026031403,501236240_10_1773496771,成都AG超玩会,轩染,老夫子,1,2,0,0.5,5591,0
2026031403,501236240_10_1773496771,KSG,一笙,苏烈,0,1,9,9.0,4751,1
2026031403,501236240_10_1773496771,成都AG超玩会,钟意,元流之子(坦克),0,2,1,0.5,5543,0
2026031403,501236240_10_1773496771,成都AG超玩会,长生,女娲,0,1,1,1.0,5642,0
2026031801,954221072_9_1773824550,重庆狼队,信,张飞,2,0,11,13.0,12948,0
2026031801,954221072_9_1773824550,重庆狼队,皖皖,曜,3,4,10,3.3,18084,0
2026031801,954221072_9_1773824550,KSG,句号,哪吒,4,4,7,2.8,16158,1
2026031801,954221072_9_1773824550,KSG,小屿,苍,6,3,4,3.3,18475,1
2026031801,954221072_9_1773824550,KSG,流浪,嫦娥,0,3,10,3.3,16261,1
2026031801,954221072_9_1773824550,KSG,无言,关羽,2,3,4,2.0,16473,1
2026031801,954221072_9_1773824550,重庆狼队,紫幻,沈梦溪,4,3,8,4.0,14834,0
2026031801,954221072_9_1773824550,KSG,一笙,苏烈,1,2,10,5.5,12519,1
2026031801,954221072_9_1773824550,重庆狼队,清清,项羽,0,3,10,3.3,14082,0
2026031801,954221072_9_1773824550,重庆狼队,道崽,戈娅,6,3,8,4.7,19742,0
2026013002,1222656528_4_1769766530,桐乡情久,陌冷,蚩奼,5,3,0,1.7,11537,0
2026013002,1222656528_4_1769766530,北京WB,听悦,女娲,2,0,7,9.0,11307,1
2026013002,1222656528_4_1769766530,桐乡情久,深巅,元流之子(坦克),1,1,3,4.0,10481,0
2026013002,1222656528_4_1769766530,北京WB,玖欣,张飞,1,0,9,10.0,9338,1
2026013002,1222656528_4_1769766530,北京WB,小麦,狄仁杰,2,3,2,1.3,11849,1
2026013002,1222656528_4_1769766530,桐乡情久,久寒,王昭君,0,3,3,1.0,7798,0
2026013002,1222656528_4_1769766530,北京WB,梓墨,曹操,4,0,3,7.0,13620,1
2026013002,1222656528_4_1769766530,桐乡情久,楠枫,鲁班大师,0,2,6,3.0,7490,0
2026013002,1222656528_4_1769766530,北京WB,暖阳,裴擒虎,1,4,3,1.0,12907,1
2026013002,1222656528_4_1769766530,桐乡情久,无玄,司空震,1,1,2,3.0,12119,0
2026031801,954221072_13_1773833849,重庆狼队,信,大禹,1,0,2,3.0,7270,1
2026031801,954221072_13_1773833849,重庆狼队,皖皖,云缨,0,0,2,2.0,11055,1
2026031801,954221072_13_1773833849,KSG,句号,宫本武藏,1,3,0,0.3,9909,0
2026031801,954221072_13_1773833849,KSG,小屿,虞姬,0,1,1,1.0,11329,0
2026031801,954221072_13_1773833849,KSG,流浪,武则天,0,0,1,1.0,6745,0
2026031801,954221072_13_1773833849,KSG,无言,蒙恬,1,0,1,2.0,9133,0
2026031801,954221072_13_1773833849,重庆狼队,紫幻,海月,0,0,0,0.0,9720,1
2026031801,954221072_13_1773833849,KSG,一笙,墨子,0,0,1,1.0,6498,0
2026031801,954221072_13_1773833849,重庆狼队,清清,关羽,1,2,0,0.5,11225,1
2026031801,954221072_13_1773833849,重庆狼队,道崽,蚩奼,2,0,1,3.0,11939,1
2026031502,48251408_22_1773570972,西安WE,明崽,安琪拉,0,2,0,0.0,7070,0
2026031502,48251408_22_1773570972,西安WE,文涛,夏洛特,0,2,1,0.5,8671,0
2026031502,48251408_22_1773570972,西安WE,子意,阿古朵,0,2,0,0.0,8661,0
2026031502,48251408_22_1773570972,南通Hero久竞,落尘,裴擒虎,4,1,5,9.0,12793,1
2026031502,48251408_22_1773570972,西安WE,昭珏,孙权,1,1,0,1.0,9824,0
2026031502,48251408_22_1773570972,南通Hero久竞,白清,赵怀真,0,0,6,6.0,7241,1
2026031502,48251408_22_1773570972,南通Hero久竞,玖熙,女娲,2,0,7,9.0,9884,1
2026031502,48251408_22_1773570972,南通Hero久竞,坦然,达摩,0,0,7,7.0,8748,1
2026031502,48251408_22_1773570972,南通Hero久竞,妖刀,戈娅,4,0,3,7.0,11080,1
2026031502,48251408_22_1773570972,西安WE,九幽,大禹,0,3,1,0.3,5961,0
2026031502,48251408_20_1773567026,西安WE,明崽,不知火舞,1,1,7,8.0,8226,1
2026031502,48251408_20_1773567026,西安WE,文涛,关羽,2,1,5,7.0,9380,1
2026031502,48251408_20_1773567026,西安WE,子意,云缨,3,1,8,11.0,10842,1
2026031502,48251408_20_1773567026,南通Hero久竞,落尘,橘右京,0,3,1,0.3,8866,0
2026031502,48251408_20_1773567026,西安WE,昭珏,戈娅,6,0,6,12.0,11878,1
2026031502,48251408_20_1773567026,南通Hero久竞,白清,苏烈,0,4,2,0.5,5864,0
2026031502,48251408_20_1773567026,南通Hero久竞,玖熙,沈梦溪,1,2,2,1.5,7439,0
2026031502,48251408_20_1773567026,南通Hero久竞,坦然,马超,2,2,1,1.5,8493,0
2026031502,48251408_20_1773567026,南通Hero久竞,妖刀,苍,1,2,2,1.5,8608,0
2026031502,48251408_20_1773567026,西安WE,九幽,少司缘,1,1,12,13.0,8102,1
2026031901,48251408_28_1773910969,桐乡情久,陌冷,蚩奼,1,5,3,0.8,10212,0
2026031901,48251408_28_1773910969,西安WE,明崽,不知火舞,2,2,8,5.0,10050,1
2026031901,48251408_28_1773910969,西安WE,文涛,狂铁,4,1,7,11.0,11544,1
2026031901,48251408_28_1773910969,西安WE,子意,云缨,5,1,8,13.0,12747,1
2026031901,48251408_28_1773910969,西安WE,昭珏,戈娅,3,1,10,13.0,12024,1
2026031901,48251408_28_1773910969,桐乡情久,深巅,橘右京,2,3,3,1.7,10378,0
2026031901,48251408_28_1773910969,桐乡情久,久寒,沈梦溪,1,1,3,4.0,9084,0
2026031901,48251408_28_1773910969,桐乡情久,楠枫,大禹,1,3,5,2.0,7561,0
2026031901,48251408_28_1773910969,西安WE,九幽,少司缘,0,1,12,12.0,9629,1
2026031901,48251408_28_1773910969,桐乡情久,无玄,夏洛特,1,2,5,3.0,11919,0
2026031902,1222656528_17_1773926577,北京WB,听悦,女娲,3,0,7,10.0,7975,1
2026031902,1222656528_17_1773926577,深圳DYG,向鱼,安琪拉,0,1,2,2.0,6092,0
2026031902,1222656528_17_1773926577,深圳DYG,小乐,狂铁,1,2,3,2.0,7919,0
2026031902,1222656528_17_1773926577,深圳DYG,落空,廉颇,0,4,3,0.8,5211,0
2026031902,1222656528_17_1773926577,北京WB,玖欣,鲁班大师,0,1,10,10.0,6330,1
2026031902,1222656528_17_1773926577,深圳DYG,小轩,裴擒虎,1,3,2,1.0,9169,0
2026031902,1222656528_17_1773926577,北京WB,小麦,后羿,2,1,8,10.0,9366,1
2026031902,1222656528_17_1773926577,北京WB,梓墨,夏洛特,0,1,6,6.0,9120,1
2026031902,1222656528_17_1773926577,深圳DYG,钎城,敖隐,2,1,2,4.0,8200,0
2026031902,1222656528_17_1773926577,北京WB,暖阳,元流之子(坦克),6,1,5,11.0,9367,1
2026032002,836780560_6_1774008007,杭州LGD.NBW,米苏,夏侯惇,1,4,10,2.8,9444,1
2026032002,836780560_6_1774008007,长沙TES.A,帆帆,鲁班大师,1,2,12,6.5,7431,0
2026032002,836780560_6_1774008007,长沙TES.A,蓝桉,苍,3,2,10,6.5,11803,0
2026032002,836780560_6_1774008007,杭州LGD.NBW,小久,狄仁杰,6,1,6,12.0,13244,1
2026032002,836780560_6_1774008007,长沙TES.A,无幻,司空震,1,5,4,1.0,9714,0
2026032002,836780560_6_1774008007,杭州LGD.NBW,小崽,盾山,0,4,13,3.3,7891,1
2026032002,836780560_6_1774008007,杭州LGD.NBW,小落,夏洛特,7,4,6,3.3,11593,1
2026032002,836780560_6_1774008007,杭州LGD.NBW,九尾,海月,1,1,7,8.0,9552,1
2026032002,836780560_6_1774008007,长沙TES.A,景诗,王昭君,4,1,9,13.0,8241,0
2026032002,836780560_6_1774008007,长沙TES.A,书源,杨戬,5,5,6,2.2,10906,0
2026013002,1222656528_3_1769764695,桐乡情久,陌冷,孙尚香,1,0,0,1.0,9615,0
2026013002,1222656528_3_1769764695,北京WB,听悦,沈梦溪,1,1,5,6.0,7738,1
2026013002,1222656528_3_1769764695,桐乡情久,深巅,夏侯惇,0,4,1,0.3,7000,0
2026013002,1222656528_3_1769764695,北京WB,玖欣,盾山,1,0,8,9.0,6509,1
2026013002,1222656528_3_1769764695,北京WB,小麦,艾琳,5,1,4,9.0,9541,1
2026013002,1222656528_3_1769764695,桐乡情久,久寒,不知火舞,1,2,1,1.0,6210,0
2026013002,1222656528_3_1769764695,北京WB,梓墨,司空震,1,0,4,5.0,9780,1
2026013002,1222656528_3_1769764695,桐乡情久,楠枫,太乙真人,0,2,2,1.0,6051,0
2026013002,1222656528_3_1769764695,北京WB,暖阳,元流之子(坦克),1,0,7,8.0,8952,1
2026013002,1222656528_3_1769764695,桐乡情久,无玄,夏洛特,0,1,0,0.0,8792,0
2026032002,836780560_8_1774011952,杭州LGD.NBW,米苏,云缨,1,0,7,8.0,9734,1
2026032002,836780560_8_1774011952,长沙TES.A,帆帆,张飞,0,2,0,0.0,5136,0
2026032002,836780560_8_1774011952,长沙TES.A,蓝桉,艾琳,0,1,0,0.0,8154,0
2026032002,836780560_8_1774011952,杭州LGD.NBW,小久,戈娅,4,0,3,7.0,9734,1
2026032002,836780560_8_1774011952,长沙TES.A,无幻,夏洛特,0,2,0,0.0,7395,0
2026032002,836780560_8_1774011952,杭州LGD.NBW,小崽,少司缘,0,0,7,7.0,7084,1
2026032002,836780560_8_1774011952,杭州LGD.NBW,小落,狂铁,1,0,6,7.0,8829,1
2026032002,836780560_8_1774011952,杭州LGD.NBW,九尾,武则天,2,0,6,8.0,8755,1
2026032002,836780560_8_1774011952,长沙TES.A,景诗,女娲,0,0,0,0.0,6612,0
2026032002,836780560_8_1774011952,长沙TES.A,书源,元流之子(坦克),0,3,0,0.0,6289,0
2026031902,1222656528_16_1773924850,北京WB,听悦,沈梦溪,5,0,10,15.0,8802,1
2026031902,1222656528_16_1773924850,深圳DYG,向鱼,嬴政,0,2,0,0.0,6616,0
2026031902,1222656528_16_1773924850,深圳DYG,小乐,司空震,0,3,0,0.0,8061,0
2026031902,1222656528_16_1773924850,深圳DYG,落空,苏烈,0,4,0,0.0,5099,0
2026031902,1222656528_16_1773924850,北京WB,玖欣,张飞,1,0,11,12.0,7110,1
2026031902,1222656528_16_1773924850,深圳DYG,小轩,阿古朵,0,4,0,0.0,7155,0
2026031902,1222656528_16_1773924850,北京WB,小麦,戈娅,3,0,7,10.0,9871,1
2026031902,1222656528_16_1773924850,北京WB,梓墨,白起,2,0,10,12.0,10200,1
2026031902,1222656528_16_1773924850,深圳DYG,钎城,虞姬,0,3,0,0.0,7221,0
2026031902,1222656528_16_1773924850,北京WB,暖阳,云缨,5,0,9,14.0,10622,1
2026031902,1222656528_14_1773921660,北京WB,听悦,王昭君,0,0,14,14.0,6529,1
2026031902,1222656528_14_1773921660,深圳DYG,向鱼,沈梦溪,1,2,3,2.0,6280,0
2026031902,1222656528_14_1773921660,深圳DYG,小乐,关羽,2,3,2,1.3,6999,0
2026031902,1222656528_14_1773921660,深圳DYG,落空,少司缘,0,3,3,1.0,5705,0
2026031902,1222656528_14_1773921660,北京WB,玖欣,张良,1,1,11,12.0,5632,1
2026031902,1222656528_14_1773921660,深圳DYG,小轩,杨戬,1,3,3,1.3,6342,0
2026031902,1222656528_14_1773921660,北京WB,小麦,敖隐,4,0,5,9.0,8588,1
2026031902,1222656528_14_1773921660,北京WB,梓墨,达摩,4,2,9,6.5,7535,1
2026031902,1222656528_14_1773921660,深圳DYG,钎城,苍,0,4,4,1.0,6564,0
2026031902,1222656528_14_1773921660,北京WB,暖阳,娜可露露,6,1,4,10.0,10193,1
2026031201,48251408_5_1773308311,西安WE,明崽,沈梦溪,0,0,6,6.0,10145,1
2026031201,48251408_5_1773308311,长沙TES.A,帆帆,少司缘,0,1,1,1.0,8542,0
2026031201,48251408_5_1773308311,长沙TES.A,蓝桉,艾琳,0,2,0,0.0,11035,0
2026031201,48251408_5_1773308311,长沙TES.A,无幻,狂铁,0,4,1,0.3,8575,0
2026031201,48251408_5_1773308311,西安WE,文涛,夏洛特,1,1,2,3.0,11207,1
2026031201,48251408_5_1773308311,西安WE,子意,元流之子(坦克),4,0,2,6.0,11716,1
2026031201,48251408_5_1773308311,西安WE,昭珏,戈娅,3,1,6,9.0,12638,1
2026031201,48251408_5_1773308311,长沙TES.A,景诗,女娲,0,0,1,1.0,8633,0
2026031201,48251408_5_1773308311,西安WE,九幽,大禹,1,0,6,7.0,8414,1
2026031201,48251408_5_1773308311,长沙TES.A,书源,杨戬,2,2,0,1.0,10421,0
2026031101,1272988176_3_1773219841,北京JDG,无畏,墨子,0,2,1,0.5,7255,0
2026031101,1272988176_3_1773219841,KSG,句号,杨戬,2,0,6,8.0,11914,1
2026031101,1272988176_3_1773219841,KSG,小屿,苍,2,1,2,4.0,13179,1
2026031101,1272988176_3_1773219841,KSG,流浪,安琪拉,2,0,5,7.0,11894,1
2026031101,1272988176_3_1773219841,KSG,无言,狂铁,3,0,6,9.0,12955,1
2026031101,1272988176_3_1773219841,北京JDG,轻语,夏洛特,1,2,0,0.5,11494,0
2026031101,1272988176_3_1773219841,北京JDG,小寒,敖隐,0,2,1,0.5,11741,0
2026031101,1272988176_3_1773219841,KSG,一笙,鲁班大师,0,0,9,9.0,8753,1
2026031101,1272988176_3_1773219841,北京JDG,无双,夏侯惇,0,2,0,0.0,8873,0
2026031101,1272988176_3_1773219841,北京JDG,清融,女娲,0,1,1,1.0,9303,0
2026031202,501236240_3_1773319050,成都AG超玩会,大帅,盾山,0,3,14,4.7,6626,1
2026031202,501236240_3_1773319050,成都AG超玩会,小俞,蚩奼,2,1,11,13.0,9659,1
2026031202,501236240_3_1773319050,深圳DYG,向鱼,西施,0,3,2,0.7,4882,0
2026031202,501236240_3_1773319050,深圳DYG,小乐,曹操,4,4,2,1.5,8098,0
2026031202,501236240_3_1773319050,深圳DYG,落空,太乙真人,0,3,7,2.3,4949,0
2026031202,501236240_3_1773319050,成都AG超玩会,轩染,影,5,2,11,8.0,9641,1
2026031202,501236240_3_1773319050,深圳DYG,小轩,杨戬,4,5,1,1.0,7571,0
2026031202,501236240_3_1773319050,成都AG超玩会,钟意,云缨,9,0,8,17.0,10473,1
2026031202,501236240_3_1773319050,深圳DYG,钎城,孙尚香,1,4,5,1.5,9276,0
2026031202,501236240_3_1773319050,成都AG超玩会,长生,不知火舞,3,3,9,4.0,7938,1
2026031902,1222656528_15_1773923343,北京WB,听悦,西施,0,1,1,1.0,3836,0
2026031902,1222656528_15_1773923343,深圳DYG,向鱼,弈星,0,1,3,3.0,4038,1
2026031902,1222656528_15_1773923343,深圳DYG,小乐,曹操,2,1,1,3.0,6409,1
2026031902,1222656528_15_1773923343,深圳DYG,落空,盾山,0,0,5,5.0,4190,1
2026031902,1222656528_15_1773923343,北京WB,玖欣,太乙真人,0,2,1,0.5,3634,0
2026031902,1222656528_15_1773923343,深圳DYG,小轩,橘右京,4,0,1,5.0,8349,1
2026031902,1222656528_15_1773923343,北京WB,小麦,孙尚香,1,1,0,1.0,5951,0
2026031902,1222656528_15_1773923343,北京WB,梓墨,老夫子,1,1,1,2.0,4654,0
2026031902,1222656528_15_1773923343,深圳DYG,钎城,艾琳,1,0,3,4.0,7411,1
2026031902,1222656528_15_1773923343,北京WB,暖阳,哪吒,0,2,1,0.5,6022,0
2026031202,501236240_4_1773320778,成都AG超玩会,大帅,苏烈,2,1,10,12.0,8701,1
2026031202,501236240_4_1773320778,成都AG超玩会,小俞,孙权,5,1,3,8.0,13157,1
2026031202,501236240_4_1773320778,深圳DYG,向鱼,嬴政,0,2,2,1.0,9071,0
2026031202,501236240_4_1773320778,深圳DYG,小乐,马超,2,5,2,0.8,10612,0
2026031202,501236240_4_1773320778,深圳DYG,落空,张飞,0,2,3,1.5,6368,0
2026031202,501236240_4_1773320778,成都AG超玩会,轩染,司空震,2,0,7,9.0,11437,1
2026031202,501236240_4_1773320778,深圳DYG,小轩,大司命,1,2,3,2.0,8328,0
2026031202,501236240_4_1773320778,成都AG超玩会,钟意,橘右京,1,2,10,5.5,12292,1
2026031202,501236240_4_1773320778,深圳DYG,钎城,戈娅,1,2,1,1.0,9814,0
2026031202,501236240_4_1773320778,成都AG超玩会,长生,女娲,3,0,8,11.0,11048,1
2026031901,48251408_29_1773912836,桐乡情久,陌冷,敖隐,0,2,0,0.0,9208,0
2026031901,48251408_29_1773912836,西安WE,明崽,武则天,1,0,7,8.0,9475,1
2026031901,48251408_29_1773912836,西安WE,文涛,蒙恬,1,0,6,7.0,10154,1
2026031901,48251408_29_1773912836,西安WE,子意,阿古朵,3,1,5,8.0,14027,1
2026031901,48251408_29_1773912836,西安WE,昭珏,公孙离,5,0,4,9.0,13161,1
2026031901,48251408_29_1773912836,桐乡情久,深巅,镜,1,4,0,0.3,9846,0
2026031901,48251408_29_1773912836,桐乡情久,久寒,姜子牙,0,0,0,0.0,7182,0
2026031901,48251408_29_1773912836,桐乡情久,楠枫,张飞,0,3,1,0.3,6884,0
2026031901,48251408_29_1773912836,西安WE,九幽,苏烈,1,0,9,10.0,8404,1
2026031901,48251408_29_1773912836,桐乡情久,无玄,曹操,0,2,0,0.0,11590,0
2026020601,836780560_11_1770357725,杭州LGD.NBW,米苏,杨戬,2,2,3,2.5,12969,1
2026020601,836780560_11_1770357725,杭州LGD.NBW,小久,虞姬,5,2,2,3.5,14730,1
2026020601,836780560_11_1770357725,杭州LGD.NBW,小崽,鲁班大师,1,1,8,9.0,9897,1
2026020601,836780560_11_1770357725,武汉eStarPro,亮宇,敖隐,2,1,4,6.0,12130,0
2026020601,836780560_11_1770357725,武汉eStarPro,Fly,司空震,2,3,2,1.3,11688,0
2026020601,836780560_11_1770357725,杭州LGD.NBW,小落,狂铁,1,2,3,2.0,12192,1
2026020601,836780560_11_1770357725,杭州LGD.NBW,九尾,杨玉环,0,2,9,4.5,11635,1
2026020601,836780560_11_1770357725,武汉eStarPro,小楼,裴擒虎,3,1,3,6.0,14416,0
2026020601,836780560_11_1770357725,武汉eStarPro,紫渊,廉颇,0,2,6,3.0,8263,0
2026020601,836780560_11_1770357725,武汉eStarPro,Ming,沈梦溪,2,2,5,3.5,9451,0
2026032101,1222656528_22_1774076740,KSG,句号,大司命,0,3,1,0.3,11489,0
2026032101,1222656528_22_1774076740,北京WB,听悦,嫦娥,2,2,7,4.5,14160,1
2026032101,1222656528_22_1774076740,KSG,小屿,敖隐,2,1,0,2.0,15479,0
2026032101,1222656528_22_1774076740,KSG,流浪,沈梦溪,0,0,3,3.0,12331,0
2026032101,1222656528_22_1774076740,KSG,无言,关羽,1,4,0,0.3,11418,0
2026032101,1222656528_22_1774076740,北京WB,玖欣,太乙真人,0,0,9,9.0,11654,1
2026032101,1222656528_22_1774076740,北京WB,小麦,孙尚香,7,1,2,9.0,16226,1
2026032101,1222656528_22_1774076740,KSG,一笙,赵怀真,0,2,2,1.0,9281,0
2026032101,1222656528_22_1774076740,北京WB,梓墨,达摩,1,0,7,8.0,14351,1
2026032101,1222656528_22_1774076740,北京WB,暖阳,夏侯惇,0,0,7,7.0,12716,1
2026032101,1222656528_21_1774074922,KSG,句号,元流之子(坦克),1,1,6,7.0,8205,1
2026032101,1222656528_21_1774074922,北京WB,听悦,海月,0,2,4,2.0,6930,0
2026032101,1222656528_21_1774074922,KSG,小屿,蚩奼,4,1,4,8.0,10260,1
2026032101,1222656528_21_1774074922,KSG,流浪,女娲,1,0,8,9.0,9218,1
2026032101,1222656528_21_1774074922,KSG,无言,吕布,5,1,5,10.0,9381,1
2026032101,1222656528_21_1774074922,北京WB,玖欣,孙膑,0,1,4,4.0,6247,0
2026032101,1222656528_21_1774074922,北京WB,小麦,孙权,1,4,2,0.8,7495,0
2026032101,1222656528_21_1774074922,KSG,一笙,墨子,0,1,9,9.0,6398,1
2026032101,1222656528_21_1774074922,北京WB,梓墨,狂铁,0,2,3,1.5,7739,0
2026032101,1222656528_21_1774074922,北京WB,暖阳,哪吒,3,2,0,1.5,8653,0
2026020601,836780560_13_1770362047,杭州LGD.NBW,米苏,云缨,1,0,7,8.0,8823,1
2026020601,836780560_13_1770362047,杭州LGD.NBW,小久,蚩奼,6,1,4,10.0,9904,1
2026020601,836780560_13_1770362047,杭州LGD.NBW,小崽,苏烈,0,3,10,3.3,6072,1
2026020601,836780560_13_1770362047,武汉eStarPro,亮宇,戈娅,1,3,4,1.7,7574,0
2026020601,836780560_13_1770362047,武汉eStarPro,Fly,狂铁,0,2,1,0.5,6858,0
2026020601,836780560_13_1770362047,杭州LGD.NBW,小落,夏洛特,3,1,3,6.0,9078,1
2026020601,836780560_13_1770362047,杭州LGD.NBW,九尾,沈梦溪,1,0,9,10.0,7897,1
2026020601,836780560_13_1770362047,武汉eStarPro,小楼,元流之子(坦克),2,3,2,1.3,7057,0
2026020601,836780560_13_1770362047,武汉eStarPro,紫渊,少司缘,0,2,5,2.5,6304,0
2026020601,836780560_13_1770362047,武汉eStarPro,Ming,女娲,2,1,3,5.0,6352,0
2026032101,1222656528_20_1774072852,KSG,句号,阿古朵,3,0,2,5.0,9168,1
2026032101,1222656528_20_1774072852,北京WB,听悦,沈梦溪,0,0,0,0.0,6754,0
2026032101,1222656528_20_1774072852,KSG,小屿,苍,2,0,3,5.0,9969,1
2026032101,1222656528_20_1774072852,KSG,流浪,嫦娥,0,0,3,3.0,9072,1
2026032101,1222656528_20_1774072852,KSG,无言,夏洛特,1,0,5,6.0,10190,1
2026032101,1222656528_20_1774072852,北京WB,玖欣,张飞,0,2,0,0.0,5420,0
2026032101,1222656528_20_1774072852,北京WB,小麦,敖隐,0,1,0,0.0,8111,0
2026032101,1222656528_20_1774072852,KSG,一笙,苏烈,0,0,4,4.0,6103,1
2026032101,1222656528_20_1774072852,北京WB,梓墨,曹操,0,2,0,0.0,8138,0
2026032101,1222656528_20_1774072852,北京WB,暖阳,大司命,0,1,0,0.0,8031,0
2026032101,1222656528_23_1774078995,KSG,句号,马超,7,0,4,11.0,10463,1
2026032101,1222656528_23_1774078995,北京WB,听悦,小乔,2,3,2,1.3,5412,0
2026032101,1222656528_23_1774078995,KSG,小屿,孙尚香,3,1,9,12.0,9865,1
2026032101,1222656528_23_1774078995,KSG,流浪,西施,3,0,9,12.0,5616,1
2026032101,1222656528_23_1774078995,KSG,无言,白起,0,2,5,2.5,6699,1
2026032101,1222656528_23_1774078995,北京WB,玖欣,盾山,0,4,2,0.5,4768,0
2026032101,1222656528_23_1774078995,北京WB,小麦,艾琳,1,1,2,3.0,7496,0
2026032101,1222656528_23_1774078995,KSG,一笙,太乙真人,1,1,11,12.0,5115,1
2026032101,1222656528_23_1774078995,北京WB,梓墨,庄周,0,3,3,1.0,4981,0
2026032101,1222656528_23_1774078995,北京WB,暖阳,云缨,1,3,3,1.3,7152,0
2026031802,501236240_13_1773837698,成都AG超玩会,大帅,盾山,0,3,10,3.3,10795,1
2026031802,501236240_13_1773837698,北京JDG,无畏,太乙真人,0,4,8,2.0,11224,0
2026031802,501236240_13_1773837698,成都AG超玩会,小俞,艾琳,3,2,6,4.5,15582,1
2026031802,501236240_13_1773837698,北京JDG,轻语,关羽,1,1,2,3.0,12425,0
2026031802,501236240_13_1773837698,成都AG超玩会,轩染,马超,5,1,6,11.0,17864,1
2026031802,501236240_13_1773837698,北京JDG,小寒,孙尚香,2,1,6,8.0,17765,0
2026031802,501236240_13_1773837698,北京JDG,无双,杨戬,2,5,5,1.4,13103,0
2026031802,501236240_13_1773837698,成都AG超玩会,钟意,夏侯惇,4,1,7,11.0,14261,1
2026031802,501236240_13_1773837698,北京JDG,清融,小乔,4,2,4,4.0,13048,0
2026031802,501236240_13_1773837698,成都AG超玩会,长生,不知火舞,1,2,6,3.5,13208,1
2026032201,48251408_33_1774159297,长沙TES.A,帆帆,太乙真人,0,3,2,0.7,4260,0
2026032201,48251408_33_1774159297,长沙TES.A,蓝桉,孙尚香,1,2,0,0.5,7970,0
2026032201,48251408_33_1774159297,长沙TES.A,无幻,夏洛特,1,2,1,1.0,8350,0
2026032201,48251408_33_1774159297,南通Hero久竞,落尘,夏侯惇,2,0,4,6.0,7972,1
2026032201,48251408_33_1774159297,南通Hero久竞,白清,盾山,3,1,6,9.0,5903,1
2026032201,48251408_33_1774159297,南通Hero久竞,玖熙,不知火舞,1,0,7,8.0,7123,1
2026032201,48251408_33_1774159297,南通Hero久竞,坦然,曹操,3,0,6,9.0,8665,1
2026032201,48251408_33_1774159297,长沙TES.A,景诗,西施,0,1,1,1.0,4234,0
2026032201,48251408_33_1774159297,南通Hero久竞,妖刀,艾琳,1,1,4,5.0,7802,1
2026032201,48251408_33_1774159297,长沙TES.A,书源,云缨,0,2,2,1.0,6220,0
2026020601,836780560_12_1770360031,杭州LGD.NBW,米苏,铠,4,1,9,13.0,10920,1
2026020601,836780560_12_1770360031,杭州LGD.NBW,小久,孙尚香,5,2,8,6.5,13243,1
2026020601,836780560_12_1770360031,杭州LGD.NBW,小崽,太乙真人,0,2,15,7.5,8132,1
2026020601,836780560_12_1770360031,武汉eStarPro,亮宇,艾琳,3,3,1,1.3,10492,0
2026020601,836780560_12_1770360031,武汉eStarPro,Fly,夏洛特,2,4,2,1.0,8056,0
2026020601,836780560_12_1770360031,杭州LGD.NBW,小落,影,7,1,4,11.0,13049,1
2026020601,836780560_12_1770360031,杭州LGD.NBW,九尾,西施,2,2,5,3.5,8654,1
2026020601,836780560_12_1770360031,武汉eStarPro,小楼,哪吒,2,5,4,1.2,9257,0
2026020601,836780560_12_1770360031,武汉eStarPro,紫渊,盾山,0,4,5,1.3,7333,0
2026020601,836780560_12_1770360031,武汉eStarPro,Ming,嬴政,1,2,5,3.0,9127,0
2026032201,48251408_35_1774162479,长沙TES.A,帆帆,苏烈,0,3,2,0.7,5201,0
2026032201,48251408_35_1774162479,长沙TES.A,蓝桉,蚩奼,0,3,2,0.7,8259,0
2026032201,48251408_35_1774162479,长沙TES.A,无幻,白起,1,3,1,0.7,7288,0
2026032201,48251408_35_1774162479,南通Hero久竞,落尘,铠,6,0,7,13.0,9420,1
2026032201,48251408_35_1774162479,南通Hero久竞,白清,大禹,1,1,12,13.0,6672,1
2026032201,48251408_35_1774162479,南通Hero久竞,玖熙,沈梦溪,3,0,10,13.0,8918,1
2026032201,48251408_35_1774162479,南通Hero久竞,坦然,司空震,4,0,9,13.0,10553,1
2026032201,48251408_35_1774162479,长沙TES.A,景诗,武则天,0,2,2,1.0,5671,0
2026032201,48251408_35_1774162479,南通Hero久竞,妖刀,狄仁杰,0,1,9,9.0,9344,1
2026032201,48251408_35_1774162479,长沙TES.A,书源,橘右京,1,3,0,0.3,8211,0
2026031802,501236240_15_1773841758,成都AG超玩会,大帅,苏烈,1,3,6,2.3,8916,0
2026031802,501236240_15_1773841758,北京JDG,无畏,少司缘,0,1,10,10.0,9843,1
2026031802,501236240_15_1773841758,成都AG超玩会,小俞,敖隐,3,3,4,2.3,13627,0
2026031802,501236240_15_1773841758,北京JDG,轻语,狂铁,6,4,5,2.8,11858,1
2026031802,501236240_15_1773841758,成都AG超玩会,轩染,夏洛特,0,3,4,1.3,11803,0
2026031802,501236240_15_1773841758,北京JDG,小寒,公孙离,4,1,4,8.0,13738,1
2026031802,501236240_15_1773841758,北京JDG,无双,夏侯惇,2,1,12,14.0,11682,1
2026031802,501236240_15_1773841758,成都AG超玩会,钟意,云缨,2,2,5,3.5,13783,0
2026031802,501236240_15_1773841758,北京JDG,清融,嬴政,2,2,5,3.5,10714,1
2026031802,501236240_15_1773841758,成都AG超玩会,长生,海月,3,3,2,1.7,10532,0
2026031802,501236240_14_1773840035,成都AG超玩会,大帅,张良,1,1,14,15.0,7138,1
2026031802,501236240_14_1773840035,北京JDG,无畏,张飞,0,5,1,0.2,5896,0
2026031802,501236240_14_1773840035,成都AG超玩会,小俞,公孙离,4,2,6,5.0,10831,1
2026031802,501236240_14_1773840035,北京JDG,轻语,曹操,0,3,2,0.7,7760,0
2026031802,501236240_14_1773840035,成都AG超玩会,轩染,蒙恬,2,1,6,8.0,7974,1
2026031802,501236240_14_1773840035,北京JDG,小寒,敖隐,3,1,1,4.0,9061,0
2026031802,501236240_14_1773840035,北京JDG,无双,橘右京,0,5,2,0.4,7485,0
2026031802,501236240_14_1773840035,成都AG超玩会,钟意,镜,6,0,4,10.0,11880,1
2026031802,501236240_14_1773840035,北京JDG,清融,沈梦溪,1,3,1,0.7,6290,0
2026031802,501236240_14_1773840035,成都AG超玩会,长生,王昭君,4,0,10,14.0,8653,1
2026032601,48251408_3_1774523398,桐乡情久,陌冷,敖隐,3,0,2,5.0,8861,1
2026032601,48251408_3_1774523398,杭州LGD.NBW,米苏,夏侯惇,0,3,0,0.0,5948,0
2026032601,48251408_3_1774523398,杭州LGD.NBW,小久,苍,0,3,0,0.0,6470,0
2026032601,48251408_3_1774523398,杭州LGD.NBW,小崽,大禹,0,2,1,0.5,5393,0
2026032601,48251408_3_1774523398,桐乡情久,深巅,阿古朵,3,0,6,9.0,9199,1
2026032601,48251408_3_1774523398,杭州LGD.NBW,小落,影,0,2,1,0.5,7453,0
2026032601,48251408_3_1774523398,杭州LGD.NBW,九尾,沈梦溪,1,0,0,1.0,6513,0
2026032601,48251408_3_1774523398,桐乡情久,久寒,不知火舞,3,1,2,5.0,8014,1
2026032601,48251408_3_1774523398,桐乡情久,楠枫,少司缘,0,0,8,8.0,7191,1
2026032601,48251408_3_1774523398,桐乡情久,无玄,白起,1,0,7,8.0,8392,1
2026032201,48251408_34_1774160860,长沙TES.A,帆帆,鲁班大师,0,1,0,0.0,4815,0
2026032201,48251408_34_1774160860,长沙TES.A,蓝桉,苍,0,2,0,0.0,7148,0
2026032201,48251408_34_1774160860,长沙TES.A,无幻,曹操,0,4,0,0.0,6924,0
2026032201,48251408_34_1774160860,南通Hero久竞,落尘,大司命,4,0,5,9.0,8863,1
2026032201,48251408_34_1774160860,南通Hero久竞,白清,元流之子(辅助),0,0,10,10.0,6559,1
2026032201,48251408_34_1774160860,南通Hero久竞,玖熙,武则天,0,0,9,9.0,7201,1
2026032201,48251408_34_1774160860,南通Hero久竞,坦然,关羽,2,0,5,7.0,8383,1
2026032201,48251408_34_1774160860,长沙TES.A,景诗,嬴政,0,2,0,0.0,6173,0
2026032201,48251408_34_1774160860,南通Hero久竞,妖刀,敖隐,7,0,3,10.0,10884,1
2026032201,48251408_34_1774160860,长沙TES.A,书源,夏侯惇,0,4,0,0.0,5564,0
2026032601,48251408_5_1774527236,桐乡情久,陌冷,蚩奼,1,2,10,5.5,17033,0
2026032601,48251408_5_1774527236,杭州LGD.NBW,米苏,橘右京,4,5,5,1.8,19831,1
2026032601,48251408_5_1774527236,杭州LGD.NBW,小久,公孙离,5,2,7,6.0,21027,1
2026032601,48251408_5_1774527236,杭州LGD.NBW,小崽,张飞,0,2,12,6.0,13286,1
2026032601,48251408_5_1774527236,桐乡情久,深巅,裴擒虎,2,4,9,2.8,18211,0
2026032601,48251408_5_1774527236,杭州LGD.NBW,小落,关羽,6,2,10,8.0,17885,1
2026032601,48251408_5_1774527236,杭州LGD.NBW,九尾,武则天,2,1,12,14.0,17835,1
2026032601,48251408_5_1774527236,桐乡情久,久寒,小乔,4,3,5,3.0,14076,0
2026032601,48251408_5_1774527236,桐乡情久,楠枫,苏烈,0,4,12,3.0,13276,0
2026032601,48251408_5_1774527236,桐乡情久,无玄,影,5,4,6,2.8,19037,0
2026032601,48251408_2_1774521245,桐乡情久,陌冷,孙权,5,0,5,10.0,15017,1
2026032601,48251408_2_1774521245,杭州LGD.NBW,米苏,大司命,3,2,4,3.5,11360,0
2026032601,48251408_2_1774521245,杭州LGD.NBW,小久,蚩奼,3,3,5,2.7,12466,0
2026032601,48251408_2_1774521245,杭州LGD.NBW,小崽,苏烈,0,2,7,3.5,8245,0
2026032601,48251408_2_1774521245,桐乡情久,深巅,橘右京,2,4,7,2.3,13090,1
2026032601,48251408_2_1774521245,杭州LGD.NBW,小落,司空震,1,2,5,3.0,12466,0
2026032601,48251408_2_1774521245,杭州LGD.NBW,九尾,小乔,2,4,4,1.5,11187,0
2026032601,48251408_2_1774521245,桐乡情久,久寒,沈梦溪,2,1,8,10.0,11316,1
2026032601,48251408_2_1774521245,桐乡情久,楠枫,盾山,0,3,9,3.0,9435,1
2026032601,48251408_2_1774521245,桐乡情久,无玄,曹操,4,1,6,10.0,14145,1
2026032601,48251408_4_1774525229,桐乡情久,陌冷,苍,1,1,3,4.0,12143,0
2026032601,48251408_4_1774525229,杭州LGD.NBW,米苏,杨戬,3,2,8,5.5,12676,1
2026032601,48251408_4_1774525229,杭州LGD.NBW,小久,戈娅,6,1,6,12.0,13824,1
2026032601,48251408_4_1774525229,杭州LGD.NBW,小崽,少司缘,1,2,11,6.0,9677,1
2026032601,48251408_4_1774525229,桐乡情久,深巅,元流之子(坦克),1,6,4,0.8,9184,0
2026032601,48251408_4_1774525229,杭州LGD.NBW,小落,狂铁,1,0,11,12.0,11921,1
2026032601,48251408_4_1774525229,杭州LGD.NBW,九尾,姜子牙,2,1,8,10.0,9800,1
2026032601,48251408_4_1774525229,桐乡情久,久寒,嬴政,1,0,5,6.0,9714,0
2026032601,48251408_4_1774525229,桐乡情久,楠枫,大禹,2,4,3,1.3,7906,0
2026032601,48251408_4_1774525229,桐乡情久,无玄,夏洛特,1,2,2,1.5,10878,0
2026031802,501236240_16_1773843816,成都AG超玩会,大帅,元流之子(辅助),1,3,6,2.3,11658,0
2026031802,501236240_16_1773843816,北京JDG,无畏,鲁班大师,1,1,14,15.0,10261,1
2026031802,501236240_16_1773843816,成都AG超玩会,小俞,狄仁杰,3,5,3,1.2,15419,0
2026031802,501236240_16_1773843816,北京JDG,轻语,老夫子,2,2,8,5.0,13248,1
2026031802,501236240_16_1773843816,成都AG超玩会,轩染,司空震,1,3,5,2.0,13456,0
2026031802,501236240_16_1773843816,北京JDG,小寒,蚩奼,8,3,5,4.3,15971,1
2026031802,501236240_16_1773843816,北京JDG,无双,大司命,2,2,5,3.5,12654,1
2026031802,501236240_16_1773843816,成都AG超玩会,钟意,铠,2,2,5,3.5,13068,0
2026031802,501236240_16_1773843816,北京JDG,清融,甄姬,3,0,10,13.0,12053,1
2026031802,501236240_16_1773843816,成都AG超玩会,长生,武则天,1,3,6,2.3,13120,0
2026031801,954221072_12_1773831422,重庆狼队,信,太乙真人,1,2,7,4.0,10182,1
2026031801,954221072_12_1773831422,重庆狼队,皖皖,大司命,5,1,2,7.0,14438,1
2026031801,954221072_12_1773831422,KSG,句号,元流之子(坦克),1,2,3,2.0,10501,0
2026031801,954221072_12_1773831422,KSG,小屿,公孙离,2,2,2,2.0,16263,0
2026031801,954221072_12_1773831422,KSG,流浪,女娲,0,1,4,4.0,14310,0
2026031801,954221072_12_1773831422,KSG,无言,蚩奼,1,1,3,4.0,13984,0
2026031801,954221072_12_1773831422,重庆狼队,紫幻,武则天,1,0,4,5.0,11530,1
2026031801,954221072_12_1773831422,KSG,一笙,大乔,1,2,4,2.5,9881,0
2026031801,954221072_12_1773831422,重庆狼队,清清,曹操,1,1,1,2.0,16775,1
2026031801,954221072_12_1773831422,重庆狼队,道崽,孙权,0,1,2,2.0,15407,1
2026032103,954221072_16_1774096536,成都AG超玩会,大帅,少司缘,0,1,1,1.0,6129,0
2026032103,954221072_16_1774096536,重庆狼队,信,苏烈,0,0,8,8.0,6329,1
2026032103,954221072_16_1774096536,重庆狼队,皖皖,元流之子(坦克),1,0,6,7.0,8010,1
2026032103,954221072_16_1774096536,成都AG超玩会,小俞,艾琳,0,1,1,1.0,8798,0
2026032103,954221072_16_1774096536,成都AG超玩会,轩染,狂铁,0,2,1,0.5,6769,0
2026032103,954221072_16_1774096536,重庆狼队,紫幻,嫦娥,2,1,6,8.0,7907,1
2026032103,954221072_16_1774096536,重庆狼队,清清,夏洛特,3,0,5,8.0,9148,1
2026032103,954221072_16_1774096536,成都AG超玩会,钟意,铠,0,3,1,0.3,5856,0
2026032103,954221072_16_1774096536,重庆狼队,道崽,戈娅,3,0,6,9.0,10138,1
2026032103,954221072_16_1774096536,成都AG超玩会,长生,沈梦溪,1,2,0,0.5,6809,0
2026032103,954221072_15_1774094472,成都AG超玩会,大帅,盾山,0,2,0,0.0,7962,0
2026032103,954221072_15_1774094472,重庆狼队,信,赵怀真,3,0,12,15.0,8586,1
2026032103,954221072_15_1774094472,重庆狼队,皖皖,云缨,2,0,11,13.0,13745,1
2026032103,954221072_15_1774094472,成都AG超玩会,小俞,狄仁杰,0,3,0,0.0,11205,0
2026032103,954221072_15_1774094472,成都AG超玩会,轩染,马超,0,2,0,0.0,10332,0
2026032103,954221072_15_1774094472,重庆狼队,紫幻,小乔,3,0,10,13.0,11530,1
2026032103,954221072_15_1774094472,重庆狼队,清清,关羽,2,0,11,13.0,12569,1
2026032103,954221072_15_1774094472,成都AG超玩会,钟意,夏侯惇,0,4,0,0.0,8021,0
2026032103,954221072_15_1774094472,重庆狼队,道崽,敖隐,5,0,8,13.0,14307,1
2026032103,954221072_15_1774094472,成都AG超玩会,长生,杨玉环,0,4,0,0.0,9392,0
2026031403,501236240_9_1773494844,成都AG超玩会,大帅,苏烈,0,2,2,1.0,6593,0
2026031403,501236240_9_1773494844,KSG,句号,阿古朵,3,0,7,10.0,10870,1
2026031403,501236240_9_1773494844,成都AG超玩会,小俞,孙权,0,2,2,1.0,10769,0
2026031403,501236240_9_1773494844,KSG,小屿,蚩奼,3,0,5,8.0,11338,1
2026031403,501236240_9_1773494844,KSG,流浪,嫦娥,1,0,7,8.0,10246,1
2026031403,501236240_9_1773494844,KSG,无言,马超,5,1,4,9.0,13082,1
2026031403,501236240_9_1773494844,成都AG超玩会,轩染,曹操,2,2,1,1.5,10488,0
2026031403,501236240_9_1773494844,KSG,一笙,墨子,0,3,9,3.0,7414,1
2026031403,501236240_9_1773494844,成都AG超玩会,钟意,镜,0,3,2,0.7,9366,0
2026031403,501236240_9_1773494844,成都AG超玩会,长生,沈梦溪,2,3,0,0.7,8176,0
2026032203,48251408_36_1774181703,西安WE,明崽,沈梦溪,1,4,0,0.3,7478,0
2026032203,48251408_36_1774181703,广州TTG,萝卜,白起,1,0,8,9.0,10042,1
2026032203,48251408_36_1774181703,广州TTG,涵,苏烈,1,0,10,11.0,7454,1
2026032203,48251408_36_1774181703,西安WE,文涛,狂铁,0,0,0,0.0,7998,0
2026032203,48251408_36_1774181703,西安WE,子意,云缨,1,2,0,0.5,10584,0
2026032203,48251408_36_1774181703,西安WE,昭珏,狄仁杰,0,2,1,0.5,9454,0
2026032203,48251408_36_1774181703,广州TTG,小雪,敖隐,4,1,3,7.0,10501,1
2026032203,48251408_36_1774181703,广州TTG,佳心,橘右京,3,0,4,7.0,12093,1
2026032203,48251408_36_1774181703,广州TTG,鹤辞,嬴政,2,1,6,8.0,9705,1
2026032203,48251408_36_1774181703,西安WE,九幽,廉颇,0,3,1,0.3,6139,0
2026032601,48251408_6_1774529543,桐乡情久,陌冷,虞姬,2,2,9,5.5,10815,1
2026032601,48251408_6_1774529543,杭州LGD.NBW,米苏,云缨,2,3,3,1.7,9715,0
2026032601,48251408_6_1774529543,杭州LGD.NBW,小久,敖隐,2,2,3,2.5,9408,0
2026032601,48251408_6_1774529543,杭州LGD.NBW,小崽,太乙真人,0,4,4,1.0,6960,0
2026032601,48251408_6_1774529543,桐乡情久,深巅,杨戬,5,2,6,5.5,10964,1
2026032601,48251408_6_1774529543,杭州LGD.NBW,小落,夏洛特,2,2,4,3.0,10484,0
2026032601,48251408_6_1774529543,杭州LGD.NBW,九尾,杨玉环,2,3,2,1.3,7983,0
2026032601,48251408_6_1774529543,桐乡情久,久寒,女娲,2,1,9,11.0,9136,1
2026032601,48251408_6_1774529543,桐乡情久,楠枫,张飞,1,2,12,6.5,7857,1
2026032601,48251408_6_1774529543,桐乡情久,无玄,马超,4,1,7,11.0,12152,1
2026030102,1222656528_11_1772359423,桐乡情久,陌冷,狄仁杰,3,1,2,5.0,11371,0
2026030102,1222656528_11_1772359423,北京WB,听悦,小乔,5,1,3,8.0,8463,1
2026030102,1222656528_11_1772359423,桐乡情久,深巅,阿古朵,1,3,4,1.7,10065,0
2026030102,1222656528_11_1772359423,北京WB,玖欣,鲁班大师,1,1,10,11.0,7405,1
2026030102,1222656528_11_1772359423,北京WB,小麦,戈娅,3,2,8,5.5,12127,1
2026030102,1222656528_11_1772359423,桐乡情久,久寒,不知火舞,2,3,0,0.7,7805,0
2026030102,1222656528_11_1772359423,北京WB,梓墨,老夫子,3,0,7,10.0,11395,1
2026030102,1222656528_11_1772359423,桐乡情久,楠枫,廉颇,0,3,3,1.0,7095,0
2026030102,1222656528_11_1772359423,北京WB,暖阳,元流之子(坦克),0,2,8,4.0,9249,1
2026030102,1222656528_11_1772359423,桐乡情久,无玄,曹操,0,2,4,2.0,9948,0
2026031901,48251408_30_1773914786,桐乡情久,陌冷,艾琳,1,2,4,2.5,9074,0
2026031901,48251408_30_1773914786,西安WE,明崽,嬴政,3,1,9,12.0,8966,1
2026031901,48251408_30_1773914786,西安WE,文涛,关羽,3,1,4,7.0,9639,1
2026031901,48251408_30_1773914786,西安WE,子意,元流之子(坦克),1,2,7,4.0,9957,1
2026031901,48251408_30_1773914786,西安WE,昭珏,孙尚香,5,0,5,10.0,12891,1
2026031901,48251408_30_1773914786,桐乡情久,深巅,夏侯惇,1,5,2,0.6,7505,0
2026031901,48251408_30_1773914786,桐乡情久,久寒,女娲,0,2,4,2.0,6422,0
2026031901,48251408_30_1773914786,桐乡情久,楠枫,盾山,1,2,3,2.0,6014,0
2026031901,48251408_30_1773914786,西安WE,九幽,太乙真人,1,2,10,5.5,7608,1
2026031901,48251408_30_1773914786,桐乡情久,无玄,影,2,2,1,1.5,9184,0
2026031102,1222656528_3_1773233183,重庆狼队,信,鲁班大师,0,2,9,4.5,7783,1
2026031102,1222656528_3_1773233183,重庆狼队,皖皖,元流之子(坦克),1,1,6,7.0,9445,1
2026031102,1222656528_3_1773233183,北京WB,听悦,西施,1,2,3,2.0,6596,0
2026031102,1222656528_3_1773233183,重庆狼队,紫幻,王昭君,1,0,7,8.0,8230,1
2026031102,1222656528_3_1773233183,北京WB,玖欣,大禹,0,1,4,4.0,6403,0
2026031102,1222656528_3_1773233183,北京WB,小麦,狄仁杰,0,4,5,1.3,9146,0
2026031102,1222656528_3_1773233183,重庆狼队,清清,马超,4,1,1,5.0,12449,1
2026031102,1222656528_3_1773233183,北京WB,梓墨,曹操,1,1,4,5.0,10618,0
2026031102,1222656528_3_1773233183,重庆狼队,道崽,戈娅,3,1,4,7.0,12421,1
2026031102,1222656528_3_1773233183,北京WB,暖阳,裴擒虎,3,1,2,5.0,11227,0
2026032601,48251408_8_1774533080,桐乡情久,陌冷,蚩奼,3,4,4,1.8,14962,0
2026032601,48251408_8_1774533080,杭州LGD.NBW,米苏,大司命,4,1,10,14.0,14363,1
2026032601,48251408_8_1774533080,杭州LGD.NBW,小久,敖隐,7,1,8,15.0,17986,1
2026032601,48251408_8_1774533080,杭州LGD.NBW,小崽,鲁班大师,2,1,14,16.0,10889,1
2026032601,48251408_8_1774533080,桐乡情久,深巅,元流之子(坦克),0,7,8,1.1,12815,0
2026032601,48251408_8_1774533080,杭州LGD.NBW,小落,曹操,3,5,9,2.4,15907,1
2026032601,48251408_8_1774533080,杭州LGD.NBW,九尾,沈梦溪,0,0,16,16.0,12657,1
2026032601,48251408_8_1774533080,桐乡情久,久寒,沈梦溪,2,1,6,8.0,13305,0
2026032601,48251408_8_1774533080,桐乡情久,楠枫,鲁班大师,0,1,8,8.0,10864,0
2026032601,48251408_8_1774533080,桐乡情久,无玄,夏洛特,3,3,5,2.7,16184,0
2026032202,836780560_14_1774175589,桐乡情久,陌冷,鲁班七号,5,3,6,3.7,18729,0
2026032202,836780560_14_1774175589,杭州LGD.NBW,米苏,云缨,7,4,9,4.0,19138,1
2026032202,836780560_14_1774175589,杭州LGD.NBW,小久,狄仁杰,6,2,11,8.5,18911,1
2026032202,836780560_14_1774175589,杭州LGD.NBW,小崽,张飞,0,2,16,8.0,12547,1
2026032202,836780560_14_1774175589,桐乡情久,深巅,橘右京,5,3,6,3.7,20746,0
2026032202,836780560_14_1774175589,杭州LGD.NBW,小落,达摩,0,5,10,2.0,13455,1
2026032202,836780560_14_1774175589,杭州LGD.NBW,九尾,嬴政,5,0,10,15.0,16734,1
2026032202,836780560_14_1774175589,桐乡情久,久寒,女娲,1,1,11,12.0,14443,0
2026032202,836780560_14_1774175589,桐乡情久,楠枫,鲁班大师,0,5,13,2.6,11767,0
2026032202,836780560_14_1774175589,桐乡情久,无玄,蒙恬,2,6,7,1.5,12534,0
2026032202,836780560_11_1774170045,桐乡情久,陌冷,戈娅,0,2,0,0.0,11333,0
2026032202,836780560_11_1774170045,杭州LGD.NBW,米苏,铠,3,0,6,9.0,11537,1
2026032202,836780560_11_1774170045,杭州LGD.NBW,小久,敖隐,4,0,3,7.0,12119,1
2026032202,836780560_11_1774170045,杭州LGD.NBW,小崽,大禹,1,0,8,9.0,8374,1
2026032202,836780560_11_1774170045,桐乡情久,深巅,大司命,0,3,0,0.0,9183,0
2026032202,836780560_11_1774170045,杭州LGD.NBW,小落,司空震,0,0,7,7.0,12109,1
2026032202,836780560_11_1774170045,杭州LGD.NBW,九尾,沈梦溪,1,0,7,8.0,10521,1
2026032202,836780560_11_1774170045,桐乡情久,久寒,嫦娥,0,1,0,0.0,9554,0
2026032202,836780560_11_1774170045,桐乡情久,楠枫,少司缘,0,2,0,0.0,8823,0
2026032202,836780560_11_1774170045,桐乡情久,无玄,夏洛特,0,1,0,0.0,10857,0
2026032203,48251408_38_1774185346,西安WE,明崽,姜子牙,3,1,5,8.0,8406,1
2026032203,48251408_38_1774185346,广州TTG,萝卜,狂铁,1,3,4,1.7,8694,0
2026032203,48251408_38_1774185346,广州TTG,涵,元流之子(辅助),0,3,5,1.7,6440,0
2026032203,48251408_38_1774185346,西安WE,文涛,夏洛特,2,2,5,3.5,9914,1
2026032203,48251408_38_1774185346,西安WE,子意,杨戬,4,2,5,4.5,10944,1
2026032203,48251408_38_1774185346,西安WE,昭珏,敖隐,1,0,4,5.0,10416,1
2026032203,48251408_38_1774185346,广州TTG,小雪,狄仁杰,1,2,4,2.5,9124,0
2026032203,48251408_38_1774185346,广州TTG,佳心,大司命,1,2,3,2.0,8110,0
2026032203,48251408_38_1774185346,广州TTG,鹤辞,小乔,2,0,3,5.0,8071,0
2026032203,48251408_38_1774185346,西安WE,九幽,鲁班大师,0,0,9,9.0,7607,1
2026031302,434127376_4_1773406989,杭州LGD.NBW,米苏,镜,2,0,4,6.0,9226,1
2026031302,434127376_4_1773406989,杭州LGD.NBW,小久,蚩奼,2,0,5,7.0,8903,1
2026031302,434127376_4_1773406989,杭州LGD.NBW,小崽,盾山,0,2,8,4.0,5562,1
2026031302,434127376_4_1773406989,南通Hero久竞,落尘,橘右京,2,1,1,3.0,9228,0
2026031302,434127376_4_1773406989,杭州LGD.NBW,小落,关羽,1,0,3,4.0,7729,1
2026031302,434127376_4_1773406989,杭州LGD.NBW,九尾,武则天,3,1,4,7.0,6640,1
2026031302,434127376_4_1773406989,南通Hero久竞,白清,太乙真人,0,3,3,1.0,5283,0
2026031302,434127376_4_1773406989,南通Hero久竞,玖熙,金蝉,0,1,3,3.0,5345,0
2026031302,434127376_4_1773406989,南通Hero久竞,坦然,司空震,1,1,0,1.0,6991,0
2026031302,434127376_4_1773406989,南通Hero久竞,妖刀,孙尚香,0,2,3,1.5,7281,0
2026032203,48251408_39_1774187086,西安WE,明崽,王昭君,0,4,2,0.5,8689,0
2026032203,48251408_39_1774187086,广州TTG,萝卜,关羽,5,0,8,13.0,14682,1
2026032203,48251408_39_1774187086,广州TTG,涵,张飞,0,1,15,15.0,9930,1
2026032203,48251408_39_1774187086,西安WE,文涛,蒙恬,0,4,2,0.5,11216,0
2026032203,48251408_39_1774187086,西安WE,子意,马超,0,2,1,0.5,16092,0
2026032203,48251408_39_1774187086,西安WE,昭珏,公孙离,2,2,0,1.0,15971,0
2026032203,48251408_39_1774187086,广州TTG,小雪,戈娅,7,0,9,16.0,17852,1
2026032203,48251408_39_1774187086,广州TTG,佳心,铠,2,1,10,12.0,11851,1
2026032203,48251408_39_1774187086,广州TTG,鹤辞,武则天,3,0,10,13.0,10946,1
2026032203,48251408_39_1774187086,西安WE,九幽,张良,0,5,2,0.4,8687,0
2026033001,48251408_35_1774866705,杭州LGD.NBW,米苏,杨戬,2,1,6,8.0,10853,1
2026033001,48251408_35_1774866705,杭州LGD.NBW,小久,敖隐,5,0,4,9.0,13631,1
2026033001,48251408_35_1774866705,杭州LGD.NBW,小崽,少司缘,0,0,9,9.0,9391,1
2026033001,48251408_35_1774866705,北京WB,听悦,安琪拉,0,1,3,3.0,8919,0
2026033001,48251408_35_1774866705,北京WB,玖欣,大禹,1,2,1,1.0,7542,0
2026033001,48251408_35_1774866705,杭州LGD.NBW,小落,狂铁,2,1,5,7.0,11075,1
2026033001,48251408_35_1774866705,杭州LGD.NBW,九尾,小乔,0,1,7,7.0,9564,1
2026033001,48251408_35_1774866705,北京WB,小麦,公孙离,0,2,2,1.0,11598,0
2026033001,48251408_35_1774866705,北京WB,梓墨,白起,1,1,1,2.0,8805,0
2026033001,48251408_35_1774866705,北京WB,暖阳,宫本武藏,1,3,1,0.7,11643,0
2026032002,836780560_7_1774010006,杭州LGD.NBW,米苏,大司命,6,0,8,14.0,12515,1
2026032002,836780560_7_1774010006,长沙TES.A,帆帆,苏烈,0,5,0,0.0,7007,0
2026032002,836780560_7_1774010006,长沙TES.A,蓝桉,虞姬,1,1,0,1.0,11070,0
2026032002,836780560_7_1774010006,杭州LGD.NBW,小久,敖隐,4,0,9,13.0,12271,1
2026032002,836780560_7_1774010006,长沙TES.A,无幻,狂铁,0,4,0,0.0,9117,0
2026032002,836780560_7_1774010006,杭州LGD.NBW,小崽,张飞,0,0,13,13.0,8689,1
2026032002,836780560_7_1774010006,杭州LGD.NBW,小落,亚连,4,0,9,13.0,12251,1
2026032002,836780560_7_1774010006,杭州LGD.NBW,九尾,沈梦溪,2,1,10,12.0,10313,1
2026032002,836780560_7_1774010006,长沙TES.A,景诗,嫦娥,0,3,1,0.3,8898,0
2026032002,836780560_7_1774010006,长沙TES.A,书源,娜可露露,0,3,1,0.3,11457,0
2026031201,48251408_4_1773306146,西安WE,明崽,小乔,0,4,5,1.3,10153,0
2026031201,48251408_4_1773306146,长沙TES.A,帆帆,太乙真人,1,1,12,13.0,9610,1
2026031201,48251408_4_1773306146,长沙TES.A,蓝桉,孙尚香,7,0,6,13.0,16010,1
2026031201,48251408_4_1773306146,长沙TES.A,无幻,夏洛特,4,1,6,10.0,13843,1
2026031201,48251408_4_1773306146,西安WE,文涛,狂铁,3,2,1,2.0,10514,0
2026031201,48251408_4_1773306146,西安WE,子意,夏侯惇,0,5,5,1.0,9086,0
2026031201,48251408_4_1773306146,西安WE,昭珏,艾琳,2,2,3,2.5,12854,0
2026031201,48251408_4_1773306146,长沙TES.A,景诗,武则天,1,0,13,14.0,10294,1
2026031201,48251408_4_1773306146,西安WE,九幽,盾山,0,3,5,1.7,7842,0
2026031201,48251408_4_1773306146,长沙TES.A,书源,哪吒,3,3,7,3.3,11229,1
2026033001,48251408_37_1774870625,杭州LGD.NBW,米苏,云缨,4,3,3,2.3,17477,0
2026033001,48251408_37_1774870625,杭州LGD.NBW,小久,狄仁杰,0,4,4,1.0,14102,0
2026033001,48251408_37_1774870625,杭州LGD.NBW,小崽,张飞,0,2,6,3.0,10462,0
2026033001,48251408_37_1774870625,北京WB,听悦,女娲,0,0,4,4.0,15087,1
2026033001,48251408_37_1774870625,北京WB,玖欣,鲁班大师,1,2,9,5.0,10485,1
2026033001,48251408_37_1774870625,杭州LGD.NBW,小落,白起,1,1,4,5.0,11996,0
2026033001,48251408_37_1774870625,杭州LGD.NBW,九尾,沈梦溪,2,0,4,6.0,12989,0
2026033001,48251408_37_1774870625,北京WB,小麦,苍,0,3,7,2.3,15438,1
2026033001,48251408_37_1774870625,北京WB,梓墨,司空震,3,0,4,7.0,16693,1
2026033001,48251408_37_1774870625,北京WB,暖阳,元流之子(坦克),6,2,3,4.5,14107,1
2026033001,48251408_36_1774868725,杭州LGD.NBW,米苏,哪吒,3,2,3,3.0,9672,0
2026033001,48251408_36_1774868725,杭州LGD.NBW,小久,蚩奼,2,4,2,1.0,9280,0
2026033001,48251408_36_1774868725,杭州LGD.NBW,小崽,苏烈,0,3,2,0.7,6237,0
2026033001,48251408_36_1774868725,北京WB,听悦,沈梦溪,3,1,8,11.0,9620,1
2026033001,48251408_36_1774868725,北京WB,玖欣,盾山,2,1,9,11.0,8340,1
2026033001,48251408_36_1774868725,杭州LGD.NBW,小落,关羽,2,1,3,5.0,9281,0
2026033001,48251408_36_1774868725,杭州LGD.NBW,九尾,武则天,0,3,4,1.3,8126,0
2026033001,48251408_36_1774868725,北京WB,小麦,艾琳,2,2,8,5.0,11233,1
2026033001,48251408_36_1774868725,北京WB,梓墨,姬小满,2,2,7,4.5,10403,1
2026033001,48251408_36_1774868725,北京WB,暖阳,橘右京,4,1,7,11.0,12744,1
2026031302,434127376_3_1773405218,杭州LGD.NBW,米苏,杨戬,4,0,4,8.0,8985,1
2026031302,434127376_3_1773405218,杭州LGD.NBW,小久,敖隐,3,0,3,6.0,9154,1
2026031302,434127376_3_1773405218,杭州LGD.NBW,小崽,少司缘,0,1,8,8.0,6566,1
2026031302,434127376_3_1773405218,南通Hero久竞,落尘,阿古朵,0,3,1,0.3,7115,0
2026031302,434127376_3_1773405218,杭州LGD.NBW,小落,狂铁,1,0,5,6.0,8395,1
2026031302,434127376_3_1773405218,杭州LGD.NBW,九尾,小乔,1,0,4,5.0,6588,1
2026031302,434127376_3_1773405218,南通Hero久竞,白清,张飞,0,2,0,0.0,4501,0
2026031302,434127376_3_1773405218,南通Hero久竞,玖熙,沈梦溪,0,1,0,0.0,5478,0
2026031302,434127376_3_1773405218,南通Hero久竞,坦然,马超,0,1,0,0.0,7903,0
2026031302,434127376_3_1773405218,南通Hero久竞,妖刀,元流之子(射手),1,2,0,0.5,6347,0
2026031302,434127376_5_1773408734,杭州LGD.NBW,米苏,云缨,1,0,12,13.0,8258,1
2026031302,434127376_5_1773408734,杭州LGD.NBW,小久,戈娅,3,0,8,11.0,8458,1
2026031302,434127376_5_1773408734,杭州LGD.NBW,小崽,苏烈,1,0,13,14.0,5686,1
2026031302,434127376_5_1773408734,南通Hero久竞,落尘,裴擒虎,0,3,0,0.0,7145,0
2026031302,434127376_5_1773408734,杭州LGD.NBW,小落,影,3,1,5,8.0,7788,1
2026031302,434127376_5_1773408734,杭州LGD.NBW,九尾,嬴政,6,0,7,13.0,7822,1
2026031302,434127376_5_1773408734,南通Hero久竞,白清,东皇太一,0,3,0,0.0,4175,0
2026031302,434127376_5_1773408734,南通Hero久竞,玖熙,安琪拉,1,3,0,0.3,5592,0
2026031302,434127376_5_1773408734,南通Hero久竞,坦然,狂铁,0,2,1,0.5,5598,0
2026031302,434127376_5_1773408734,南通Hero久竞,妖刀,苍,0,3,0,0.0,6245,0
2026032203,48251408_40_1774189547,西安WE,明崽,不知火舞,0,2,1,0.5,6829,0
2026032203,48251408_40_1774189547,广州TTG,萝卜,达摩,1,0,4,5.0,9083,1
2026032203,48251408_40_1774189547,广州TTG,涵,少司缘,0,2,7,3.5,7879,1
2026032203,48251408_40_1774189547,西安WE,文涛,司空震,1,1,0,1.0,9141,0
2026032203,48251408_40_1774189547,西安WE,子意,大司命,1,2,1,1.0,8865,0
2026032203,48251408_40_1774189547,西安WE,昭珏,孙权,0,2,1,0.5,8575,0
2026032203,48251408_40_1774189547,广州TTG,小雪,蚩奼,4,0,3,7.0,11755,1
2026032203,48251408_40_1774189547,广州TTG,佳心,镜,3,0,3,6.0,12139,1
2026032203,48251408_40_1774189547,广州TTG,鹤辞,沈梦溪,0,0,7,7.0,8222,1
2026032203,48251408_40_1774189547,西安WE,九幽,大禹,0,1,2,2.0,6290,0
2026032601,48251408_7_1774531324,桐乡情久,陌冷,公孙离,0,2,2,1.0,10217,0
2026032601,48251408_7_1774531324,杭州LGD.NBW,米苏,裴擒虎,4,2,6,5.0,11844,1
2026032601,48251408_7_1774531324,杭州LGD.NBW,小久,艾琳,3,0,4,7.0,11278,1
2026032601,48251408_7_1774531324,杭州LGD.NBW,小崽,廉颇,0,1,9,9.0,7611,1
2026032601,48251408_7_1774531324,桐乡情久,深巅,大司命,2,3,1,1.0,8924,0
2026032601,48251408_7_1774531324,杭州LGD.NBW,小落,曹操,5,0,4,9.0,12424,1
2026032601,48251408_7_1774531324,杭州LGD.NBW,九尾,海月,0,0,9,9.0,8376,1
2026032601,48251408_7_1774531324,桐乡情久,久寒,安琪拉,0,2,2,1.0,7800,0
2026032601,48251408_7_1774531324,桐乡情久,楠枫,孙膑,0,3,3,1.0,6980,0
2026032601,48251408_7_1774531324,桐乡情久,无玄,狂铁,1,2,1,1.0,9041,0
2026032901,48251408_26_1774783279,重庆狼队,信,盾山,0,2,0,0.0,4316,0
2026032901,48251408_26_1774783279,重庆狼队,皖皖,夏侯惇,0,2,0,0.0,6093,0
2026032901,48251408_26_1774783279,KSG,句号,杨戬,3,0,3,6.0,8418,1
2026032901,48251408_26_1774783279,KSG,小屿,鲁班七号,4,0,1,5.0,9925,1
2026032901,48251408_26_1774783279,KSG,流浪,武则天,0,0,6,6.0,6488,1
2026032901,48251408_26_1774783279,KSG,无言,狂铁,1,0,2,3.0,7276,1
2026032901,48251408_26_1774783279,重庆狼队,紫幻,甄姬,0,2,0,0.0,5615,0
2026032901,48251408_26_1774783279,KSG,一笙,鲁班大师,1,0,6,7.0,5451,1
2026032901,48251408_26_1774783279,重庆狼队,清清,司空震,0,1,0,0.0,6751,0
2026032901,48251408_26_1774783279,重庆狼队,道崽,狄仁杰,0,2,0,0.0,6528,0
2026033001,48251408_41_1774878883,杭州LGD.NBW,米苏,大司命,3,3,3,2.0,11957,0
2026033001,48251408_41_1774878883,杭州LGD.NBW,小久,敖隐,1,2,1,1.0,14899,0
2026033001,48251408_41_1774878883,杭州LGD.NBW,小崽,鲁班大师,0,2,5,2.5,9612,0
2026033001,48251408_41_1774878883,北京WB,听悦,沈梦溪,1,1,6,7.0,12124,1
2026033001,48251408_41_1774878883,北京WB,玖欣,鲁班大师,1,2,6,3.5,10759,1
2026033001,48251408_41_1774878883,杭州LGD.NBW,小落,曹操,1,1,5,6.0,15188,0
2026033001,48251408_41_1774878883,杭州LGD.NBW,九尾,沈梦溪,1,2,5,3.0,11837,0
2026033001,48251408_41_1774878883,北京WB,小麦,敖隐,4,0,5,9.0,17371,1
2026033001,48251408_41_1774878883,北京WB,梓墨,司空震,3,2,5,4.0,15886,1
2026033001,48251408_41_1774878883,北京WB,暖阳,元流之子(坦克),1,1,6,7.0,13220,1
2026032901,48251408_24_1774780478,重庆狼队,信,苏烈,0,3,0,0.0,7680,0
2026032901,48251408_24_1774780478,重庆狼队,皖皖,云缨,0,1,0,0.0,13630,0
2026032901,48251408_24_1774780478,KSG,句号,大司命,3,0,4,7.0,12445,1
2026032901,48251408_24_1774780478,KSG,小屿,敖隐,3,0,4,7.0,14979,1
2026032901,48251408_24_1774780478,KSG,流浪,安琪拉,2,0,5,7.0,13060,1
2026032901,48251408_24_1774780478,KSG,无言,关羽,0,0,7,7.0,13956,1
2026032901,48251408_24_1774780478,重庆狼队,紫幻,沈梦溪,0,1,0,0.0,10510,0
2026032901,48251408_24_1774780478,KSG,一笙,少司缘,0,0,8,8.0,10498,1
2026032901,48251408_24_1774780478,重庆狼队,清清,达摩,0,2,0,0.0,9822,0
2026032901,48251408_24_1774780478,重庆狼队,道崽,艾琳,0,1,0,0.0,13232,0
2026032901,48251408_29_1774788387,重庆狼队,信,钟馗,1,2,19,10.0,9043,1
2026032901,48251408_29_1774788387,重庆狼队,皖皖,元流之子(坦克),8,1,5,13.0,11091,1
2026032901,48251408_29_1774788387,KSG,句号,夏侯惇,1,4,1,0.5,8698,0
2026032901,48251408_29_1774788387,KSG,小屿,戈娅,2,4,2,1.0,10254,0
2026032901,48251408_29_1774788387,KSG,流浪,海诺,2,4,1,0.8,9101,0
2026032901,48251408_29_1774788387,KSG,无言,马超,0,2,2,1.0,9852,0
2026032901,48251408_29_1774788387,重庆狼队,紫幻,安琪拉,4,0,14,18.0,11916,1
2026032901,48251408_29_1774788387,KSG,一笙,赵怀真,0,7,4,0.6,7157,0
2026032901,48251408_29_1774788387,重庆狼队,清清,关羽,2,2,6,4.0,10217,1
2026032901,48251408_29_1774788387,重庆狼队,道崽,苍,6,0,10,16.0,14514,1
2026032701,48251408_11_1774607636,广州TTG,萝卜,狂铁,1,0,4,5.0,9685,1
2026032701,48251408_11_1774607636,广州TTG,涵,鲁班大师,0,1,13,13.0,7377,1
2026032701,48251408_11_1774607636,南通Hero久竞,落尘,云缨,0,3,4,1.3,10103,0
2026032701,48251408_11_1774607636,广州TTG,小雪,虞姬,5,0,4,9.0,12566,1
2026032701,48251408_11_1774607636,广州TTG,佳心,橘右京,5,2,6,5.5,10782,1
2026032701,48251408_11_1774607636,南通Hero久竞,白清,廉颇,1,4,4,1.3,6710,0
2026032701,48251408_11_1774607636,广州TTG,鹤辞,武则天,3,2,8,5.5,8866,1
2026032701,48251408_11_1774607636,南通Hero久竞,玖熙,沈梦溪,0,3,4,1.3,7075,0
2026032701,48251408_11_1774607636,南通Hero久竞,坦然,关羽,3,3,1,1.3,8534,0
2026032701,48251408_11_1774607636,南通Hero久竞,妖刀,敖隐,1,1,2,3.0,11034,0
2026032901,48251408_31_1774792423,重庆狼队,信,盾山,0,3,8,2.7,7289,1
2026032901,48251408_31_1774792423,重庆狼队,皖皖,大司命,4,0,5,9.0,9981,1
2026032901,48251408_31_1774792423,KSG,句号,大司命,0,2,3,1.5,7970,0
2026032901,48251408_31_1774792423,KSG,小屿,敖隐,1,2,1,1.0,9444,0
2026032901,48251408_31_1774792423,KSG,流浪,沈梦溪,0,0,3,3.0,7777,0
2026032901,48251408_31_1774792423,KSG,无言,夏洛特,2,2,0,1.0,9022,0
2026032901,48251408_31_1774792423,重庆狼队,紫幻,沈梦溪,1,0,8,9.0,9683,1
2026032901,48251408_31_1774792423,KSG,一笙,鲁班大师,0,3,1,0.3,5967,0
2026032901,48251408_31_1774792423,重庆狼队,清清,曹操,3,0,5,8.0,11181,1
2026032901,48251408_31_1774792423,重庆狼队,道崽,敖隐,1,0,5,6.0,11011,1
2026033001,48251408_40_1774876912,杭州LGD.NBW,米苏,裴擒虎,3,0,2,5.0,12395,1
2026033001,48251408_40_1774876912,杭州LGD.NBW,小久,公孙离,0,0,4,4.0,12783,1
2026033001,48251408_40_1774876912,杭州LGD.NBW,小崽,墨子,1,0,5,6.0,8040,1
2026033001,48251408_40_1774876912,北京WB,听悦,武则天,0,1,2,2.0,8168,0
2026033001,48251408_40_1774876912,北京WB,玖欣,张飞,0,2,2,1.0,7764,0
2026033001,48251408_40_1774876912,杭州LGD.NBW,小落,吕布,1,2,5,3.0,10288,1
2026033001,48251408_40_1774876912,杭州LGD.NBW,九尾,海月,2,0,2,4.0,10292,1
2026033001,48251408_40_1774876912,北京WB,小麦,狄仁杰,1,1,1,2.0,11248,0
2026033001,48251408_40_1774876912,北京WB,梓墨,夏洛特,1,2,1,1.0,11421,0
2026033001,48251408_40_1774876912,北京WB,暖阳,曜,0,1,2,2.0,10872,0
2026031301,48251408_11_1773392471,桐乡情久,陌冷,艾琳,3,2,1,2.0,15069,1
2026031301,48251408_11_1773392471,广州TTG,萝卜,狂铁,2,2,7,4.5,13641,0
2026031301,48251408_11_1773392471,广州TTG,涵,太乙真人,0,3,7,2.3,9792,0
2026031301,48251408_11_1773392471,广州TTG,小雪,孙尚香,4,2,2,3.0,18744,0
2026031301,48251408_11_1773392471,桐乡情久,深巅,夏侯惇,1,2,4,2.5,13071,1
2026031301,48251408_11_1773392471,广州TTG,佳心,云缨,4,1,5,9.0,16471,0
2026031301,48251408_11_1773392471,广州TTG,鹤辞,西施,1,1,3,4.0,9787,0
2026031301,48251408_11_1773392471,桐乡情久,久寒,女娲,3,4,4,1.8,13248,1
2026031301,48251408_11_1773392471,桐乡情久,楠枫,盾山,1,2,7,4.0,11544,1
2026031301,48251408_11_1773392471,桐乡情久,无玄,曹操,1,1,4,5.0,16753,1
2026031301,48251408_13_1773396653,桐乡情久,陌冷,狄仁杰,0,1,1,1.0,9998,0
2026031301,48251408_13_1773396653,广州TTG,萝卜,影,3,0,3,6.0,12618,1
2026031301,48251408_13_1773396653,广州TTG,涵,鲁班大师,0,1,9,9.0,7460,1
2026031301,48251408_13_1773396653,广州TTG,小雪,戈娅,1,0,8,9.0,11920,1
2026031301,48251408_13_1773396653,桐乡情久,深巅,猪八戒,0,4,1,0.3,7738,0
2026031301,48251408_13_1773396653,广州TTG,佳心,杨戬,5,0,4,9.0,12411,1
2026031301,48251408_13_1773396653,广州TTG,鹤辞,王昭君,3,0,6,9.0,8113,1
2026031301,48251408_13_1773396653,桐乡情久,久寒,嬴政,1,2,0,0.5,7675,0
2026031301,48251408_13_1773396653,桐乡情久,楠枫,元流之子(辅助),0,4,1,0.3,6749,0
2026031301,48251408_13_1773396653,桐乡情久,无玄,夏洛特,0,1,0,0.0,9719,0
2026032901,48251408_30_1774790485,重庆狼队,信,东皇太一,1,0,8,9.0,8211,1
2026032901,48251408_30_1774790485,重庆狼队,皖皖,哪吒,3,0,6,9.0,11589,1
2026032901,48251408_30_1774790485,KSG,句号,元流之子(坦克),0,2,0,0.0,7842,0
2026032901,48251408_30_1774790485,KSG,小屿,蚩奼,0,1,0,0.0,11620,0
2026032901,48251408_30_1774790485,KSG,流浪,女娲,0,2,0,0.0,8584,0
2026032901,48251408_30_1774790485,KSG,无言,影,0,3,0,0.0,9927,0
2026032901,48251408_30_1774790485,重庆狼队,紫幻,不知火舞,1,0,7,8.0,10380,1
2026032901,48251408_30_1774790485,KSG,一笙,墨子,0,3,0,0.0,6559,0
2026032901,48251408_30_1774790485,重庆狼队,清清,吕布,4,0,4,8.0,9763,1
2026032901,48251408_30_1774790485,重庆狼队,道崽,戈娅,2,0,5,7.0,13138,1
2026031301,48251408_14_1773398451,桐乡情久,陌冷,孙权,1,4,1,0.5,7896,0
2026031301,48251408_14_1773398451,广州TTG,萝卜,老夫子,2,0,6,8.0,9813,1
2026031301,48251408_14_1773398451,广州TTG,涵,大禹,0,2,11,5.5,6733,1
2026031301,48251408_14_1773398451,广州TTG,小雪,蚩奼,5,0,2,7.0,10782,1
2026031301,48251408_14_1773398451,桐乡情久,深巅,云缨,1,2,1,1.0,8856,0
2026031301,48251408_14_1773398451,广州TTG,佳心,镜,3,0,5,8.0,10908,1
2026031301,48251408_14_1773398451,广州TTG,鹤辞,嫦娥,2,1,6,8.0,9386,1
2026031301,48251408_14_1773398451,桐乡情久,久寒,沈梦溪,0,1,2,2.0,7155,0
2026031301,48251408_14_1773398451,桐乡情久,楠枫,少司缘,1,3,2,1.0,6967,0
2026031301,48251408_14_1773398451,桐乡情久,无玄,影,0,2,0,0.0,8700,0
2026032701,48251408_14_1774613524,广州TTG,萝卜,影,5,2,8,6.5,11902,1
2026032701,48251408_14_1774613524,广州TTG,涵,庄周,0,0,14,14.0,8655,1
2026032701,48251408_14_1774613524,南通Hero久竞,落尘,马超,2,1,3,5.0,13655,0
2026032701,48251408_14_1774613524,广州TTG,小雪,戈娅,4,1,6,10.0,12915,1
2026032701,48251408_14_1774613524,广州TTG,佳心,铠,4,1,9,13.0,9761,1
2026032701,48251408_14_1774613524,南通Hero久竞,白清,张良,1,3,3,1.3,6587,0
2026032701,48251408_14_1774613524,广州TTG,鹤辞,小乔,2,1,5,7.0,9998,1
2026032701,48251408_14_1774613524,南通Hero久竞,玖熙,王昭君,0,3,4,1.3,6582,0
2026032701,48251408_14_1774613524,南通Hero久竞,坦然,蒙恬,0,3,4,1.3,8868,0
2026032701,48251408_14_1774613524,南通Hero久竞,妖刀,苍,2,5,1,0.6,10175,0
2026040101,48251408_55_1775041526,北京JDG,无畏,少司缘,1,2,6,3.5,6304,1
2026040101,48251408_55_1775041526,北京WB,听悦,小乔,1,1,2,3.0,5751,0
2026040101,48251408_55_1775041526,北京JDG,轻语,狂铁,1,0,5,6.0,7737,1
2026040101,48251408_55_1775041526,北京WB,玖欣,大禹,0,2,3,1.5,5179,0
2026040101,48251408_55_1775041526,北京JDG,小寒,苍,1,0,4,5.0,8323,1
2026040101,48251408_55_1775041526,北京WB,小麦,艾琳,0,1,0,0.0,7347,0
2026040101,48251408_55_1775041526,北京JDG,无双,云缨,2,1,5,7.0,11022,1
2026040101,48251408_55_1775041526,北京WB,梓墨,白起,1,2,2,1.5,5542,0
2026040101,48251408_55_1775041526,北京JDG,清融,海诺,2,0,5,7.0,7180,1
2026040101,48251408_55_1775041526,北京WB,暖阳,裴擒虎,1,1,0,1.0,9303,0
2026040101,48251408_56_1775043169,北京JDG,无畏,张良,0,4,2,0.5,5102,0
2026040101,48251408_56_1775043169,北京WB,听悦,不知火舞,2,1,6,8.0,9427,1
2026040101,48251408_56_1775043169,北京JDG,轻语,马超,0,2,0,0.0,8962,0
2026040101,48251408_56_1775043169,北京WB,玖欣,庄周,2,0,10,12.0,7722,1
2026040101,48251408_56_1775043169,北京JDG,小寒,戈娅,1,0,1,2.0,9910,0
2026040101,48251408_56_1775043169,北京WB,小麦,孙权,4,0,5,9.0,10972,1
2026040101,48251408_56_1775043169,北京JDG,无双,橘右京,1,4,0,0.3,8015,0
2026040101,48251408_56_1775043169,北京WB,梓墨,夏洛特,2,1,2,4.0,9598,1
2026040101,48251408_56_1775043169,北京JDG,清融,王昭君,0,2,2,1.0,5221,0
2026040101,48251408_56_1775043169,北京WB,暖阳,铠,2,0,8,10.0,9430,1
2026032901,48251408_28_1774786736,重庆狼队,信,张飞,0,2,7,3.5,7265,1
2026032901,48251408_28_1774786736,重庆狼队,皖皖,裴擒虎,3,2,6,4.5,11767,1
2026032901,48251408_28_1774786736,KSG,句号,云缨,3,2,4,3.5,11226,0
2026032901,48251408_28_1774786736,KSG,小屿,苍,3,1,3,6.0,12057,0
2026032901,48251408_28_1774786736,KSG,流浪,王昭君,1,3,6,2.3,6691,0
2026032901,48251408_28_1774786736,KSG,无言,达摩,0,3,7,2.3,7882,0
2026032901,48251408_28_1774786736,重庆狼队,紫幻,海月,1,2,5,3.0,8613,1
2026032901,48251408_28_1774786736,KSG,一笙,张良,1,2,5,3.0,6689,0
2026032901,48251408_28_1774786736,重庆狼队,清清,蒙恬,1,2,5,3.0,8843,1
2026032901,48251408_28_1774786736,重庆狼队,道崽,敖隐,6,0,3,9.0,11634,1
2026032701,48251408_15_1774615151,广州TTG,萝卜,老夫子,0,1,4,4.0,8594,1
2026032701,48251408_15_1774615151,广州TTG,涵,少司缘,0,2,9,4.5,6555,1
2026032701,48251408_15_1774615151,南通Hero久竞,落尘,暃,3,3,0,1.0,8057,0
2026032701,48251408_15_1774615151,广州TTG,小雪,公孙离,3,0,5,8.0,9239,1
2026032701,48251408_15_1774615151,广州TTG,佳心,杨戬,4,0,3,7.0,9189,1
2026032701,48251408_15_1774615151,南通Hero久竞,白清,大禹,0,2,3,1.5,5199,0
2026032701,48251408_15_1774615151,广州TTG,鹤辞,嬴政,2,0,5,7.0,8376,1
2026032701,48251408_15_1774615151,南通Hero久竞,玖熙,女娲,0,1,2,2.0,6389,0
2026032701,48251408_15_1774615151,南通Hero久竞,坦然,司空震,0,2,2,1.0,7461,0
2026032701,48251408_15_1774615151,南通Hero久竞,妖刀,狄仁杰,0,1,2,2.0,7044,0
2026031301,48251408_12_1773394771,桐乡情久,陌冷,苍,1,1,1,2.0,11658,0
2026031301,48251408_12_1773394771,广州TTG,萝卜,司空震,1,0,7,8.0,12162,1
2026031301,48251408_12_1773394771,广州TTG,涵,大乔,1,1,9,10.0,7982,1
2026031301,48251408_12_1773394771,广州TTG,小雪,敖隐,5,0,4,9.0,12836,1
2026031301,48251408_12_1773394771,桐乡情久,深巅,杨戬,0,3,3,1.0,9202,0
2026031301,48251408_12_1773394771,广州TTG,佳心,元流之子(坦克),0,2,9,4.5,10294,1
2026031301,48251408_12_1773394771,广州TTG,鹤辞,沈梦溪,3,0,6,9.0,9618,1
2026031301,48251408_12_1773394771,桐乡情久,久寒,小乔,0,2,3,1.5,7331,0
2026031301,48251408_12_1773394771,桐乡情久,楠枫,苏烈,0,3,1,0.3,6860,0
2026031301,48251408_12_1773394771,桐乡情久,无玄,马超,2,1,0,2.0,11474,0
2026040101,48251408_57_1775045204,北京JDG,无畏,大禹,0,3,1,0.3,4789,0
2026040101,48251408_57_1775045204,北京WB,听悦,女娲,4,0,7,11.0,8945,1
2026040101,48251408_57_1775045204,北京JDG,轻语,关羽,0,1,0,0.0,6755,0
2026040101,48251408_57_1775045204,北京WB,玖欣,张飞,1,0,8,9.0,6196,1
2026040101,48251408_57_1775045204,北京JDG,小寒,孙权,0,4,1,0.3,6487,0
2026040101,48251408_57_1775045204,北京WB,小麦,戈娅,3,1,5,8.0,8278,1
2026040101,48251408_57_1775045204,北京JDG,无双,大司命,2,2,0,1.0,7133,0
2026040101,48251408_57_1775045204,北京WB,梓墨,姬小满,1,1,5,6.0,8070,1
2026040101,48251408_57_1775045204,北京JDG,清融,嬴政,0,2,1,0.5,6311,0
2026040101,48251408_57_1775045204,北京WB,暖阳,橘右京,3,0,3,6.0,9711,1
2026032701,48251408_12_1774609577,广州TTG,萝卜,达摩,0,2,2,1.0,7604,0
2026032701,48251408_12_1774609577,广州TTG,涵,苏烈,0,2,3,1.5,5932,0
2026032701,48251408_12_1774609577,南通Hero久竞,落尘,夏侯惇,3,0,3,6.0,9532,1
2026032701,48251408_12_1774609577,广州TTG,小雪,蚩奼,2,1,1,3.0,9200,0
2026032701,48251408_12_1774609577,广州TTG,佳心,镜,2,1,1,3.0,10628,0
2026032701,48251408_12_1774609577,南通Hero久竞,白清,盾山,0,0,7,7.0,7166,1
2026032701,48251408_12_1774609577,广州TTG,鹤辞,女娲,0,2,3,1.5,7471,0
2026032701,48251408_12_1774609577,南通Hero久竞,玖熙,不知火舞,2,2,4,3.0,8305,1
2026032701,48251408_12_1774609577,南通Hero久竞,坦然,夏洛特,3,0,3,6.0,10999,1
2026032701,48251408_12_1774609577,南通Hero久竞,妖刀,艾琳,0,2,6,3.0,10507,1
2026040101,48251408_58_1775046573,北京JDG,无畏,苏烈,0,4,1,0.3,6842,0
2026040101,48251408_58_1775046573,北京WB,听悦,安琪拉,2,4,7,2.3,10062,1
2026040101,48251408_58_1775046573,北京JDG,轻语,达摩,1,3,1,0.7,10071,0
2026040101,48251408_58_1775046573,北京WB,玖欣,太乙真人,1,0,10,11.0,9778,1
2026040101,48251408_58_1775046573,北京JDG,小寒,蚩奼,0,2,3,1.5,10879,0
2026040101,48251408_58_1775046573,北京WB,小麦,孙尚香,2,1,5,7.0,13897,1
2026040101,48251408_58_1775046573,北京JDG,无双,裴擒虎,3,3,2,1.7,12501,0
2026040101,48251408_58_1775046573,北京WB,梓墨,狂铁,3,0,7,10.0,13456,1
2026040101,48251408_58_1775046573,北京JDG,清融,沈梦溪,1,0,4,5.0,9881,0
2026040101,48251408_58_1775046573,北京WB,暖阳,大司命,4,0,5,9.0,12557,1
2026040501,48251408_86_1775392182,成都AG超玩会,大帅,少司缘,1,1,16,17.0,13529,1
2026040501,48251408_86_1775392182,KSG,句号,娜可露露,6,5,1,1.4,17595,0
2026040501,48251408_86_1775392182,成都AG超玩会,小俞,苍,4,5,7,2.2,17424,1
2026040501,48251408_86_1775392182,KSG,小屿,敖隐,5,1,6,11.0,17719,0
2026040501,48251408_86_1775392182,KSG,流浪,海月,1,4,6,1.8,12589,0
2026040501,48251408_86_1775392182,KSG,无言,狂铁,3,3,11,4.7,15854,0
2026040501,48251408_86_1775392182,成都AG超玩会,轩染,影,4,3,5,3.0,15972,1
2026040501,48251408_86_1775392182,KSG,一笙,钟馗,1,4,13,3.5,11165,0
2026040501,48251408_86_1775392182,成都AG超玩会,钟意,大司命,5,3,9,4.7,15209,1
2026040501,48251408_86_1775392182,成都AG超玩会,长生,甄姬,3,4,10,3.3,13761,1
2026040501,48251408_87_1775394839,成都AG超玩会,大帅,朵莉亚,0,1,5,5.0,11259,0
2026040501,48251408_87_1775394839,KSG,句号,裴擒虎,4,0,7,11.0,18980,1
2026040501,48251408_87_1775394839,成都AG超玩会,小俞,戈娅,2,2,2,2.0,18015,0
2026040501,48251408_87_1775394839,KSG,小屿,公孙离,5,1,6,11.0,17712,1
2026040501,48251408_87_1775394839,KSG,流浪,武则天,1,0,8,9.0,11964,1
2026040501,48251408_87_1775394839,KSG,无言,蒙恬,3,3,7,3.3,12301,1
2026040501,48251408_87_1775394839,成都AG超玩会,轩染,夏洛特,2,4,2,1.0,15262,0
2026040501,48251408_87_1775394839,KSG,一笙,少司缘,0,1,11,11.0,12309,1
2026040501,48251408_87_1775394839,成都AG超玩会,钟意,夏侯惇,0,3,2,0.7,11913,0
2026040501,48251408_87_1775394839,成都AG超玩会,长生,姜子牙,1,3,2,1.0,12732,0
2026032202,836780560_12_1774171890,桐乡情久,陌冷,虞姬,5,0,5,10.0,10579,1
2026032202,836780560_12_1774171890,杭州LGD.NBW,米苏,夏侯惇,0,4,0,0.0,6902,0
2026032202,836780560_12_1774171890,杭州LGD.NBW,小久,蚩奼,0,1,1,1.0,9013,0
2026032202,836780560_12_1774171890,杭州LGD.NBW,小崽,少司缘,0,2,2,1.0,6481,0
2026032202,836780560_12_1774171890,桐乡情久,深巅,元流之子(坦克),0,0,10,10.0,9087,1
2026032202,836780560_12_1774171890,杭州LGD.NBW,小落,夏洛特,0,1,2,2.0,8939,0
2026032202,836780560_12_1774171890,杭州LGD.NBW,九尾,小乔,2,2,0,1.0,6707,0
2026032202,836780560_12_1774171890,桐乡情久,久寒,沈梦溪,0,1,6,6.0,8159,1
2026032202,836780560_12_1774171890,桐乡情久,楠枫,张飞,1,0,8,9.0,6901,1
2026032202,836780560_12_1774171890,桐乡情久,无玄,曹操,4,1,4,8.0,10145,1
2026032701,48251408_13_1774611472,广州TTG,萝卜,夏洛特,3,0,5,8.0,13803,1
2026032701,48251408_13_1774611472,广州TTG,涵,张良,1,1,7,8.0,7895,1
2026032701,48251408_13_1774611472,南通Hero久竞,落尘,大司命,1,3,2,1.0,10170,0
2026032701,48251408_13_1774611472,广州TTG,小雪,苍,7,0,4,11.0,14866,1
2026032701,48251408_13_1774611472,广州TTG,佳心,夏侯惇,1,1,5,6.0,11377,1
2026032701,48251408_13_1774611472,南通Hero久竞,白清,庄周,0,2,3,1.5,8490,0
2026032701,48251408_13_1774611472,广州TTG,鹤辞,王昭君,0,1,11,11.0,8261,1
2026032701,48251408_13_1774611472,南通Hero久竞,玖熙,武则天,0,3,2,0.7,8563,0
2026032701,48251408_13_1774611472,南通Hero久竞,坦然,达摩,0,3,2,0.7,10079,0
2026032701,48251408_13_1774611472,南通Hero久竞,妖刀,戈娅,2,1,1,3.0,13050,0
2026032202,836780560_13_1774173701,桐乡情久,陌冷,艾琳,4,0,4,8.0,13478,1
2026032202,836780560_13_1774173701,杭州LGD.NBW,米苏,大司命,0,2,2,1.0,7899,0
2026032202,836780560_13_1774173701,杭州LGD.NBW,小久,戈娅,2,1,1,3.0,10531,0
2026032202,836780560_13_1774173701,杭州LGD.NBW,小崽,苏烈,0,4,3,0.8,6244,0
2026032202,836780560_13_1774173701,桐乡情久,深巅,铠,3,1,4,7.0,9828,1
2026032202,836780560_13_1774173701,杭州LGD.NBW,小落,马超,1,1,1,2.0,11127,0
2026032202,836780560_13_1774173701,杭州LGD.NBW,九尾,武则天,1,2,3,2.0,8559,0
2026032202,836780560_13_1774173701,桐乡情久,久寒,甄姬,2,3,5,2.3,7946,1
2026032202,836780560_13_1774173701,桐乡情久,楠枫,盾山,0,0,9,9.0,7797,1
2026032202,836780560_13_1774173701,桐乡情久,无玄,狂铁,1,0,5,6.0,11956,1
2026031302,434127376_2_1773403266,杭州LGD.NBW,米苏,大司命,0,1,1,1.0,8313,0
2026031302,434127376_2_1773403266,杭州LGD.NBW,小久,孙权,0,1,1,1.0,9742,0
2026031302,434127376_2_1773403266,杭州LGD.NBW,小崽,张良,0,1,1,1.0,5584,0
2026031302,434127376_2_1773403266,南通Hero久竞,落尘,梦奇,2,1,4,6.0,7991,1
2026031302,434127376_2_1773403266,杭州LGD.NBW,小落,马超,1,1,0,1.0,9999,0
2026031302,434127376_2_1773403266,杭州LGD.NBW,九尾,王昭君,2,2,1,1.5,6050,0
2026031302,434127376_2_1773403266,南通Hero久竞,白清,少司缘,1,1,5,6.0,6583,1
2026031302,434127376_2_1773403266,南通Hero久竞,玖熙,武则天,1,0,4,5.0,6851,1
2026031302,434127376_2_1773403266,南通Hero久竞,坦然,夏洛特,0,1,5,5.0,10449,1
2026031302,434127376_2_1773403266,南通Hero久竞,妖刀,戈娅,2,0,1,3.0,9461,1
2026040101,48251408_54_1775039663,北京JDG,无畏,赵怀真,1,5,1,0.4,5583,0
2026040101,48251408_54_1775039663,北京WB,听悦,沈梦溪,3,0,8,11.0,8902,1
2026040101,48251408_54_1775039663,北京JDG,轻语,曹操,1,2,2,1.5,8657,0
2026040101,48251408_54_1775039663,北京WB,玖欣,鲁班大师,0,2,12,6.0,6741,1
2026040101,48251408_54_1775039663,北京JDG,小寒,敖隐,0,1,1,1.0,7845,0
2026040101,48251408_54_1775039663,北京WB,小麦,苍,2,0,10,12.0,10805,1
2026040101,48251408_54_1775039663,北京JDG,无双,夏侯惇,1,4,2,0.8,6337,0
2026040101,48251408_54_1775039663,北京WB,梓墨,司空震,3,1,7,10.0,9394,1
2026040101,48251408_54_1775039663,北京JDG,清融,嫦娥,0,0,2,2.0,6854,0
2026040101,48251408_54_1775039663,北京WB,暖阳,元流之子(坦克),4,0,8,12.0,9740,1
2026040401,48251408_77_1775302873,KSG,句号,橘右京,1,3,1,0.7,12668,0
2026040401,48251408_77_1775302873,北京WB,听悦,安琪拉,4,0,3,7.0,12221,1
2026040401,48251408_77_1775302873,KSG,小屿,敖隐,1,2,1,1.0,11749,0
2026040401,48251408_77_1775302873,KSG,流浪,甄姬,0,0,1,1.0,9723,0
2026040401,48251408_77_1775302873,KSG,无言,夏洛特,0,3,1,0.3,10753,0
2026040401,48251408_77_1775302873,北京WB,玖欣,太乙真人,1,0,8,9.0,9673,1
2026040401,48251408_77_1775302873,北京WB,小麦,苍,2,1,7,9.0,14410,1
2026040401,48251408_77_1775302873,KSG,一笙,张飞,0,3,2,0.7,8550,0
2026040401,48251408_77_1775302873,北京WB,梓墨,狂铁,0,0,7,7.0,13313,1
2026040401,48251408_77_1775302873,北京WB,暖阳,宫本武藏,4,1,1,5.0,14951,1
2026040401,48251408_76_1775301048,KSG,句号,裴擒虎,1,0,3,4.0,10868,1
2026040401,48251408_76_1775301048,北京WB,听悦,小乔,0,1,1,1.0,6204,0
2026040401,48251408_76_1775301048,KSG,小屿,苍,1,1,2,3.0,9760,1
2026040401,48251408_76_1775301048,KSG,流浪,沈梦溪,1,0,4,5.0,8443,1
2026040401,48251408_76_1775301048,KSG,无言,达摩,2,0,4,6.0,9187,1
2026040401,48251408_76_1775301048,北京WB,玖欣,张飞,1,0,0,1.0,5922,0
2026040401,48251408_76_1775301048,北京WB,小麦,敖隐,0,1,0,0.0,7783,0
2026040401,48251408_76_1775301048,KSG,一笙,苏烈,1,0,5,6.0,6703,1
2026040401,48251408_76_1775301048,北京WB,梓墨,夏洛特,0,2,0,0.0,8943,0
2026040401,48251408_76_1775301048,北京WB,暖阳,云缨,0,2,1,0.5,7902,0
2026040401,48251408_75_1775298728,KSG,句号,云缨,2,2,8,5.0,15407,1
2026040401,48251408_75_1775298728,北京WB,听悦,不知火舞,1,3,3,1.3,11232,0
2026040401,48251408_75_1775298728,KSG,小屿,蚩奼,7,1,6,13.0,15943,1
2026040401,48251408_75_1775298728,KSG,流浪,小乔,1,1,11,12.0,12600,1
2026040401,48251408_75_1775298728,KSG,无言,狂铁,4,0,5,9.0,14466,1
2026040401,48251408_75_1775298728,北京WB,玖欣,盾山,0,2,7,3.5,10042,0
2026040401,48251408_75_1775298728,北京WB,小麦,艾琳,2,2,4,3.0,14985,0
2026040401,48251408_75_1775298728,KSG,一笙,赵怀真,1,3,11,4.0,9963,1
2026040401,48251408_75_1775298728,北京WB,梓墨,司空震,3,4,2,1.3,12888,0
2026040401,48251408_75_1775298728,北京WB,暖阳,大司命,1,4,5,1.5,11532,0
2026040301,48251408_69_1775212484,成都AG超玩会,大帅,盾山,0,3,1,0.3,5081,0
2026040301,48251408_69_1775212484,重庆狼队,信,钟馗,1,1,10,11.0,5694,1
2026040301,48251408_69_1775212484,重庆狼队,皖皖,大司命,1,1,7,8.0,8413,1
2026040301,48251408_69_1775212484,成都AG超玩会,小俞,艾琳,0,3,0,0.0,7140,0
2026040301,48251408_69_1775212484,成都AG超玩会,轩染,曹操,1,2,0,0.5,6663,0
2026040301,48251408_69_1775212484,重庆狼队,紫幻,小乔,5,0,5,10.0,8017,1
2026040301,48251408_69_1775212484,重庆狼队,清清,关羽,1,0,6,7.0,7608,1
2026040301,48251408_69_1775212484,成都AG超玩会,钟意,铠,1,3,0,0.3,5907,0
2026040301,48251408_69_1775212484,重庆狼队,道崽,蚩奼,4,0,6,10.0,8807,1
2026040301,48251408_69_1775212484,成都AG超玩会,长生,金蝉,0,1,1,1.0,5970,0
2026040401,48251408_78_1775305013,KSG,句号,夏侯惇,1,0,3,4.0,5969,1
2026040401,48251408_78_1775305013,北京WB,听悦,嫦娥,0,1,0,0.0,5196,0
2026040401,48251408_78_1775305013,KSG,小屿,公孙离,1,0,1,2.0,7437,1
2026040401,48251408_78_1775305013,KSG,流浪,武则天,1,0,4,5.0,5753,1
2026040401,48251408_78_1775305013,KSG,无言,曹操,1,0,2,3.0,6477,1
2026040401,48251408_78_1775305013,北京WB,玖欣,少司缘,0,1,0,0.0,4245,0
2026040401,48251408_78_1775305013,北京WB,小麦,戈娅,0,0,0,0.0,5863,0
2026040401,48251408_78_1775305013,KSG,一笙,大禹,1,0,3,4.0,4255,1
2026040401,48251408_78_1775305013,北京WB,梓墨,马超,0,1,0,0.0,5924,0
2026040401,48251408_78_1775305013,北京WB,暖阳,元流之子(坦克),0,2,0,0.0,5224,0
2026041101,1054884368_33_1775904454,重庆狼队,信,少司缘,0,6,6,1.0,7652,0
2026041101,1054884368_33_1775904454,重庆狼队,皖皖,云缨,0,2,4,2.0,11019,0
2026041101,1054884368_33_1775904454,KSG,句号,大司命,6,1,6,12.0,10978,1
2026041101,1054884368_33_1775904454,KSG,小屿,苍,1,2,9,5.0,11413,1
2026041101,1054884368_33_1775904454,KSG,流浪,海月,5,1,7,12.0,10240,1
2026041101,1054884368_33_1775904454,KSG,无言,马超,4,3,3,2.3,11649,1
2026041101,1054884368_33_1775904454,重庆狼队,紫幻,小乔,0,3,5,1.7,7874,0
2026041101,1054884368_33_1775904454,KSG,一笙,大禹,0,0,12,12.0,7893,1
2026041101,1054884368_33_1775904454,重庆狼队,清清,达摩,1,3,4,1.7,8234,0
2026041101,1054884368_33_1775904454,重庆狼队,道崽,敖隐,6,2,0,3.0,11124,0
2026041101,1054884368_32_1775902337,重庆狼队,信,鲁班大师,0,2,4,2.0,5472,0
2026041101,1054884368_32_1775902337,重庆狼队,皖皖,元流之子(坦克),1,3,3,1.3,7095,0
2026041101,1054884368_32_1775902337,KSG,句号,猪八戒,2,0,7,9.0,7868,1
2026041101,1054884368_32_1775902337,KSG,小屿,狄仁杰,2,1,6,8.0,9151,1
2026041101,1054884368_32_1775902337,KSG,流浪,沈梦溪,3,0,6,9.0,7577,1
2026041101,1054884368_32_1775902337,KSG,无言,司空震,2,0,5,7.0,8808,1
2026041101,1054884368_32_1775902337,重庆狼队,紫幻,大乔,2,1,2,4.0,5755,0
2026041101,1054884368_32_1775902337,KSG,一笙,钟馗,1,3,7,2.7,6008,1
2026041101,1054884368_32_1775902337,重庆狼队,清清,老夫子,0,2,3,1.5,6937,0
2026041101,1054884368_32_1775902337,重庆狼队,道崽,戈娅,1,2,3,2.0,7587,0
2026040201,48251408_62_1775125991,KSG,句号,裴擒虎,2,3,1,1.0,9021,0
2026040201,48251408_62_1775125991,KSG,小屿,敖隐,0,1,2,2.0,8695,0
2026040201,48251408_62_1775125991,KSG,流浪,女娲,0,0,3,3.0,9451,0
2026040201,48251408_62_1775125991,KSG,无言,夏洛特,1,2,1,1.0,8372,0
2026040201,48251408_62_1775125991,深圳DYG,向鱼,弈星,2,1,7,9.0,7597,1
2026040201,48251408_62_1775125991,深圳DYG,小乐,曹操,1,1,5,6.0,10270,1
2026040201,48251408_62_1775125991,深圳DYG,落空,鲁班大师,0,0,8,8.0,7041,1
2026040201,48251408_62_1775125991,深圳DYG,小轩,元流之子(坦克),3,0,5,8.0,9481,1
2026040201,48251408_62_1775125991,KSG,一笙,廉颇,0,3,2,0.7,6455,0
2026040201,48251408_62_1775125991,深圳DYG,钎城,鲁班七号,3,1,5,8.0,12282,1
2026040201,48251408_63_1775127918,KSG,句号,云缨,2,1,7,9.0,12129,1
2026040201,48251408_63_1775127918,KSG,小屿,蚩奼,7,1,4,11.0,12222,1
2026040201,48251408_63_1775127918,KSG,流浪,小乔,3,0,9,12.0,9073,1
2026040201,48251408_63_1775127918,KSG,无言,狂铁,0,3,7,2.3,8860,1
2026040201,48251408_63_1775127918,深圳DYG,向鱼,武则天,4,2,1,2.5,7190,0
2026040201,48251408_63_1775127918,深圳DYG,小乐,夏洛特,0,3,3,1.0,10617,0
2026040201,48251408_63_1775127918,深圳DYG,落空,盾山,0,2,4,2.0,6766,0
2026040201,48251408_63_1775127918,深圳DYG,小轩,夏侯惇,0,1,3,3.0,8091,0
2026040201,48251408_63_1775127918,KSG,一笙,墨子,0,1,9,9.0,6974,1
2026040201,48251408_63_1775127918,深圳DYG,钎城,艾琳,2,4,2,1.0,11012,0
2026041101,1054884368_34_1775906562,重庆狼队,信,张飞,3,3,3,2.0,9124,0
2026041101,1054884368_34_1775906562,重庆狼队,皖皖,铠,3,4,4,1.8,12017,0
2026041101,1054884368_34_1775906562,KSG,句号,杨戬,5,2,5,5.0,12789,1
2026041101,1054884368_34_1775906562,KSG,小屿,孙权,3,3,10,4.3,14781,1
2026041101,1054884368_34_1775906562,KSG,流浪,安琪拉,4,1,8,12.0,11897,1
2026041101,1054884368_34_1775906562,KSG,无言,夏洛特,4,1,9,13.0,13747,1
2026041101,1054884368_34_1775906562,重庆狼队,紫幻,武则天,0,3,6,2.0,10611,0
2026041101,1054884368_34_1775906562,KSG,一笙,苏烈,1,2,14,7.5,10111,1
2026041101,1054884368_34_1775906562,重庆狼队,清清,关羽,1,5,6,1.4,11355,0
2026041101,1054884368_34_1775906562,重庆狼队,道崽,蚩奼,2,2,6,4.0,13930,0
2026031802,501236240_17_1773846073,成都AG超玩会,大帅,张飞,1,2,3,2.0,7756,0
2026031802,501236240_17_1773846073,北京JDG,无畏,赵怀真,3,1,3,6.0,8334,1
2026031802,501236240_17_1773846073,成都AG超玩会,小俞,戈娅,1,1,4,5.0,11358,0
2026031802,501236240_17_1773846073,北京JDG,轻语,夏洛特,2,2,6,4.0,12636,1
2026031802,501236240_17_1773846073,成都AG超玩会,轩染,蚩奼,1,4,4,1.3,10000,0
2026031802,501236240_17_1773846073,北京JDG,小寒,艾琳,1,0,6,7.0,13123,1
2026031802,501236240_17_1773846073,北京JDG,无双,云缨,2,0,6,8.0,13329,1
2026031802,501236240_17_1773846073,成都AG超玩会,钟意,阿古朵,1,2,3,2.0,10747,0
2026031802,501236240_17_1773846073,北京JDG,清融,海月,3,2,2,2.5,8834,1
2026031802,501236240_17_1773846073,成都AG超玩会,长生,女娲,1,2,3,2.0,9372,0
2026033101,48251408_44_1774953213,广州TTG,萝卜,狂铁,0,3,6,2.0,13001,1
2026033101,48251408_44_1774953213,广州TTG,涵,庄周,0,1,8,8.0,9402,1
2026033101,48251408_44_1774953213,广州TTG,小雪,敖隐,3,1,5,8.0,16036,1
2026033101,48251408_44_1774953213,深圳DYG,向鱼,安琪拉,3,2,3,3.0,10535,0
2026033101,48251408_44_1774953213,深圳DYG,小乐,夏洛特,2,4,1,0.8,12108,0
2026033101,48251408_44_1774953213,深圳DYG,落空,鲁班大师,0,2,5,2.5,9051,0
2026033101,48251408_44_1774953213,广州TTG,佳心,阿古朵,4,2,7,5.5,12977,1
2026033101,48251408_44_1774953213,深圳DYG,小轩,橘右京,0,2,5,2.5,14631,0
2026033101,48251408_44_1774953213,广州TTG,鹤辞,沈梦溪,5,0,4,9.0,11906,1
2026033101,48251408_44_1774953213,深圳DYG,钎城,后羿,2,2,2,2.0,13742,0
2026040301,48251408_71_1775216296,成都AG超玩会,大帅,朵莉亚,0,4,6,1.5,10208,0
2026040301,48251408_71_1775216296,重庆狼队,信,少司缘,0,1,17,17.0,13073,1
2026040301,48251408_71_1775216296,重庆狼队,皖皖,元流之子(坦克),4,3,13,5.7,13957,1
2026040301,48251408_71_1775216296,成都AG超玩会,小俞,敖隐,3,1,3,6.0,16342,0
2026040301,48251408_71_1775216296,成都AG超玩会,轩染,狂铁,3,1,3,6.0,14393,0
2026040301,48251408_71_1775216296,重庆狼队,紫幻,武则天,4,1,14,18.0,14041,1
2026040301,48251408_71_1775216296,重庆狼队,清清,吕布,2,3,7,3.0,13444,1
2026040301,48251408_71_1775216296,成都AG超玩会,钟意,橘右京,0,6,4,0.7,15081,0
2026040301,48251408_71_1775216296,重庆狼队,道崽,公孙离,8,1,6,14.0,17645,1
2026040301,48251408_71_1775216296,成都AG超玩会,长生,海月,3,6,4,1.2,11705,0
2026031503,836780560_3_1773578540,杭州LGD.NBW,米苏,杨戬,3,1,7,10.0,14377,1
2026031503,836780560_3_1773578540,广州TTG,萝卜,白起,0,1,5,5.0,11280,0
2026031503,836780560_3_1773578540,杭州LGD.NBW,小久,敖隐,1,2,5,3.0,14109,1
2026031503,836780560_3_1773578540,广州TTG,涵,苏烈,0,5,6,1.2,8808,0
2026031503,836780560_3_1773578540,杭州LGD.NBW,小崽,少司缘,0,3,8,2.7,11186,1
2026031503,836780560_3_1773578540,广州TTG,小雪,苍,5,1,2,7.0,15474,0
2026031503,836780560_3_1773578540,广州TTG,佳心,铠,1,3,4,1.7,12534,0
2026031503,836780560_3_1773578540,杭州LGD.NBW,小落,狂铁,5,0,2,7.0,13618,1
2026031503,836780560_3_1773578540,杭州LGD.NBW,九尾,小乔,1,1,7,8.0,11446,1
2026031503,836780560_3_1773578540,广州TTG,鹤辞,沈梦溪,1,0,6,7.0,10670,0
2026040501,48251408_85_1775390785,成都AG超玩会,大帅,张良,0,5,0,0.0,5099,0
2026040501,48251408_85_1775390785,KSG,句号,大司命,2,0,10,12.0,8546,1
2026040501,48251408_85_1775390785,成都AG超玩会,小俞,蚩奼,3,1,0,3.0,7503,0
2026040501,48251408_85_1775390785,KSG,小屿,后羿,1,2,7,4.0,9458,1
2026040501,48251408_85_1775390785,KSG,流浪,安琪拉,4,1,4,8.0,8209,1
2026040501,48251408_85_1775390785,KSG,无言,夏洛特,6,1,4,10.0,9609,1
2026040501,48251408_85_1775390785,成都AG超玩会,轩染,曹操,1,2,1,1.0,7102,0
2026040501,48251408_85_1775390785,KSG,一笙,庄周,2,0,11,13.0,7032,1
2026040501,48251408_85_1775390785,成都AG超玩会,钟意,橘右京,0,2,2,1.0,8887,0
2026040501,48251408_85_1775390785,成都AG超玩会,长生,王昭君,0,5,1,0.2,5062,0
2026032901,48251408_27_1774784733,重庆狼队,信,大禹,0,1,5,5.0,6008,0
2026032901,48251408_27_1774784733,重庆狼队,皖皖,阿古朵,1,2,3,2.0,9147,0
2026032901,48251408_27_1774784733,KSG,句号,露娜,3,1,4,7.0,10897,1
2026032901,48251408_27_1774784733,KSG,小屿,孙权,3,0,5,8.0,10315,1
2026032901,48251408_27_1774784733,KSG,流浪,海月,2,1,6,8.0,7342,1
2026032901,48251408_27_1774784733,KSG,无言,夏洛特,2,2,3,2.5,9014,1
2026032901,48251408_27_1774784733,重庆狼队,紫幻,小乔,2,3,3,1.7,7558,0
2026032901,48251408_27_1774784733,KSG,一笙,张飞,0,1,8,8.0,7013,1
2026032901,48251408_27_1774784733,重庆狼队,清清,曹操,0,2,5,2.5,8839,0
2026032901,48251408_27_1774784733,重庆狼队,道崽,蚩奼,2,2,3,2.5,9032,0
2026040201,48251408_64_1775129827,KSG,句号,大司命,2,0,2,4.0,9757,1
2026040201,48251408_64_1775129827,KSG,小屿,苍,1,0,1,2.0,11785,1
2026040201,48251408_64_1775129827,KSG,流浪,嫦娥,0,0,3,3.0,10141,1
2026040201,48251408_64_1775129827,KSG,无言,达摩,2,0,4,6.0,10678,1
2026040201,48251408_64_1775129827,深圳DYG,向鱼,沈梦溪,0,1,1,1.0,7762,0
2026040201,48251408_64_1775129827,深圳DYG,小乐,刘邦,0,3,1,0.3,8726,0
2026040201,48251408_64_1775129827,深圳DYG,落空,张飞,0,0,0,0.0,6321,0
2026040201,48251408_64_1775129827,深圳DYG,小轩,宫本武藏,1,2,0,0.5,8873,0
2026040201,48251408_64_1775129827,KSG,一笙,苏烈,2,1,3,5.0,7640,1
2026040201,48251408_64_1775129827,深圳DYG,钎城,戈娅,0,1,1,1.0,9581,0
2026033101,48251408_47_1774959017,广州TTG,萝卜,关羽,0,2,7,3.5,14486,1
2026033101,48251408_47_1774959017,广州TTG,涵,空空儿,1,1,13,14.0,10900,1
2026033101,48251408_47_1774959017,广州TTG,小雪,戈娅,4,1,9,13.0,17189,1
2026033101,48251408_47_1774959017,深圳DYG,向鱼,姜子牙,0,1,5,5.0,10196,0
2026033101,48251408_47_1774959017,深圳DYG,小乐,项羽,1,5,3,0.8,10550,0
2026033101,48251408_47_1774959017,深圳DYG,落空,大禹,0,2,5,2.5,9789,0
2026033101,48251408_47_1774959017,广州TTG,佳心,元流之子(坦克),5,1,7,12.0,15313,1
2026033101,48251408_47_1774959017,深圳DYG,小轩,娜可露露,1,2,3,2.0,15340,0
2026033101,48251408_47_1774959017,广州TTG,鹤辞,女娲,4,0,7,11.0,13264,1
2026033101,48251408_47_1774959017,深圳DYG,钎城,苍,3,4,2,1.3,15332,0
2026040201,48251408_65_1775131809,KSG,句号,杨戬,5,1,4,9.0,11299,1
2026040201,48251408_65_1775131809,KSG,小屿,百里守约,2,0,7,9.0,12750,1
2026040201,48251408_65_1775131809,KSG,流浪,沈梦溪,1,0,7,8.0,9282,1
2026040201,48251408_65_1775131809,KSG,无言,元歌,1,1,4,5.0,8755,1
2026040201,48251408_65_1775131809,深圳DYG,向鱼,安琪拉,1,0,2,3.0,8130,0
2026040201,48251408_65_1775131809,深圳DYG,小乐,马超,0,2,2,1.0,10081,0
2026040201,48251408_65_1775131809,深圳DYG,落空,少司缘,1,2,2,1.5,7619,0
2026040201,48251408_65_1775131809,深圳DYG,小轩,白起,0,3,3,1.0,8162,0
2026040201,48251408_65_1775131809,KSG,一笙,朵莉亚,0,1,9,9.0,7744,1
2026040201,48251408_65_1775131809,深圳DYG,钎城,公孙离,1,2,2,1.5,10207,0
2026032102,1272988176_11_1774086899,北京JDG,无畏,盾山,1,2,13,7.0,6920,1
2026032102,1272988176_11_1774086899,深圳DYG,向鱼,西施,0,4,4,1.0,5134,0
2026032102,1272988176_11_1774086899,北京JDG,轻语,狂铁,0,1,6,6.0,8211,1
2026032102,1272988176_11_1774086899,深圳DYG,小乐,项羽,3,2,1,2.0,7064,0
2026032102,1272988176_11_1774086899,深圳DYG,落空,太乙真人,1,3,4,1.7,5318,0
2026032102,1272988176_11_1774086899,北京JDG,小寒,艾琳,5,1,7,12.0,10638,1
2026032102,1272988176_11_1774086899,深圳DYG,小轩,橘右京,1,3,3,1.3,8915,0
2026032102,1272988176_11_1774086899,北京JDG,无双,镜,7,0,6,13.0,12400,1
2026032102,1272988176_11_1774086899,深圳DYG,钎城,孙尚香,0,2,5,2.5,10592,0
2026032102,1272988176_11_1774086899,北京JDG,清融,不知火舞,1,1,10,11.0,8818,1
2026032102,1272988176_10_1774085357,北京JDG,无畏,大禹,0,0,6,6.0,4871,1
2026032102,1272988176_10_1774085357,深圳DYG,向鱼,沈梦溪,0,2,2,1.0,5701,0
2026032102,1272988176_10_1774085357,北京JDG,轻语,达摩,0,1,1,1.0,6164,1
2026032102,1272988176_10_1774085357,深圳DYG,小乐,曹操,0,3,1,0.3,6623,0
2026032102,1272988176_10_1774085357,深圳DYG,落空,少司缘,0,1,2,2.0,5103,0
2026032102,1272988176_10_1774085357,北京JDG,小寒,蚩奼,5,1,1,6.0,8259,1
2026032102,1272988176_10_1774085357,深圳DYG,小轩,杨戬,1,1,1,2.0,5974,0
2026032102,1272988176_10_1774085357,北京JDG,无双,裴擒虎,2,0,5,7.0,9440,1
2026032102,1272988176_10_1774085357,深圳DYG,钎城,孙权,1,2,0,0.5,6239,0
2026032102,1272988176_10_1774085357,北京JDG,清融,小乔,2,0,4,6.0,7046,1
2026033101,48251408_46_1774957274,广州TTG,萝卜,白起,1,2,1,1.0,6279,0
2026033101,48251408_46_1774957274,广州TTG,涵,少司缘,1,3,3,1.3,6268,0
2026033101,48251408_46_1774957274,广州TTG,小雪,苍,0,1,2,2.0,8219,0
2026033101,48251408_46_1774957274,深圳DYG,向鱼,沈梦溪,0,2,8,4.0,6586,1
2026033101,48251408_46_1774957274,深圳DYG,小乐,曹操,7,0,3,10.0,11934,1
2026033101,48251408_46_1774957274,深圳DYG,落空,太乙真人,0,2,9,4.5,6236,1
2026033101,48251408_46_1774957274,广州TTG,佳心,哪吒,1,2,3,2.0,6863,0
2026033101,48251408_46_1774957274,深圳DYG,小轩,夏侯惇,1,0,7,8.0,8235,1
2026033101,48251408_46_1774957274,广州TTG,鹤辞,小乔,2,3,1,1.0,7020,0
2026033101,48251408_46_1774957274,深圳DYG,钎城,孙尚香,3,1,4,7.0,10729,1
2026040201,48251408_66_1775133366,KSG,句号,宫本武藏,4,5,9,2.6,11636,1
2026040201,48251408_66_1775133366,KSG,小屿,戈娅,4,1,12,16.0,13574,1
2026040201,48251408_66_1775133366,KSG,流浪,不知火舞,4,1,7,11.0,9944,1
2026040201,48251408_66_1775133366,KSG,无言,白起,5,1,8,13.0,10479,1
2026040201,48251408_66_1775133366,深圳DYG,向鱼,甄姬,2,0,6,8.0,8449,0
2026040201,48251408_66_1775133366,深圳DYG,小乐,蒙恬,1,3,3,1.3,9651,0
2026040201,48251408_66_1775133366,深圳DYG,落空,太乙真人,1,4,6,1.8,7743,0
2026040201,48251408_66_1775133366,深圳DYG,小轩,哪吒,4,6,3,1.2,10253,0
2026040201,48251408_66_1775133366,KSG,一笙,大禹,1,1,16,17.0,8296,1
2026040201,48251408_66_1775133366,深圳DYG,钎城,孙尚香,1,5,5,1.2,11330,0
2026032102,1272988176_12_1774088650,北京JDG,无畏,苏烈,1,3,8,3.0,10645,1
2026032102,1272988176_12_1774088650,深圳DYG,向鱼,不知火舞,1,2,4,2.5,11964,0
2026032102,1272988176_12_1774088650,北京JDG,轻语,曹操,2,2,3,2.5,16914,1
2026032102,1272988176_12_1774088650,深圳DYG,小乐,司空震,2,2,4,3.0,14564,0
2026032102,1272988176_12_1774088650,深圳DYG,落空,大禹,0,3,8,2.7,10484,0
2026032102,1272988176_12_1774088650,北京JDG,小寒,孙权,7,1,5,12.0,19274,1
2026032102,1272988176_12_1774088650,深圳DYG,小轩,云缨,1,3,8,3.0,17003,0
2026032102,1272988176_12_1774088650,北京JDG,无双,杨戬,2,3,7,3.0,14966,1
2026032102,1272988176_12_1774088650,深圳DYG,钎城,戈娅,6,3,3,3.0,17137,0
2026032102,1272988176_12_1774088650,北京JDG,清融,女娲,1,1,9,10.0,13429,1
2026041101,1054884368_35_1775909699,重庆狼队,信,张良,0,3,4,1.3,8582,0
2026041101,1054884368_35_1775909699,重庆狼队,皖皖,大司命,1,2,1,1.0,11573,0
2026041101,1054884368_35_1775909699,KSG,句号,阿古朵,3,2,5,4.0,12488,1
2026041101,1054884368_35_1775909699,KSG,小屿,敖隐,4,0,5,9.0,15167,1
2026041101,1054884368_35_1775909699,KSG,流浪,武则天,1,1,8,9.0,10453,1
2026041101,1054884368_35_1775909699,KSG,无言,狂铁,2,0,6,8.0,12075,1
2026041101,1054884368_35_1775909699,重庆狼队,紫幻,王昭君,0,3,3,1.0,9199,0
2026041101,1054884368_35_1775909699,KSG,一笙,太乙真人,0,2,8,4.0,9598,1
2026041101,1054884368_35_1775909699,重庆狼队,清清,夏洛特,1,2,1,1.0,11712,0
2026041101,1054884368_35_1775909699,重庆狼队,道崽,公孙离,3,0,0,3.0,14011,0
2026033101,48251408_48_1774961019,广州TTG,萝卜,夏洛特,1,1,2,3.0,8796,0
2026033101,48251408_48_1774961019,广州TTG,涵,张良,0,4,4,1.0,4917,0
2026033101,48251408_48_1774961019,广州TTG,小雪,艾琳,1,3,1,0.7,8723,0
2026033101,48251408_48_1774961019,深圳DYG,向鱼,小乔,2,2,8,5.0,6937,1
2026033101,48251408_48_1774961019,深圳DYG,小乐,孙策,2,0,7,9.0,9621,1
2026033101,48251408_48_1774961019,深圳DYG,落空,庄周,1,0,11,12.0,6829,1
2026033101,48251408_48_1774961019,广州TTG,佳心,镜,2,4,1,0.8,8890,0
2026033101,48251408_48_1774961019,深圳DYG,小轩,杨戬,3,2,8,5.5,10072,1
2026033101,48251408_48_1774961019,广州TTG,鹤辞,王昭君,0,1,3,3.0,5206,0
2026033101,48251408_48_1774961019,深圳DYG,钎城,公孙离,5,0,8,13.0,11665,1
2026040501,48251408_83_1775386962,成都AG超玩会,大帅,张飞,1,2,1,1.0,6617,0
2026040501,48251408_83_1775386962,KSG,句号,马超,4,0,3,7.0,14006,1
2026040501,48251408_83_1775386962,成都AG超玩会,小俞,敖隐,1,2,1,1.0,9239,0
2026040501,48251408_83_1775386962,KSG,小屿,苍,6,1,2,8.0,11201,1
2026040501,48251408_83_1775386962,KSG,流浪,西施,0,1,6,6.0,7043,1
2026040501,48251408_83_1775386962,KSG,无言,吕布,0,1,5,5.0,8619,1
2026040501,48251408_83_1775386962,成都AG超玩会,轩染,狂铁,0,1,1,1.0,8752,0
2026040501,48251408_83_1775386962,KSG,一笙,大禹,0,0,8,8.0,6974,1
2026040501,48251408_83_1775386962,成都AG超玩会,钟意,阿古朵,1,2,1,1.0,9097,0
2026040501,48251408_83_1775386962,成都AG超玩会,长生,海月,0,3,1,0.3,7362,0
2026033101,48251408_49_1774962905,广州TTG,萝卜,达摩,1,2,5,3.0,11383,0
2026033101,48251408_49_1774962905,广州TTG,涵,太乙真人,0,1,6,6.0,8218,0
2026033101,48251408_49_1774962905,广州TTG,小雪,孙尚香,3,2,4,3.5,13397,0
2026033101,48251408_49_1774962905,深圳DYG,向鱼,不知火舞,1,3,3,1.3,9330,1
2026033101,48251408_49_1774962905,深圳DYG,小乐,刘邦,2,2,4,3.0,10730,1
2026033101,48251408_49_1774962905,深圳DYG,落空,元流之子(辅助),0,0,6,6.0,8838,1
2026033101,48251408_49_1774962905,广州TTG,佳心,铠,2,1,1,3.0,9560,0
2026033101,48251408_49_1774962905,深圳DYG,小轩,宫本武藏,1,2,5,3.0,12831,1
2026033101,48251408_49_1774962905,广州TTG,鹤辞,武则天,1,1,5,6.0,8619,0
2026033101,48251408_49_1774962905,深圳DYG,钎城,狄仁杰,3,0,3,6.0,12708,1
2026040401,48251408_79_1775306250,KSG,句号,元流之子(坦克),2,0,2,4.0,10039,1
2026040401,48251408_79_1775306250,北京WB,听悦,嬴政,0,0,1,1.0,9203,0
2026040401,48251408_79_1775306250,KSG,小屿,戈娅,1,1,2,3.0,12315,1
2026040401,48251408_79_1775306250,KSG,流浪,女娲,1,0,3,4.0,9743,1
2026040401,48251408_79_1775306250,KSG,无言,关羽,1,0,2,3.0,11772,1
2026040401,48251408_79_1775306250,北京WB,玖欣,张良,0,2,2,1.0,6857,0
2026040401,48251408_79_1775306250,北京WB,小麦,公孙离,1,1,1,2.0,9891,0
2026040401,48251408_79_1775306250,KSG,一笙,东皇太一,1,1,4,5.0,8013,1
2026040401,48251408_79_1775306250,北京WB,梓墨,姬小满,1,2,0,0.5,9406,0
2026040401,48251408_79_1775306250,北京WB,暖阳,娜可露露,0,1,2,2.0,9107,0
2026040301,48251408_72_1775218709,成都AG超玩会,大帅,廉颇,1,2,4,2.5,6948,0
2026040301,48251408_72_1775218709,重庆狼队,信,鲁班大师,3,0,10,13.0,7544,1
2026040301,48251408_72_1775218709,重庆狼队,皖皖,镜,2,1,12,14.0,11261,1
2026040301,48251408_72_1775218709,成都AG超玩会,小俞,狄仁杰,0,3,4,1.3,8786,0
2026040301,48251408_72_1775218709,成都AG超玩会,轩染,项羽,0,4,5,1.3,7052,0
2026040301,48251408_72_1775218709,重庆狼队,紫幻,大乔,2,1,12,14.0,8356,1
2026040301,48251408_72_1775218709,重庆狼队,清清,老夫子,2,3,6,2.7,8762,1
2026040301,48251408_72_1775218709,成都AG超玩会,钟意,裴擒虎,4,3,1,1.7,11443,0
2026040301,48251408_72_1775218709,重庆狼队,道崽,戈娅,6,1,7,13.0,12357,1
2026040301,48251408_72_1775218709,成都AG超玩会,长生,不知火舞,1,3,3,1.3,9126,0
