match_id,battle_id,order,camp,type,hero
2026011401,48251408_30_1768371100,0,1,ban,狄仁杰
2026011401,48251408_30_1768371100,1,2,ban,鲁班大师
2026011401,48251408_30_1768371100,2,1,ban,狂铁
2026011401,48251408_30_1768371100,3,2,ban,盾山
2026011401,48251408_30_1768371100,4,1,pick,空空儿
2026011401,48251408_30_1768371100,5,2,pick,张飞
2026011401,48251408_30_1768371100,6,2,pick,公孙离
2026011401,48251408_30_1768371100,7,1,pick,戈娅
2026011401,48251408_30_1768371100,8,1,pick,小乔
2026011401,48251408_30_1768371100,9,2,pick,沈梦溪
2026011401,48251408_30_1768371100,10,2,ban,橘右京
2026011401,48251408_30_1768371100,11,1,ban,哪吒
2026011401,48251408_30_1768371100,12,2,ban,大司命
2026011401,48251408_30_1768371100,13,1,ban,镜
2026011401,48251408_30_1768371100,14,2,ban,曹操
2026011401,48251408_30_1768371100,15,1,ban,关羽
2026011401,48251408_30_1768371100,16,2,pick,裴擒虎
2026011401,48251408_30_1768371100,17,1,pick,达摩
2026011401,48251408_30_1768371100,18,1,pick,暃
2026011401,48251408_30_1768371100,19,2,pick,夏洛特
2026011403,1222656528_8_1768400514,0,1,ban,鲁班大师
2026011403,1222656528_8_1768400514,1,2,ban,盾山
2026011403,1222656528_8_1768400514,2,1,ban,狂铁
2026011403,1222656528_8_1768400514,3,2,ban,戈娅
2026011403,1222656528_8_1768400514,4,1,pick,公孙离
2026011403,1222656528_8_1768400514,5,2,pick,橘右京
2026011403,1222656528_8_1768400514,6,2,pick,空空儿
2026011403,1222656528_8_1768400514,7,1,pick,沈梦溪
2026011403,1222656528_8_1768400514,8,1,pick,张飞
2026011403,1222656528_8_1768400514,9,2,pick,蚩奼
2026011403,1222656528_8_1768400514,10,2,ban,元流之子(坦克)
2026011403,1222656528_8_1768400514,11,1,ban,小乔
2026011403,1222656528_8_1768400514,12,2,ban,司空震
2026011403,1222656528_8_1768400514,13,1,ban,海月
2026011403,1222656528_8_1768400514,14,2,ban,大司命
2026011403,1222656528_8_1768400514,15,1,ban,曹操
2026011403,1222656528_8_1768400514,16,2,pick,马超
2026011403,1222656528_8_1768400514,17,1,pick,宫本武藏
2026011403,1222656528_8_1768400514,18,1,pick,夏洛特
2026011403,1222656528_8_1768400514,19,2,pick,嫦娥
2026011403,1222656528_6_1768396472,0,1,ban,狄仁杰
2026011403,1222656528_6_1768396472,1,2,ban,盾山
2026011403,1222656528_6_1768396472,2,1,ban,狂铁
2026011403,1222656528_6_1768396472,3,2,ban,戈娅
2026011403,1222656528_6_1768396472,4,1,pick,鲁班大师
2026011403,1222656528_6_1768396472,5,2,pick,敖隐
2026011403,1222656528_6_1768396472,6,2,pick,元流之子(辅助)
2026011403,1222656528_6_1768396472,7,1,pick,蒙恬
2026011403,1222656528_6_1768396472,8,1,pick,裴擒虎
2026011403,1222656528_6_1768396472,9,2,pick,大司命
2026011403,1222656528_6_1768396472,10,2,ban,鲁班七号
2026011403,1222656528_6_1768396472,11,1,ban,海月
2026011403,1222656528_6_1768396472,12,2,ban,沈梦溪
2026011403,1222656528_6_1768396472,13,1,ban,西施
2026011403,1222656528_6_1768396472,14,2,ban,王昭君
2026011403,1222656528_6_1768396472,15,1,ban,蚩奼
2026011403,1222656528_6_1768396472,16,2,pick,夏洛特
2026011403,1222656528_6_1768396472,17,1,pick,扁鹊
2026011403,1222656528_6_1768396472,18,1,pick,安琪拉
2026011403,1222656528_6_1768396472,19,2,pick,女娲
2026011401,48251408_34_1768378907,0,1,ban,大司命
2026011401,48251408_34_1768378907,1,2,ban,鲁班大师
2026011401,48251408_34_1768378907,2,1,ban,杨戬
2026011401,48251408_34_1768378907,3,2,ban,狂铁
2026011401,48251408_34_1768378907,4,1,pick,盾山
2026011401,48251408_34_1768378907,5,2,pick,蚩奼
2026011401,48251408_34_1768378907,6,2,pick,苏烈
2026011401,48251408_34_1768378907,7,1,pick,艾琳
2026011401,48251408_34_1768378907,8,1,pick,女娲
2026011401,48251408_34_1768378907,9,2,pick,不知火舞
2026011401,48251408_34_1768378907,10,2,ban,蒙恬
2026011401,48251408_34_1768378907,11,1,ban,关羽
2026011401,48251408_34_1768378907,12,2,ban,铠
2026011401,48251408_34_1768378907,13,1,ban,镜
2026011401,48251408_34_1768378907,14,2,ban,夏侯惇
2026011401,48251408_34_1768378907,15,1,ban,曹操
2026011401,48251408_34_1768378907,16,2,pick,敖隐
2026011401,48251408_34_1768378907,17,1,pick,猪八戒
2026011401,48251408_34_1768378907,18,1,pick,影
2026011401,48251408_34_1768378907,19,2,pick,梦奇
2026011503,48251408_48_1768479147,0,1,ban,狄仁杰
2026011503,48251408_48_1768479147,1,2,ban,鲁班大师
2026011503,48251408_48_1768479147,2,1,ban,关羽
2026011503,48251408_48_1768479147,3,2,ban,盾山
2026011503,48251408_48_1768479147,4,1,pick,公孙离
2026011503,48251408_48_1768479147,5,2,pick,戈娅
2026011503,48251408_48_1768479147,6,2,pick,空空儿
2026011503,48251408_48_1768479147,7,1,pick,苏烈
2026011503,48251408_48_1768479147,8,1,pick,沈梦溪
2026011503,48251408_48_1768479147,9,2,pick,小乔
2026011503,48251408_48_1768479147,10,2,ban,宫本武藏
2026011503,48251408_48_1768479147,11,1,ban,暃
2026011503,48251408_48_1768479147,12,2,ban,元流之子(坦克)
2026011503,48251408_48_1768479147,13,1,ban,镜
2026011503,48251408_48_1768479147,14,2,ban,司空震
2026011503,48251408_48_1768479147,15,1,ban,橘右京
2026011503,48251408_48_1768479147,16,2,pick,裴擒虎
2026011503,48251408_48_1768479147,17,1,pick,夏洛特
2026011503,48251408_48_1768479147,18,1,pick,云缨
2026011503,48251408_48_1768479147,19,2,pick,狂铁
2026012301,836780560_3_1769148163,0,1,ban,狄仁杰
2026012301,836780560_3_1769148163,1,2,ban,鲁班大师
2026012301,836780560_3_1769148163,2,1,ban,关羽
2026012301,836780560_3_1769148163,3,2,ban,沈梦溪
2026012301,836780560_3_1769148163,4,1,pick,盾山
2026012301,836780560_3_1769148163,5,2,pick,女娲
2026012301,836780560_3_1769148163,6,2,pick,狂铁
2026012301,836780560_3_1769148163,7,1,pick,艾琳
2026012301,836780560_3_1769148163,8,1,pick,夏洛特
2026012301,836780560_3_1769148163,9,2,pick,空空儿
2026012301,836780560_3_1769148163,10,2,ban,海诺
2026012301,836780560_3_1769148163,11,1,ban,蚩奼
2026012301,836780560_3_1769148163,12,2,ban,杨玉环
2026012301,836780560_3_1769148163,13,1,ban,公孙离
2026012301,836780560_3_1769148163,14,2,ban,武则天
2026012301,836780560_3_1769148163,15,1,ban,镜
2026012301,836780560_3_1769148163,16,2,pick,敖隐
2026012301,836780560_3_1769148163,17,1,pick,猪八戒
2026012301,836780560_3_1769148163,18,1,pick,小乔
2026012301,836780560_3_1769148163,19,2,pick,哪吒
2026011503,48251408_50_1768483409,0,1,ban,空空儿
2026011503,48251408_50_1768483409,1,2,ban,盾山
2026011503,48251408_50_1768483409,2,1,ban,元流之子(辅助)
2026011503,48251408_50_1768483409,3,2,ban,鲁班大师
2026011503,48251408_50_1768483409,4,1,pick,女娲
2026011503,48251408_50_1768483409,5,2,pick,元流之子(坦克)
2026011503,48251408_50_1768483409,6,2,pick,蚩奼
2026011503,48251408_50_1768483409,7,1,pick,敖隐
2026011503,48251408_50_1768483409,8,1,pick,少司缘
2026011503,48251408_50_1768483409,9,2,pick,马超
2026011503,48251408_50_1768483409,10,2,ban,蒙恬
2026011503,48251408_50_1768483409,11,1,ban,不知火舞
2026011503,48251408_50_1768483409,12,2,ban,司空震
2026011503,48251408_50_1768483409,13,1,ban,张良
2026011503,48251408_50_1768483409,14,2,ban,夏洛特
2026011503,48251408_50_1768483409,15,1,ban,嬴政
2026011503,48251408_50_1768483409,16,2,pick,安琪拉
2026011503,48251408_50_1768483409,17,1,pick,夏侯惇
2026011503,48251408_50_1768483409,18,1,pick,老夫子
2026011503,48251408_50_1768483409,19,2,pick,东皇太一
2026011503,48251408_51_1768485753,0,1,ban,狄仁杰
2026011503,48251408_51_1768485753,1,2,ban,盾山
2026011503,48251408_51_1768485753,2,1,ban,公孙离
2026011503,48251408_51_1768485753,3,2,ban,鲁班大师
2026011503,48251408_51_1768485753,4,1,pick,空空儿
2026011503,48251408_51_1768485753,5,2,pick,朵莉亚
2026011503,48251408_51_1768485753,6,2,pick,杨戬
2026011503,48251408_51_1768485753,7,1,pick,女娲
2026011503,48251408_51_1768485753,8,1,pick,敖隐
2026011503,48251408_51_1768485753,9,2,pick,马超
2026011503,48251408_51_1768485753,10,2,ban,老夫子
2026011503,48251408_51_1768485753,11,1,ban,不知火舞
2026011503,48251408_51_1768485753,12,2,ban,司空震
2026011503,48251408_51_1768485753,13,1,ban,海诺
2026011503,48251408_51_1768485753,14,2,ban,蒙恬
2026011503,48251408_51_1768485753,15,1,ban,蚩奼
2026011503,48251408_51_1768485753,16,2,pick,李元芳
2026011503,48251408_51_1768485753,17,1,pick,姬小满
2026011503,48251408_51_1768485753,18,1,pick,宫本武藏
2026011503,48251408_51_1768485753,19,2,pick,武则天
2026011403,1222656528_5_1768394596,0,1,ban,狄仁杰
2026011403,1222656528_5_1768394596,1,2,ban,鲁班大师
2026011403,1222656528_5_1768394596,2,1,ban,苏烈
2026011403,1222656528_5_1768394596,3,2,ban,蚩奼
2026011403,1222656528_5_1768394596,4,1,pick,盾山
2026011403,1222656528_5_1768394596,5,2,pick,太乙真人
2026011403,1222656528_5_1768394596,6,2,pick,孙尚香
2026011403,1222656528_5_1768394596,7,1,pick,艾琳
2026011403,1222656528_5_1768394596,8,1,pick,沈梦溪
2026011403,1222656528_5_1768394596,9,2,pick,西施
2026011403,1222656528_5_1768394596,10,2,ban,元流之子(坦克)
2026011403,1222656528_5_1768394596,11,1,ban,关羽
2026011403,1222656528_5_1768394596,12,2,ban,暃
2026011403,1222656528_5_1768394596,13,1,ban,狂铁
2026011403,1222656528_5_1768394596,14,2,ban,曹操
2026011403,1222656528_5_1768394596,15,1,ban,司空震
2026011403,1222656528_5_1768394596,16,2,pick,镜
2026011403,1222656528_5_1768394596,17,1,pick,蒙恬
2026011403,1222656528_5_1768394596,18,1,pick,裴擒虎
2026011403,1222656528_5_1768394596,19,2,pick,吕布
2026011803,1222656528_12_1768738546,0,1,ban,狄仁杰
2026011803,1222656528_12_1768738546,1,2,ban,鲁班大师
2026011803,1222656528_12_1768738546,2,1,ban,海月
2026011803,1222656528_12_1768738546,3,2,ban,盾山
2026011803,1222656528_12_1768738546,4,1,pick,公孙离
2026011803,1222656528_12_1768738546,5,2,pick,戈娅
2026011803,1222656528_12_1768738546,6,2,pick,空空儿
2026011803,1222656528_12_1768738546,7,1,pick,海诺
2026011803,1222656528_12_1768738546,8,1,pick,狂铁
2026011803,1222656528_12_1768738546,9,2,pick,橘右京
2026011803,1222656528_12_1768738546,10,2,ban,张飞
2026011803,1222656528_12_1768738546,11,1,ban,小乔
2026011803,1222656528_12_1768738546,12,2,ban,宫本武藏
2026011803,1222656528_12_1768738546,13,1,ban,关羽
2026011803,1222656528_12_1768738546,14,2,ban,杨戬
2026011803,1222656528_12_1768738546,15,1,ban,曹操
2026011803,1222656528_12_1768738546,16,2,pick,影
2026011803,1222656528_12_1768738546,17,1,pick,廉颇
2026011803,1222656528_12_1768738546,18,1,pick,暃
2026011803,1222656528_12_1768738546,19,2,pick,沈梦溪
2026011701,48251408_66_1768633817,0,1,ban,元流之子(辅助)
2026011701,48251408_66_1768633817,1,2,ban,大司命
2026011701,48251408_66_1768633817,2,1,ban,苏烈
2026011701,48251408_66_1768633817,3,2,ban,盾山
2026011701,48251408_66_1768633817,4,1,pick,鲁班大师
2026011701,48251408_66_1768633817,5,2,pick,张飞
2026011701,48251408_66_1768633817,6,2,pick,狄仁杰
2026011701,48251408_66_1768633817,7,1,pick,裴擒虎
2026011701,48251408_66_1768633817,8,1,pick,狂铁
2026011701,48251408_66_1768633817,9,2,pick,橘右京
2026011701,48251408_66_1768633817,10,2,ban,鲁班七号
2026011701,48251408_66_1768633817,11,1,ban,关羽
2026011701,48251408_66_1768633817,12,2,ban,艾琳
2026011701,48251408_66_1768633817,13,1,ban,吕布
2026011701,48251408_66_1768633817,14,2,ban,海月
2026011701,48251408_66_1768633817,15,1,ban,不知火舞
2026011701,48251408_66_1768633817,16,2,pick,夏洛特
2026011701,48251408_66_1768633817,17,1,pick,敖隐
2026011701,48251408_66_1768633817,18,1,pick,嬴政
2026011701,48251408_66_1768633817,19,2,pick,沈梦溪
2026011701,48251408_67_1768636317,0,1,ban,鲁班大师
2026011701,48251408_67_1768636317,1,2,ban,盾山
2026011701,48251408_67_1768636317,2,1,ban,苏烈
2026011701,48251408_67_1768636317,3,2,ban,空空儿
2026011701,48251408_67_1768636317,4,1,pick,女娲
2026011701,48251408_67_1768636317,5,2,pick,少司缘
2026011701,48251408_67_1768636317,6,2,pick,公孙离
2026011701,48251408_67_1768636317,7,1,pick,元流之子(坦克)
2026011701,48251408_67_1768636317,8,1,pick,曹操
2026011701,48251408_67_1768636317,9,2,pick,嬴政
2026011701,48251408_67_1768636317,10,2,ban,戈娅
2026011701,48251408_67_1768636317,11,1,ban,关羽
2026011701,48251408_67_1768636317,12,2,ban,苍
2026011701,48251408_67_1768636317,13,1,ban,蒙恬
2026011701,48251408_67_1768636317,14,2,ban,张良
2026011701,48251408_67_1768636317,15,1,ban,狂铁
2026011701,48251408_67_1768636317,16,2,pick,马超
2026011701,48251408_67_1768636317,17,1,pick,孙尚香
2026011701,48251408_67_1768636317,18,1,pick,太乙真人
2026011701,48251408_67_1768636317,19,2,pick,铠
2026011701,48251408_64_1768629795,0,1,ban,元流之子(辅助)
2026011701,48251408_64_1768629795,1,2,ban,鲁班大师
2026011701,48251408_64_1768629795,2,1,ban,苏烈
2026011701,48251408_64_1768629795,3,2,ban,盾山
2026011701,48251408_64_1768629795,4,1,pick,空空儿
2026011701,48251408_64_1768629795,5,2,pick,公孙离
2026011701,48251408_64_1768629795,6,2,pick,张飞
2026011701,48251408_64_1768629795,7,1,pick,小乔
2026011701,48251408_64_1768629795,8,1,pick,戈娅
2026011701,48251408_64_1768629795,9,2,pick,沈梦溪
2026011701,48251408_64_1768629795,10,2,ban,曹操
2026011701,48251408_64_1768629795,11,1,ban,镜
2026011701,48251408_64_1768629795,12,2,ban,橘右京
2026011701,48251408_64_1768629795,13,1,ban,关羽
2026011701,48251408_64_1768629795,14,2,ban,吕布
2026011701,48251408_64_1768629795,15,1,ban,狂铁
2026011701,48251408_64_1768629795,16,2,pick,夏洛特
2026011701,48251408_64_1768629795,17,1,pick,大司命
2026011701,48251408_64_1768629795,18,1,pick,影
2026011701,48251408_64_1768629795,19,2,pick,宫本武藏
2026011401,48251408_32_1768375305,0,1,ban,狄仁杰
2026011401,48251408_32_1768375305,1,2,ban,鲁班大师
2026011401,48251408_32_1768375305,2,1,ban,苏烈
2026011401,48251408_32_1768375305,3,2,ban,盾山
2026011401,48251408_32_1768375305,4,1,pick,空空儿
2026011401,48251408_32_1768375305,5,2,pick,公孙离
2026011401,48251408_32_1768375305,6,2,pick,元流之子(坦克)
2026011401,48251408_32_1768375305,7,1,pick,小乔
2026011401,48251408_32_1768375305,8,1,pick,戈娅
2026011401,48251408_32_1768375305,9,2,pick,海诺
2026011401,48251408_32_1768375305,10,2,ban,大司命
2026011401,48251408_32_1768375305,11,1,ban,张飞
2026011401,48251408_32_1768375305,12,2,ban,夏侯惇
2026011401,48251408_32_1768375305,13,1,ban,廉颇
2026011401,48251408_32_1768375305,14,2,ban,暃
2026011401,48251408_32_1768375305,15,1,ban,大乔
2026011401,48251408_32_1768375305,16,2,pick,曹操
2026011401,48251408_32_1768375305,17,1,pick,司空震
2026011401,48251408_32_1768375305,18,1,pick,娜可露露
2026011401,48251408_32_1768375305,19,2,pick,太乙真人
2026011803,1222656528_15_1768744982,0,1,ban,公孙离
2026011803,1222656528_15_1768744982,1,2,ban,盾山
2026011803,1222656528_15_1768744982,2,1,ban,苏烈
2026011803,1222656528_15_1768744982,3,2,ban,鲁班大师
2026011803,1222656528_15_1768744982,4,1,pick,海月
2026011803,1222656528_15_1768744982,5,2,pick,小乔
2026011803,1222656528_15_1768744982,6,2,pick,狂铁
2026011803,1222656528_15_1768744982,7,1,pick,杨戬
2026011803,1222656528_15_1768744982,8,1,pick,朵莉亚
2026011803,1222656528_15_1768744982,9,2,pick,夏侯惇
2026011803,1222656528_15_1768744982,10,2,ban,关羽
2026011803,1222656528_15_1768744982,11,1,ban,东皇太一
2026011803,1222656528_15_1768744982,12,2,ban,戈娅
2026011803,1222656528_15_1768744982,13,1,ban,张良
2026011803,1222656528_15_1768744982,14,2,ban,马超
2026011803,1222656528_15_1768744982,15,1,ban,太乙真人
2026011803,1222656528_15_1768744982,16,2,pick,狄仁杰
2026011803,1222656528_15_1768744982,17,1,pick,鲁班七号
2026011803,1222656528_15_1768744982,18,1,pick,夏洛特
2026011803,1222656528_15_1768744982,19,2,pick,钟馗
2026012403,48251408_49_1769260594,0,1,ban,曹操
2026012403,48251408_49_1769260594,1,2,ban,狂铁
2026012403,48251408_49_1769260594,2,1,ban,张飞
2026012403,48251408_49_1769260594,3,2,ban,鲁班大师
2026012403,48251408_49_1769260594,4,1,pick,空空儿
2026012403,48251408_49_1769260594,5,2,pick,沈梦溪
2026012403,48251408_49_1769260594,6,2,pick,公孙离
2026012403,48251408_49_1769260594,7,1,pick,戈娅
2026012403,48251408_49_1769260594,8,1,pick,不知火舞
2026012403,48251408_49_1769260594,9,2,pick,苏烈
2026012403,48251408_49_1769260594,10,2,ban,大司命
2026012403,48251408_49_1769260594,11,1,ban,哪吒
2026012403,48251408_49_1769260594,12,2,ban,橘右京
2026012403,48251408_49_1769260594,13,1,ban,杨戬
2026012403,48251408_49_1769260594,14,2,ban,元流之子(坦克)
2026012403,48251408_49_1769260594,15,1,ban,夏侯惇
2026012403,48251408_49_1769260594,16,2,pick,司空震
2026012403,48251408_49_1769260594,17,1,pick,蒙恬
2026012403,48251408_49_1769260594,18,1,pick,暃
2026012403,48251408_49_1769260594,19,2,pick,猪八戒
2026011701,48251408_65_1768632228,0,1,ban,空空儿
2026011701,48251408_65_1768632228,1,2,ban,沈梦溪
2026011701,48251408_65_1768632228,2,1,ban,元流之子(辅助)
2026011701,48251408_65_1768632228,3,2,ban,鲁班大师
2026011701,48251408_65_1768632228,4,1,pick,盾山
2026011701,48251408_65_1768632228,5,2,pick,苏烈
2026011701,48251408_65_1768632228,6,2,pick,蚩奼
2026011701,48251408_65_1768632228,7,1,pick,艾琳
2026011701,48251408_65_1768632228,8,1,pick,曹操
2026011701,48251408_65_1768632228,9,2,pick,关羽
2026011701,48251408_65_1768632228,10,2,ban,海月
2026011701,48251408_65_1768632228,11,1,ban,镜
2026011701,48251408_65_1768632228,12,2,ban,元流之子(坦克)
2026011701,48251408_65_1768632228,13,1,ban,大司命
2026011701,48251408_65_1768632228,14,2,ban,不知火舞
2026011701,48251408_65_1768632228,15,1,ban,女娲
2026011701,48251408_65_1768632228,16,2,pick,西施
2026011701,48251408_65_1768632228,17,1,pick,杨玉环
2026011701,48251408_65_1768632228,18,1,pick,夏侯惇
2026011701,48251408_65_1768632228,19,2,pick,暃
2026012403,48251408_48_1769258549,0,1,ban,元流之子(辅助)
2026012403,48251408_48_1769258549,1,2,ban,盾山
2026012403,48251408_48_1769258549,2,1,ban,张飞
2026012403,48251408_48_1769258549,3,2,ban,沈梦溪
2026012403,48251408_48_1769258549,4,1,pick,鲁班大师
2026012403,48251408_48_1769258549,5,2,pick,海月
2026012403,48251408_48_1769258549,6,2,pick,裴擒虎
2026012403,48251408_48_1769258549,7,1,pick,狂铁
2026012403,48251408_48_1769258549,8,1,pick,敖隐
2026012403,48251408_48_1769258549,9,2,pick,庄周
2026012403,48251408_48_1769258549,10,2,ban,橘右京
2026012403,48251408_48_1769258549,11,1,ban,公孙离
2026012403,48251408_48_1769258549,12,2,ban,女娲
2026012403,48251408_48_1769258549,13,1,ban,马超
2026012403,48251408_48_1769258549,14,2,ban,杨戬
2026012403,48251408_48_1769258549,15,1,ban,关羽
2026012403,48251408_48_1769258549,16,2,pick,曹操
2026012403,48251408_48_1769258549,17,1,pick,大司命
2026012403,48251408_48_1769258549,18,1,pick,小乔
2026012403,48251408_48_1769258549,19,2,pick,鲁班七号
2026012301,836780560_4_1769150331,0,1,ban,空空儿
2026012301,836780560_4_1769150331,1,2,ban,盾山
2026012301,836780560_4_1769150331,2,1,ban,元流之子(辅助)
2026012301,836780560_4_1769150331,3,2,ban,元流之子(坦克)
2026012301,836780560_4_1769150331,4,1,pick,鲁班大师
2026012301,836780560_4_1769150331,5,2,pick,镜
2026012301,836780560_4_1769150331,6,2,pick,狄仁杰
2026012301,836780560_4_1769150331,7,1,pick,不知火舞
2026012301,836780560_4_1769150331,8,1,pick,阿古朵
2026012301,836780560_4_1769150331,9,2,pick,张飞
2026012301,836780560_4_1769150331,10,2,ban,艾琳
2026012301,836780560_4_1769150331,11,1,ban,蚩奼
2026012301,836780560_4_1769150331,12,2,ban,司空震
2026012301,836780560_4_1769150331,13,1,ban,杨玉环
2026012301,836780560_4_1769150331,14,2,ban,夏洛特
2026012301,836780560_4_1769150331,15,1,ban,狂铁
2026012301,836780560_4_1769150331,16,2,pick,沈梦溪
2026012301,836780560_4_1769150331,17,1,pick,戈娅
2026012301,836780560_4_1769150331,18,1,pick,蒙恬
2026012301,836780560_4_1769150331,19,2,pick,影
2026012501,48251408_53_1769320953,0,1,ban,元流之子(辅助)
2026012501,48251408_53_1769320953,1,2,ban,盾山
2026012501,48251408_53_1769320953,2,1,ban,沈梦溪
2026012501,48251408_53_1769320953,3,2,ban,元流之子(坦克)
2026012501,48251408_53_1769320953,4,1,pick,空空儿
2026012501,48251408_53_1769320953,5,2,pick,鲁班大师
2026012501,48251408_53_1769320953,6,2,pick,狂铁
2026012501,48251408_53_1769320953,7,1,pick,镜
2026012501,48251408_53_1769320953,8,1,pick,敖隐
2026012501,48251408_53_1769320953,9,2,pick,艾琳
2026012501,48251408_53_1769320953,10,2,ban,关羽
2026012501,48251408_53_1769320953,11,1,ban,云缨
2026012501,48251408_53_1769320953,12,2,ban,小乔
2026012501,48251408_53_1769320953,13,1,ban,海月
2026012501,48251408_53_1769320953,14,2,ban,吕布
2026012501,48251408_53_1769320953,15,1,ban,海诺
2026012501,48251408_53_1769320953,16,2,pick,王昭君
2026012501,48251408_53_1769320953,17,1,pick,白起
2026012501,48251408_53_1769320953,18,1,pick,安琪拉
2026012501,48251408_53_1769320953,19,2,pick,哪吒
2026011803,1222656528_14_1768742623,0,1,ban,盾山
2026011803,1222656528_14_1768742623,1,2,ban,蚩奼
2026011803,1222656528_14_1768742623,2,1,ban,狄仁杰
2026011803,1222656528_14_1768742623,3,2,ban,公孙离
2026011803,1222656528_14_1768742623,4,1,pick,鲁班大师
2026011803,1222656528_14_1768742623,5,2,pick,元流之子(辅助)
2026011803,1222656528_14_1768742623,6,2,pick,敖隐
2026011803,1222656528_14_1768742623,7,1,pick,女娲
2026011803,1222656528_14_1768742623,8,1,pick,马超
2026011803,1222656528_14_1768742623,9,2,pick,不知火舞
2026011803,1222656528_14_1768742623,10,2,ban,扁鹊
2026011803,1222656528_14_1768742623,11,1,ban,镜
2026011803,1222656528_14_1768742623,12,2,ban,大司命
2026011803,1222656528_14_1768742623,13,1,ban,宫本武藏
2026011803,1222656528_14_1768742623,14,2,ban,夏侯惇
2026011803,1222656528_14_1768742623,15,1,ban,关羽
2026011803,1222656528_14_1768742623,16,2,pick,曹操
2026011803,1222656528_14_1768742623,17,1,pick,李元芳
2026011803,1222656528_14_1768742623,18,1,pick,杨戬
2026011803,1222656528_14_1768742623,19,2,pick,铠
2026011403,1222656528_9_1768402179,0,1,ban,鲁班大师
2026011403,1222656528_9_1768402179,1,2,ban,盾山
2026011403,1222656528_9_1768402179,2,1,ban,苏烈
2026011403,1222656528_9_1768402179,3,2,ban,空空儿
2026011403,1222656528_9_1768402179,4,1,pick,海月
2026011403,1222656528_9_1768402179,5,2,pick,苍
2026011403,1222656528_9_1768402179,6,2,pick,狂铁
2026011403,1222656528_9_1768402179,7,1,pick,关羽
2026011403,1222656528_9_1768402179,8,1,pick,戈娅
2026011403,1222656528_9_1768402179,9,2,pick,太乙真人
2026011403,1222656528_9_1768402179,10,2,ban,元流之子(坦克)
2026011403,1222656528_9_1768402179,11,1,ban,宫本武藏
2026011403,1222656528_9_1768402179,12,2,ban,少司缘
2026011403,1222656528_9_1768402179,13,1,ban,西施
2026011403,1222656528_9_1768402179,14,2,ban,大司命
2026011403,1222656528_9_1768402179,15,1,ban,夏侯惇
2026011403,1222656528_9_1768402179,16,2,pick,暃
2026011403,1222656528_9_1768402179,17,1,pick,云缨
2026011403,1222656528_9_1768402179,18,1,pick,廉颇
2026011403,1222656528_9_1768402179,19,2,pick,甄姬
2026012403,48251408_50_1769262469,0,1,ban,关羽
2026012403,48251408_50_1769262469,1,2,ban,鲁班大师
2026012403,48251408_50_1769262469,2,1,ban,空空儿
2026012403,48251408_50_1769262469,3,2,ban,盾山
2026012403,48251408_50_1769262469,4,1,pick,狂铁
2026012403,48251408_50_1769262469,5,2,pick,戈娅
2026012403,48251408_50_1769262469,6,2,pick,夏洛特
2026012403,48251408_50_1769262469,7,1,pick,公孙离
2026012403,48251408_50_1769262469,8,1,pick,少司缘
2026012403,48251408_50_1769262469,9,2,pick,女娲
2026012403,48251408_50_1769262469,10,2,ban,镜
2026012403,48251408_50_1769262469,11,1,ban,张良
2026012403,48251408_50_1769262469,12,2,ban,宫本武藏
2026012403,48251408_50_1769262469,13,1,ban,张飞
2026012403,48251408_50_1769262469,14,2,ban,沈梦溪
2026012403,48251408_50_1769262469,15,1,ban,元流之子(坦克)
2026012403,48251408_50_1769262469,16,2,pick,阿古朵
2026012403,48251408_50_1769262469,17,1,pick,马超
2026012403,48251408_50_1769262469,18,1,pick,杨玉环
2026012403,48251408_50_1769262469,19,2,pick,墨子
2026011603,836780560_6_1768569944,0,1,ban,盾山
2026011603,836780560_6_1768569944,1,2,ban,蚩奼
2026011603,836780560_6_1768569944,2,1,ban,元流之子(辅助)
2026011603,836780560_6_1768569944,3,2,ban,鲁班大师
2026011603,836780560_6_1768569944,4,1,pick,苏烈
2026011603,836780560_6_1768569944,5,2,pick,沈梦溪
2026011603,836780560_6_1768569944,6,2,pick,张飞
2026011603,836780560_6_1768569944,7,1,pick,苍
2026011603,836780560_6_1768569944,8,1,pick,大司命
2026011603,836780560_6_1768569944,9,2,pick,阿古朵
2026011603,836780560_6_1768569944,10,2,ban,海诺
2026011603,836780560_6_1768569944,11,1,ban,戈娅
2026011603,836780560_6_1768569944,12,2,ban,不知火舞
2026011603,836780560_6_1768569944,13,1,ban,艾琳
2026011603,836780560_6_1768569944,14,2,ban,关羽
2026011603,836780560_6_1768569944,15,1,ban,敖隐
2026011603,836780560_6_1768569944,16,2,pick,孙尚香
2026011603,836780560_6_1768569944,17,1,pick,司空震
2026011603,836780560_6_1768569944,18,1,pick,嬴政
2026011603,836780560_6_1768569944,19,2,pick,老夫子
2026011402,48251408_36_1768384447,0,1,ban,狄仁杰
2026011402,48251408_36_1768384447,1,2,ban,盾山
2026011402,48251408_36_1768384447,2,1,ban,海月
2026011402,48251408_36_1768384447,3,2,ban,鲁班大师
2026011402,48251408_36_1768384447,4,1,pick,空空儿
2026011402,48251408_36_1768384447,5,2,pick,狂铁
2026011402,48251408_36_1768384447,6,2,pick,公孙离
2026011402,48251408_36_1768384447,7,1,pick,小乔
2026011402,48251408_36_1768384447,8,1,pick,戈娅
2026011402,48251408_36_1768384447,9,2,pick,沈梦溪
2026011402,48251408_36_1768384447,10,2,ban,阿古朵
2026011402,48251408_36_1768384447,11,1,ban,镜
2026011402,48251408_36_1768384447,12,2,ban,橘右京
2026011402,48251408_36_1768384447,13,1,ban,暃
2026011402,48251408_36_1768384447,14,2,ban,吕布
2026011402,48251408_36_1768384447,15,1,ban,少司缘
2026011402,48251408_36_1768384447,16,2,pick,大司命
2026011402,48251408_36_1768384447,17,1,pick,裴擒虎
2026011402,48251408_36_1768384447,18,1,pick,曹操
2026011402,48251408_36_1768384447,19,2,pick,苏烈
2026011401,48251408_33_1768377049,0,1,ban,大司命
2026011401,48251408_33_1768377049,1,2,ban,盾山
2026011401,48251408_33_1768377049,2,1,ban,元流之子(辅助)
2026011401,48251408_33_1768377049,3,2,ban,海月
2026011401,48251408_33_1768377049,4,1,pick,杨戬
2026011401,48251408_33_1768377049,5,2,pick,鲁班大师
2026011401,48251408_33_1768377049,6,2,pick,元流之子(坦克)
2026011401,48251408_33_1768377049,7,1,pick,朵莉亚
2026011401,48251408_33_1768377049,8,1,pick,敖隐
2026011401,48251408_33_1768377049,9,2,pick,马超
2026011401,48251408_33_1768377049,10,2,ban,蚩奼
2026011401,48251408_33_1768377049,11,1,ban,女娲
2026011401,48251408_33_1768377049,12,2,ban,西施
2026011401,48251408_33_1768377049,13,1,ban,鲁班七号
2026011401,48251408_33_1768377049,14,2,ban,不知火舞
2026011401,48251408_33_1768377049,15,1,ban,艾琳
2026011401,48251408_33_1768377049,16,2,pick,嬴政
2026011401,48251408_33_1768377049,17,1,pick,司空震
2026011401,48251408_33_1768377049,18,1,pick,安琪拉
2026011401,48251408_33_1768377049,19,2,pick,狄仁杰
2026012301,836780560_5_1769152178,0,1,ban,盾山
2026012301,836780560_5_1769152178,1,2,ban,空空儿
2026012301,836780560_5_1769152178,2,1,ban,沈梦溪
2026012301,836780560_5_1769152178,3,2,ban,鲁班大师
2026012301,836780560_5_1769152178,4,1,pick,苏烈
2026012301,836780560_5_1769152178,5,2,pick,孙尚香
2026012301,836780560_5_1769152178,6,2,pick,太乙真人
2026012301,836780560_5_1769152178,7,1,pick,女娲
2026012301,836780560_5_1769152178,8,1,pick,戈娅
2026012301,836780560_5_1769152178,9,2,pick,西施
2026012301,836780560_5_1769152178,10,2,ban,关羽
2026012301,836780560_5_1769152178,11,1,ban,蚩奼
2026012301,836780560_5_1769152178,12,2,ban,暃
2026012301,836780560_5_1769152178,13,1,ban,镜
2026012301,836780560_5_1769152178,14,2,ban,司空震
2026012301,836780560_5_1769152178,15,1,ban,马超
2026012301,836780560_5_1769152178,16,2,pick,夏洛特
2026012301,836780560_5_1769152178,17,1,pick,云缨
2026012301,836780560_5_1769152178,18,1,pick,狂铁
2026012301,836780560_5_1769152178,19,2,pick,元流之子(坦克)
2026012403,48251408_51_1769263994,0,1,ban,空空儿
2026012403,48251408_51_1769263994,1,2,ban,鲁班大师
2026012403,48251408_51_1769263994,2,1,ban,关羽
2026012403,48251408_51_1769263994,3,2,ban,盾山
2026012403,48251408_51_1769263994,4,1,pick,太乙真人
2026012403,48251408_51_1769263994,5,2,pick,张飞
2026012403,48251408_51_1769263994,6,2,pick,蚩奼
2026012403,48251408_51_1769263994,7,1,pick,司空震
2026012403,48251408_51_1769263994,8,1,pick,敖隐
2026012403,48251408_51_1769263994,9,2,pick,裴擒虎
2026012403,48251408_51_1769263994,10,2,ban,大司命
2026012403,48251408_51_1769263994,11,1,ban,不知火舞
2026012403,48251408_51_1769263994,12,2,ban,杨戬
2026012403,48251408_51_1769263994,13,1,ban,海月
2026012403,48251408_51_1769263994,14,2,ban,西施
2026012403,48251408_51_1769263994,15,1,ban,老夫子
2026012403,48251408_51_1769263994,16,2,pick,嫦娥
2026012403,48251408_51_1769263994,17,1,pick,夏侯惇
2026012403,48251408_51_1769263994,18,1,pick,女娲
2026012403,48251408_51_1769263994,19,2,pick,后羿
2026011402,48251408_37_1768386455,0,1,ban,空空儿
2026011402,48251408_37_1768386455,1,2,ban,盾山
2026011402,48251408_37_1768386455,2,1,ban,狄仁杰
2026011402,48251408_37_1768386455,3,2,ban,镜
2026011402,48251408_37_1768386455,4,1,pick,鲁班大师
2026011402,48251408_37_1768386455,5,2,pick,元流之子(辅助)
2026011402,48251408_37_1768386455,6,2,pick,敖隐
2026011402,48251408_37_1768386455,7,1,pick,蚩奼
2026011402,48251408_37_1768386455,8,1,pick,狂铁
2026011402,48251408_37_1768386455,9,2,pick,小乔
2026011402,48251408_37_1768386455,10,2,ban,鲁班七号
2026011402,48251408_37_1768386455,11,1,ban,阿古朵
2026011402,48251408_37_1768386455,12,2,ban,女娲
2026011402,48251408_37_1768386455,13,1,ban,吕布
2026011402,48251408_37_1768386455,14,2,ban,大司命
2026011402,48251408_37_1768386455,15,1,ban,夏侯惇
2026011402,48251408_37_1768386455,16,2,pick,夏洛特
2026011402,48251408_37_1768386455,17,1,pick,橘右京
2026011402,48251408_37_1768386455,18,1,pick,王昭君
2026011402,48251408_37_1768386455,19,2,pick,韩信
2026012502,836780560_10_1769333531,0,1,ban,空空儿
2026012502,836780560_10_1769333531,1,2,ban,沈梦溪
2026012502,836780560_10_1769333531,2,1,ban,狄仁杰
2026012502,836780560_10_1769333531,3,2,ban,鲁班大师
2026012502,836780560_10_1769333531,4,1,pick,盾山
2026012502,836780560_10_1769333531,5,2,pick,太乙真人
2026012502,836780560_10_1769333531,6,2,pick,孙尚香
2026012502,836780560_10_1769333531,7,1,pick,蚩奼
2026012502,836780560_10_1769333531,8,1,pick,阿古朵
2026012502,836780560_10_1769333531,9,2,pick,西施
2026012502,836780560_10_1769333531,10,2,ban,不知火舞
2026012502,836780560_10_1769333531,11,1,ban,关羽
2026012502,836780560_10_1769333531,12,2,ban,女娲
2026012502,836780560_10_1769333531,13,1,ban,镜
2026012502,836780560_10_1769333531,14,2,ban,艾琳
2026012502,836780560_10_1769333531,15,1,ban,老夫子
2026012502,836780560_10_1769333531,16,2,pick,铠
2026012502,836780560_10_1769333531,17,1,pick,甄姬
2026012502,836780560_10_1769333531,18,1,pick,达摩
2026012502,836780560_10_1769333531,19,2,pick,马超
2026012502,836780560_11_1769335301,0,1,ban,盾山
2026012502,836780560_11_1769335301,1,2,ban,沈梦溪
2026012502,836780560_11_1769335301,2,1,ban,空空儿
2026012502,836780560_11_1769335301,3,2,ban,鲁班大师
2026012502,836780560_11_1769335301,4,1,pick,敖隐
2026012502,836780560_11_1769335301,5,2,pick,女娲
2026012502,836780560_11_1769335301,6,2,pick,苏烈
2026012502,836780560_11_1769335301,7,1,pick,关羽
2026012502,836780560_11_1769335301,8,1,pick,大司命
2026012502,836780560_11_1769335301,9,2,pick,蚩奼
2026012502,836780560_11_1769335301,10,2,ban,不知火舞
2026012502,836780560_11_1769335301,11,1,ban,云缨
2026012502,836780560_11_1769335301,12,2,ban,少司缘
2026012502,836780560_11_1769335301,13,1,ban,橘右京
2026012502,836780560_11_1769335301,14,2,ban,张飞
2026012502,836780560_11_1769335301,15,1,ban,阿古朵
2026012502,836780560_11_1769335301,16,2,pick,夏侯惇
2026012502,836780560_11_1769335301,17,1,pick,廉颇
2026012502,836780560_11_1769335301,18,1,pick,安琪拉
2026012502,836780560_11_1769335301,19,2,pick,司空震
2026011402,48251408_39_1768390573,0,1,ban,鲁班大师
2026011402,48251408_39_1768390573,1,2,ban,盾山
2026011402,48251408_39_1768390573,2,1,ban,空空儿
2026011402,48251408_39_1768390573,3,2,ban,元流之子(坦克)
2026011402,48251408_39_1768390573,4,1,pick,海月
2026011402,48251408_39_1768390573,5,2,pick,女娲
2026011402,48251408_39_1768390573,6,2,pick,阿古朵
2026011402,48251408_39_1768390573,7,1,pick,朵莉亚
2026011402,48251408_39_1768390573,8,1,pick,杨戬
2026011402,48251408_39_1768390573,9,2,pick,张飞
2026011402,48251408_39_1768390573,10,2,ban,公孙离
2026011402,48251408_39_1768390573,11,1,ban,曹操
2026011402,48251408_39_1768390573,12,2,ban,关羽
2026011402,48251408_39_1768390573,13,1,ban,蚩奼
2026011402,48251408_39_1768390573,14,2,ban,敖隐
2026011402,48251408_39_1768390573,15,1,ban,马超
2026011402,48251408_39_1768390573,16,2,pick,艾琳
2026011402,48251408_39_1768390573,17,1,pick,李元芳
2026011402,48251408_39_1768390573,18,1,pick,达摩
2026011402,48251408_39_1768390573,19,2,pick,吕布
2026011603,836780560_8_1768573724,0,1,ban,盾山
2026011603,836780560_8_1768573724,1,2,ban,狂铁
2026011603,836780560_8_1768573724,2,1,ban,空空儿
2026011603,836780560_8_1768573724,3,2,ban,鲁班大师
2026011603,836780560_8_1768573724,4,1,pick,元流之子(坦克)
2026011603,836780560_8_1768573724,5,2,pick,夏侯惇
2026011603,836780560_8_1768573724,6,2,pick,戈娅
2026011603,836780560_8_1768573724,7,1,pick,少司缘
2026011603,836780560_8_1768573724,8,1,pick,公孙离
2026011603,836780560_8_1768573724,9,2,pick,朵莉亚
2026011603,836780560_8_1768573724,10,2,ban,关羽
2026011603,836780560_8_1768573724,11,1,ban,西施
2026011603,836780560_8_1768573724,12,2,ban,马超
2026011603,836780560_8_1768573724,13,1,ban,海月
2026011603,836780560_8_1768573724,14,2,ban,小乔
2026011603,836780560_8_1768573724,15,1,ban,女娲
2026011603,836780560_8_1768573724,16,2,pick,影
2026011603,836780560_8_1768573724,17,1,pick,达摩
2026011603,836780560_8_1768573724,18,1,pick,安琪拉
2026011603,836780560_8_1768573724,19,2,pick,姜子牙
2026011703,501236240_3_1768651997,0,1,ban,元流之子(辅助)
2026011703,501236240_3_1768651997,1,2,ban,鲁班大师
2026011703,501236240_3_1768651997,2,1,ban,苏烈
2026011703,501236240_3_1768651997,3,2,ban,盾山
2026011703,501236240_3_1768651997,4,1,pick,空空儿
2026011703,501236240_3_1768651997,5,2,pick,狂铁
2026011703,501236240_3_1768651997,6,2,pick,沈梦溪
2026011703,501236240_3_1768651997,7,1,pick,公孙离
2026011703,501236240_3_1768651997,8,1,pick,夏洛特
2026011703,501236240_3_1768651997,9,2,pick,戈娅
2026011703,501236240_3_1768651997,10,2,ban,海月
2026011703,501236240_3_1768651997,11,1,ban,少司缘
2026011703,501236240_3_1768651997,12,2,ban,小乔
2026011703,501236240_3_1768651997,13,1,ban,朵莉亚
2026011703,501236240_3_1768651997,14,2,ban,橘右京
2026011703,501236240_3_1768651997,15,1,ban,张飞
2026011703,501236240_3_1768651997,16,2,pick,太乙真人
2026011703,501236240_3_1768651997,17,1,pick,大司命
2026011703,501236240_3_1768651997,18,1,pick,不知火舞
2026011703,501236240_3_1768651997,19,2,pick,暃
2026011703,501236240_5_1768655923,0,1,ban,空空儿
2026011703,501236240_5_1768655923,1,2,ban,盾山
2026011703,501236240_5_1768655923,2,1,ban,元流之子(辅助)
2026011703,501236240_5_1768655923,3,2,ban,鲁班大师
2026011703,501236240_5_1768655923,4,1,pick,曹操
2026011703,501236240_5_1768655923,5,2,pick,少司缘
2026011703,501236240_5_1768655923,6,2,pick,铠
2026011703,501236240_5_1768655923,7,1,pick,杨戬
2026011703,501236240_5_1768655923,8,1,pick,朵莉亚
2026011703,501236240_5_1768655923,9,2,pick,公孙离
2026011703,501236240_5_1768655923,10,2,ban,沈梦溪
2026011703,501236240_5_1768655923,11,1,ban,关羽
2026011703,501236240_5_1768655923,12,2,ban,海月
2026011703,501236240_5_1768655923,13,1,ban,女娲
2026011703,501236240_5_1768655923,14,2,ban,西施
2026011703,501236240_5_1768655923,15,1,ban,嬴政
2026011703,501236240_5_1768655923,16,2,pick,小乔
2026011703,501236240_5_1768655923,17,1,pick,虞姬
2026011703,501236240_5_1768655923,18,1,pick,王昭君
2026011703,501236240_5_1768655923,19,2,pick,老夫子
2026011703,501236240_4_1768653799,0,1,ban,沈梦溪
2026011703,501236240_4_1768653799,1,2,ban,空空儿
2026011703,501236240_4_1768653799,2,1,ban,鲁班大师
2026011703,501236240_4_1768653799,3,2,ban,盾山
2026011703,501236240_4_1768653799,4,1,pick,苏烈
2026011703,501236240_4_1768653799,5,2,pick,少司缘
2026011703,501236240_4_1768653799,6,2,pick,戈娅
2026011703,501236240_4_1768653799,7,1,pick,蚩奼
2026011703,501236240_4_1768653799,8,1,pick,海月
2026011703,501236240_4_1768653799,9,2,pick,狂铁
2026011703,501236240_4_1768653799,10,2,ban,宫本武藏
2026011703,501236240_4_1768653799,11,1,ban,阿古朵
2026011703,501236240_4_1768653799,12,2,ban,镜
2026011703,501236240_4_1768653799,13,1,ban,西施
2026011703,501236240_4_1768653799,14,2,ban,关羽
2026011703,501236240_4_1768653799,15,1,ban,女娲
2026011703,501236240_4_1768653799,16,2,pick,嬴政
2026011703,501236240_4_1768653799,17,1,pick,司空震
2026011703,501236240_4_1768653799,18,1,pick,橘右京
2026011703,501236240_4_1768653799,19,2,pick,夏侯惇
2026011703,501236240_7_1768659942,0,1,ban,元流之子(辅助)
2026011703,501236240_7_1768659942,1,2,ban,艾琳
2026011703,501236240_7_1768659942,2,1,ban,海月
2026011703,501236240_7_1768659942,3,2,ban,曹操
2026011703,501236240_7_1768659942,4,1,pick,盾山
2026011703,501236240_7_1768659942,5,2,pick,敖隐
2026011703,501236240_7_1768659942,6,2,pick,鲁班大师
2026011703,501236240_7_1768659942,7,1,pick,狄仁杰
2026011703,501236240_7_1768659942,8,1,pick,马超
2026011703,501236240_7_1768659942,9,2,pick,女娲
2026011703,501236240_7_1768659942,10,2,ban,镜
2026011703,501236240_7_1768659942,11,1,ban,蚩奼
2026011703,501236240_7_1768659942,12,2,ban,哪吒
2026011703,501236240_7_1768659942,13,1,ban,司空震
2026011703,501236240_7_1768659942,14,2,ban,不知火舞
2026011703,501236240_7_1768659942,15,1,ban,关羽
2026011703,501236240_7_1768659942,16,2,pick,蒙恬
2026011703,501236240_7_1768659942,17,1,pick,杨戬
2026011703,501236240_7_1768659942,18,1,pick,安琪拉
2026011703,501236240_7_1768659942,19,2,pick,宫本武藏
2026012401,48251408_40_1769234519,0,1,ban,苏烈
2026012401,48251408_40_1769234519,1,2,ban,盾山
2026012401,48251408_40_1769234519,2,1,ban,元流之子(辅助)
2026012401,48251408_40_1769234519,3,2,ban,鲁班大师
2026012401,48251408_40_1769234519,4,1,pick,空空儿
2026012401,48251408_40_1769234519,5,2,pick,公孙离
2026012401,48251408_40_1769234519,6,2,pick,张飞
2026012401,48251408_40_1769234519,7,1,pick,小乔
2026012401,48251408_40_1769234519,8,1,pick,戈娅
2026012401,48251408_40_1769234519,9,2,pick,沈梦溪
2026012401,48251408_40_1769234519,10,2,ban,吕布
2026012401,48251408_40_1769234519,11,1,ban,镜
2026012401,48251408_40_1769234519,12,2,ban,橘右京
2026012401,48251408_40_1769234519,13,1,ban,狂铁
2026012401,48251408_40_1769234519,14,2,ban,云缨
2026012401,48251408_40_1769234519,15,1,ban,宫本武藏
2026012401,48251408_40_1769234519,16,2,pick,司空震
2026012401,48251408_40_1769234519,17,1,pick,大司命
2026012401,48251408_40_1769234519,18,1,pick,曹操
2026012401,48251408_40_1769234519,19,2,pick,哪吒
2026012401,48251408_42_1769238344,0,1,ban,元流之子(辅助)
2026012401,48251408_42_1769238344,1,2,ban,鲁班大师
2026012401,48251408_42_1769238344,2,1,ban,盾山
2026012401,48251408_42_1769238344,3,2,ban,空空儿
2026012401,48251408_42_1769238344,4,1,pick,女娲
2026012401,48251408_42_1769238344,5,2,pick,沈梦溪
2026012401,48251408_42_1769238344,6,2,pick,敖隐
2026012401,48251408_42_1769238344,7,1,pick,马超
2026012401,48251408_42_1769238344,8,1,pick,元流之子(坦克)
2026012401,48251408_42_1769238344,9,2,pick,夏洛特
2026012401,48251408_42_1769238344,10,2,ban,蚩奼
2026012401,48251408_42_1769238344,11,1,ban,哪吒
2026012401,48251408_42_1769238344,12,2,ban,张良
2026012401,48251408_42_1769238344,13,1,ban,裴擒虎
2026012401,48251408_42_1769238344,14,2,ban,少司缘
2026012401,48251408_42_1769238344,15,1,ban,阿古朵
2026012401,48251408_42_1769238344,16,2,pick,苏烈
2026012401,48251408_42_1769238344,17,1,pick,后羿
2026012401,48251408_42_1769238344,18,1,pick,杨玉环
2026012401,48251408_42_1769238344,19,2,pick,镜
2026012401,48251408_41_1769236799,0,1,ban,苏烈
2026012401,48251408_41_1769236799,1,2,ban,空空儿
2026012401,48251408_41_1769236799,2,1,ban,元流之子(辅助)
2026012401,48251408_41_1769236799,3,2,ban,鲁班大师
2026012401,48251408_41_1769236799,4,1,pick,盾山
2026012401,48251408_41_1769236799,5,2,pick,太乙真人
2026012401,48251408_41_1769236799,6,2,pick,孙尚香
2026012401,48251408_41_1769236799,7,1,pick,关羽
2026012401,48251408_41_1769236799,8,1,pick,艾琳
2026012401,48251408_41_1769236799,9,2,pick,海月
2026012401,48251408_41_1769236799,10,2,ban,女娲
2026012401,48251408_41_1769236799,11,1,ban,元流之子(坦克)
2026012401,48251408_41_1769236799,12,2,ban,西施
2026012401,48251408_41_1769236799,13,1,ban,蒙恬
2026012401,48251408_41_1769236799,14,2,ban,夏侯惇
2026012401,48251408_41_1769236799,15,1,ban,镜
2026012401,48251408_41_1769236799,16,2,pick,马超
2026012401,48251408_41_1769236799,17,1,pick,橘右京
2026012401,48251408_41_1769236799,18,1,pick,小乔
2026012401,48251408_41_1769236799,19,2,pick,云缨
2026012501,48251408_56_1769327746,0,1,ban,空空儿
2026012501,48251408_56_1769327746,1,2,ban,盾山
2026012501,48251408_56_1769327746,2,1,ban,苏烈
2026012501,48251408_56_1769327746,3,2,ban,鲁班大师
2026012501,48251408_56_1769327746,4,1,pick,太乙真人
2026012501,48251408_56_1769327746,5,2,pick,关羽
2026012501,48251408_56_1769327746,6,2,pick,苍
2026012501,48251408_56_1769327746,7,1,pick,孙尚香
2026012501,48251408_56_1769327746,8,1,pick,蚩奼
2026012501,48251408_56_1769327746,9,2,pick,海月
2026012501,48251408_56_1769327746,10,2,ban,西施
2026012501,48251408_56_1769327746,11,1,ban,张飞
2026012501,48251408_56_1769327746,12,2,ban,夏侯惇
2026012501,48251408_56_1769327746,13,1,ban,元流之子(坦克)
2026012501,48251408_56_1769327746,14,2,ban,沈梦溪
2026012501,48251408_56_1769327746,15,1,ban,杨戬
2026012501,48251408_56_1769327746,16,2,pick,廉颇
2026012501,48251408_56_1769327746,17,1,pick,金蝉
2026012501,48251408_56_1769327746,18,1,pick,阿古朵
2026012501,48251408_56_1769327746,19,2,pick,云缨
2026011602,48251408_59_1768557072,0,1,ban,盾山
2026011602,48251408_59_1768557072,1,2,ban,空空儿
2026011602,48251408_59_1768557072,2,1,ban,元流之子(辅助)
2026011602,48251408_59_1768557072,3,2,ban,鲁班大师
2026011602,48251408_59_1768557072,4,1,pick,女娲
2026011602,48251408_59_1768557072,5,2,pick,张飞
2026011602,48251408_59_1768557072,6,2,pick,镜
2026011602,48251408_59_1768557072,7,1,pick,少司缘
2026011602,48251408_59_1768557072,8,1,pick,元流之子(坦克)
2026011602,48251408_59_1768557072,9,2,pick,戈娅
2026011602,48251408_59_1768557072,10,2,ban,艾琳
2026011602,48251408_59_1768557072,11,1,ban,沈梦溪
2026011602,48251408_59_1768557072,12,2,ban,孙权
2026011602,48251408_59_1768557072,13,1,ban,安琪拉
2026011602,48251408_59_1768557072,14,2,ban,蚩奼
2026011602,48251408_59_1768557072,15,1,ban,武则天
2026011602,48251408_59_1768557072,16,2,pick,狂铁
2026011602,48251408_59_1768557072,17,1,pick,吕布
2026011602,48251408_59_1768557072,18,1,pick,公孙离
2026011602,48251408_59_1768557072,19,2,pick,姜子牙
2026011603,836780560_5_1768568027,0,1,ban,盾山
2026011603,836780560_5_1768568027,1,2,ban,小乔
2026011603,836780560_5_1768568027,2,1,ban,元流之子(辅助)
2026011603,836780560_5_1768568027,3,2,ban,鲁班大师
2026011603,836780560_5_1768568027,4,1,pick,空空儿
2026011603,836780560_5_1768568027,5,2,pick,狂铁
2026011603,836780560_5_1768568027,6,2,pick,公孙离
2026011603,836780560_5_1768568027,7,1,pick,戈娅
2026011603,836780560_5_1768568027,8,1,pick,橘右京
2026011603,836780560_5_1768568027,9,2,pick,不知火舞
2026011603,836780560_5_1768568027,10,2,ban,海月
2026011603,836780560_5_1768568027,11,1,ban,镜
2026011603,836780560_5_1768568027,12,2,ban,嫦娥
2026011603,836780560_5_1768568027,13,1,ban,张飞
2026011603,836780560_5_1768568027,14,2,ban,关羽
2026011603,836780560_5_1768568027,15,1,ban,宫本武藏
2026011603,836780560_5_1768568027,16,2,pick,少司缘
2026011603,836780560_5_1768568027,17,1,pick,杨玉环
2026011603,836780560_5_1768568027,18,1,pick,曹操
2026011603,836780560_5_1768568027,19,2,pick,哪吒
2026012802,1272988176_2_1769592281,0,1,ban,苏烈
2026012802,1272988176_2_1769592281,1,2,ban,盾山
2026012802,1272988176_2_1769592281,2,1,ban,鲁班大师
2026012802,1272988176_2_1769592281,3,2,ban,元流之子(坦克)
2026012802,1272988176_2_1769592281,4,1,pick,空空儿
2026012802,1272988176_2_1769592281,5,2,pick,张飞
2026012802,1272988176_2_1769592281,6,2,pick,公孙离
2026012802,1272988176_2_1769592281,7,1,pick,小乔
2026012802,1272988176_2_1769592281,8,1,pick,戈娅
2026012802,1272988176_2_1769592281,9,2,pick,沈梦溪
2026012802,1272988176_2_1769592281,10,2,ban,曹操
2026012802,1272988176_2_1769592281,11,1,ban,哪吒
2026012802,1272988176_2_1769592281,12,2,ban,橘右京
2026012802,1272988176_2_1769592281,13,1,ban,狂铁
2026012802,1272988176_2_1769592281,14,2,ban,影
2026012802,1272988176_2_1769592281,15,1,ban,夏洛特
2026012802,1272988176_2_1769592281,16,2,pick,蒙恬
2026012802,1272988176_2_1769592281,17,1,pick,吕布
2026012802,1272988176_2_1769592281,18,1,pick,镜
2026012802,1272988176_2_1769592281,19,2,pick,暃
2026011602,48251408_60_1768558882,0,1,ban,盾山
2026011602,48251408_60_1768558882,1,2,ban,空空儿
2026011602,48251408_60_1768558882,2,1,ban,元流之子(辅助)
2026011602,48251408_60_1768558882,3,2,ban,鲁班大师
2026011602,48251408_60_1768558882,4,1,pick,苏烈
2026011602,48251408_60_1768558882,5,2,pick,少司缘
2026011602,48251408_60_1768558882,6,2,pick,大司命
2026011602,48251408_60_1768558882,7,1,pick,沈梦溪
2026011602,48251408_60_1768558882,8,1,pick,阿古朵
2026011602,48251408_60_1768558882,9,2,pick,海诺
2026011602,48251408_60_1768558882,10,2,ban,戈娅
2026011602,48251408_60_1768558882,11,1,ban,公孙离
2026011602,48251408_60_1768558882,12,2,ban,孙尚香
2026011602,48251408_60_1768558882,13,1,ban,艾琳
2026011602,48251408_60_1768558882,14,2,ban,关羽
2026011602,48251408_60_1768558882,15,1,ban,吕布
2026011602,48251408_60_1768558882,16,2,pick,蚩奼
2026011602,48251408_60_1768558882,17,1,pick,后羿
2026011602,48251408_60_1768558882,18,1,pick,狂铁
2026011602,48251408_60_1768558882,19,2,pick,苍
2026011602,48251408_58_1768554175,0,1,ban,狄仁杰
2026011602,48251408_58_1768554175,1,2,ban,鲁班大师
2026011602,48251408_58_1768554175,2,1,ban,海月
2026011602,48251408_58_1768554175,3,2,ban,曹操
2026011602,48251408_58_1768554175,4,1,pick,盾山
2026011602,48251408_58_1768554175,5,2,pick,孙尚香
2026011602,48251408_58_1768554175,6,2,pick,太乙真人
2026011602,48251408_58_1768554175,7,1,pick,敖隐
2026011602,48251408_58_1768554175,8,1,pick,司空震
2026011602,48251408_58_1768554175,9,2,pick,西施
2026011602,48251408_58_1768554175,10,2,ban,沈梦溪
2026011602,48251408_58_1768554175,11,1,ban,元流之子(坦克)
2026011602,48251408_58_1768554175,12,2,ban,不知火舞
2026011602,48251408_58_1768554175,13,1,ban,橘右京
2026011602,48251408_58_1768554175,14,2,ban,女娲
2026011602,48251408_58_1768554175,15,1,ban,狂铁
2026011602,48251408_58_1768554175,16,2,pick,达摩
2026011602,48251408_58_1768554175,17,1,pick,哪吒
2026011602,48251408_58_1768554175,18,1,pick,安琪拉
2026011602,48251408_58_1768554175,19,2,pick,露娜
2026012802,1272988176_4_1769596253,0,1,ban,盾山
2026012802,1272988176_4_1769596253,1,2,ban,苏烈
2026012802,1272988176_4_1769596253,2,1,ban,鲁班大师
2026012802,1272988176_4_1769596253,3,2,ban,公孙离
2026012802,1272988176_4_1769596253,4,1,pick,狂铁
2026012802,1272988176_4_1769596253,5,2,pick,少司缘
2026012802,1272988176_4_1769596253,6,2,pick,戈娅
2026012802,1272988176_4_1769596253,7,1,pick,沈梦溪
2026012802,1272988176_4_1769596253,8,1,pick,艾琳
2026012802,1272988176_4_1769596253,9,2,pick,夏洛特
2026012802,1272988176_4_1769596253,10,2,ban,张良
2026012802,1272988176_4_1769596253,11,1,ban,大司命
2026012802,1272988176_4_1769596253,12,2,ban,哪吒
2026012802,1272988176_4_1769596253,13,1,ban,不知火舞
2026012802,1272988176_4_1769596253,14,2,ban,朵莉亚
2026012802,1272988176_4_1769596253,15,1,ban,元流之子(坦克)
2026012802,1272988176_4_1769596253,16,2,pick,夏侯惇
2026012802,1272988176_4_1769596253,17,1,pick,张飞
2026012802,1272988176_4_1769596253,18,1,pick,暃
2026012802,1272988176_4_1769596253,19,2,pick,嫦娥
2026012803,48251408_8_1769601758,0,1,ban,海月
2026012803,48251408_8_1769601758,1,2,ban,盾山
2026012803,48251408_8_1769601758,2,1,ban,元流之子(辅助)
2026012803,48251408_8_1769601758,3,2,ban,鲁班大师
2026012803,48251408_8_1769601758,4,1,pick,空空儿
2026012803,48251408_8_1769601758,5,2,pick,公孙离
2026012803,48251408_8_1769601758,6,2,pick,张飞
2026012803,48251408_8_1769601758,7,1,pick,戈娅
2026012803,48251408_8_1769601758,8,1,pick,大司命
2026012803,48251408_8_1769601758,9,2,pick,沈梦溪
2026012803,48251408_8_1769601758,10,2,ban,小乔
2026012803,48251408_8_1769601758,11,1,ban,镜
2026012803,48251408_8_1769601758,12,2,ban,曹操
2026012803,48251408_8_1769601758,13,1,ban,哪吒
2026012803,48251408_8_1769601758,14,2,ban,嫦娥
2026012803,48251408_8_1769601758,15,1,ban,狂铁
2026012803,48251408_8_1769601758,16,2,pick,宫本武藏
2026012803,48251408_8_1769601758,17,1,pick,关羽
2026012803,48251408_8_1769601758,18,1,pick,不知火舞
2026012803,48251408_8_1769601758,19,2,pick,夏洛特
2026012803,48251408_9_1769604292,0,1,ban,空空儿
2026012803,48251408_9_1769604292,1,2,ban,鲁班大师
2026012803,48251408_9_1769604292,2,1,ban,关羽
2026012803,48251408_9_1769604292,3,2,ban,盾山
2026012803,48251408_9_1769604292,4,1,pick,苏烈
2026012803,48251408_9_1769604292,5,2,pick,少司缘
2026012803,48251408_9_1769604292,6,2,pick,戈娅
2026012803,48251408_9_1769604292,7,1,pick,敖隐
2026012803,48251408_9_1769604292,8,1,pick,女娲
2026012803,48251408_9_1769604292,9,2,pick,狂铁
2026012803,48251408_9_1769604292,10,2,ban,夏洛特
2026012803,48251408_9_1769604292,11,1,ban,大司命
2026012803,48251408_9_1769604292,12,2,ban,曹操
2026012803,48251408_9_1769604292,13,1,ban,镜
2026012803,48251408_9_1769604292,14,2,ban,宫本武藏
2026012803,48251408_9_1769604292,15,1,ban,橘右京
2026012803,48251408_9_1769604292,16,2,pick,不知火舞
2026012803,48251408_9_1769604292,17,1,pick,元流之子(坦克)
2026012803,48251408_9_1769604292,18,1,pick,影
2026012803,48251408_9_1769604292,19,2,pick,裴擒虎
2026011602,48251408_61_1768561092,0,1,ban,空空儿
2026011602,48251408_61_1768561092,1,2,ban,鲁班大师
2026011602,48251408_61_1768561092,2,1,ban,不知火舞
2026011602,48251408_61_1768561092,3,2,ban,关羽
2026011602,48251408_61_1768561092,4,1,pick,海月
2026011602,48251408_61_1768561092,5,2,pick,孙尚香
2026011602,48251408_61_1768561092,6,2,pick,太乙真人
2026011602,48251408_61_1768561092,7,1,pick,元流之子(辅助)
2026011602,48251408_61_1768561092,8,1,pick,狄仁杰
2026011602,48251408_61_1768561092,9,2,pick,西施
2026011602,48251408_61_1768561092,10,2,ban,阿古朵
2026011602,48251408_61_1768561092,11,1,ban,橘右京
2026011602,48251408_61_1768561092,12,2,ban,哪吒
2026011602,48251408_61_1768561092,13,1,ban,蚩奼
2026011602,48251408_61_1768561092,14,2,ban,裴擒虎
2026011602,48251408_61_1768561092,15,1,ban,铠
2026011602,48251408_61_1768561092,16,2,pick,蒙恬
2026011602,48251408_61_1768561092,17,1,pick,曹操
2026011602,48251408_61_1768561092,18,1,pick,梦奇
2026011602,48251408_61_1768561092,19,2,pick,宫本武藏
2026012101,48251408_7_1768981486,0,1,ban,戈娅
2026012101,48251408_7_1768981486,1,2,ban,鲁班大师
2026012101,48251408_7_1768981486,2,1,ban,曹操
2026012101,48251408_7_1768981486,3,2,ban,盾山
2026012101,48251408_7_1768981486,4,1,pick,公孙离
2026012101,48251408_7_1768981486,5,2,pick,苏烈
2026012101,48251408_7_1768981486,6,2,pick,苍
2026012101,48251408_7_1768981486,7,1,pick,大司命
2026012101,48251408_7_1768981486,8,1,pick,马超
2026012101,48251408_7_1768981486,9,2,pick,阿古朵
2026012101,48251408_7_1768981486,10,2,ban,沈梦溪
2026012101,48251408_7_1768981486,11,1,ban,小乔
2026012101,48251408_7_1768981486,12,2,ban,海诺
2026012101,48251408_7_1768981486,13,1,ban,关羽
2026012101,48251408_7_1768981486,14,2,ban,西施
2026012101,48251408_7_1768981486,15,1,ban,盘古
2026012101,48251408_7_1768981486,16,2,pick,司空震
2026012101,48251408_7_1768981486,17,1,pick,张飞
2026012101,48251408_7_1768981486,18,1,pick,海月
2026012101,48251408_7_1768981486,19,2,pick,安琪拉
2026012802,1272988176_3_1769594033,0,1,ban,空空儿
2026012802,1272988176_3_1769594033,1,2,ban,沈梦溪
2026012802,1272988176_3_1769594033,2,1,ban,鲁班大师
2026012802,1272988176_3_1769594033,3,2,ban,蒙恬
2026012802,1272988176_3_1769594033,4,1,pick,盾山
2026012802,1272988176_3_1769594033,5,2,pick,苏烈
2026012802,1272988176_3_1769594033,6,2,pick,蚩奼
2026012802,1272988176_3_1769594033,7,1,pick,曹操
2026012802,1272988176_3_1769594033,8,1,pick,敖隐
2026012802,1272988176_3_1769594033,9,2,pick,关羽
2026012802,1272988176_3_1769594033,10,2,ban,铠
2026012802,1272988176_3_1769594033,11,1,ban,西施
2026012802,1272988176_3_1769594033,12,2,ban,元流之子(坦克)
2026012802,1272988176_3_1769594033,13,1,ban,女娲
2026012802,1272988176_3_1769594033,14,2,ban,大司命
2026012802,1272988176_3_1769594033,15,1,ban,海月
2026012802,1272988176_3_1769594033,16,2,pick,娜可露露
2026012802,1272988176_3_1769594033,17,1,pick,安琪拉
2026012802,1272988176_3_1769594033,18,1,pick,云缨
2026012802,1272988176_3_1769594033,19,2,pick,小乔
2026012901,48251408_15_1769666603,0,1,ban,太乙真人
2026012901,48251408_15_1769666603,1,2,ban,盾山
2026012901,48251408_15_1769666603,2,1,ban,张飞
2026012901,48251408_15_1769666603,3,2,ban,鲁班大师
2026012901,48251408_15_1769666603,4,1,pick,空空儿
2026012901,48251408_15_1769666603,5,2,pick,狂铁
2026012901,48251408_15_1769666603,6,2,pick,苏烈
2026012901,48251408_15_1769666603,7,1,pick,沈梦溪
2026012901,48251408_15_1769666603,8,1,pick,公孙离
2026012901,48251408_15_1769666603,9,2,pick,戈娅
2026012901,48251408_15_1769666603,10,2,ban,夏洛特
2026012901,48251408_15_1769666603,11,1,ban,暃
2026012901,48251408_15_1769666603,12,2,ban,关羽
2026012901,48251408_15_1769666603,13,1,ban,海诺
2026012901,48251408_15_1769666603,14,2,ban,橘右京
2026012901,48251408_15_1769666603,15,1,ban,小乔
2026012901,48251408_15_1769666603,16,2,pick,武则天
2026012901,48251408_15_1769666603,17,1,pick,司空震
2026012901,48251408_15_1769666603,18,1,pick,夏侯惇
2026012901,48251408_15_1769666603,19,2,pick,大司命
2026012101,48251408_6_1768979407,0,1,ban,盾山
2026012101,48251408_6_1768979407,1,2,ban,空空儿
2026012101,48251408_6_1768979407,2,1,ban,海月
2026012101,48251408_6_1768979407,3,2,ban,元流之子(辅助)
2026012101,48251408_6_1768979407,4,1,pick,鲁班大师
2026012101,48251408_6_1768979407,5,2,pick,狄仁杰
2026012101,48251408_6_1768979407,6,2,pick,不知火舞
2026012101,48251408_6_1768979407,7,1,pick,元流之子(坦克)
2026012101,48251408_6_1768979407,8,1,pick,蚩奼
2026012101,48251408_6_1768979407,9,2,pick,阿古朵
2026012101,48251408_6_1768979407,10,2,ban,王昭君
2026012101,48251408_6_1768979407,11,1,ban,张飞
2026012101,48251408_6_1768979407,12,2,ban,关羽
2026012101,48251408_6_1768979407,13,1,ban,廉颇
2026012101,48251408_6_1768979407,14,2,ban,鲁班七号
2026012101,48251408_6_1768979407,15,1,ban,狂铁
2026012101,48251408_6_1768979407,16,2,pick,司空震
2026012101,48251408_6_1768979407,17,1,pick,女娲
2026012101,48251408_6_1768979407,18,1,pick,老夫子
2026012101,48251408_6_1768979407,19,2,pick,苏烈
2026011603,836780560_7_1768571754,0,1,ban,元流之子(辅助)
2026011603,836780560_7_1768571754,1,2,ban,盾山
2026011603,836780560_7_1768571754,2,1,ban,狂铁
2026011603,836780560_7_1768571754,3,2,ban,元流之子(坦克)
2026011603,836780560_7_1768571754,4,1,pick,鲁班大师
2026011603,836780560_7_1768571754,5,2,pick,狄仁杰
2026011603,836780560_7_1768571754,6,2,pick,镜
2026011603,836780560_7_1768571754,7,1,pick,裴擒虎
2026011603,836780560_7_1768571754,8,1,pick,蒙恬
2026011603,836780560_7_1768571754,9,2,pick,张飞
2026011603,836780560_7_1768571754,10,2,ban,敖隐
2026011603,836780560_7_1768571754,11,1,ban,西施
2026011603,836780560_7_1768571754,12,2,ban,艾琳
2026011603,836780560_7_1768571754,13,1,ban,关羽
2026011603,836780560_7_1768571754,14,2,ban,海月
2026011603,836780560_7_1768571754,15,1,ban,吕布
2026011603,836780560_7_1768571754,16,2,pick,蚩奼
2026011603,836780560_7_1768571754,17,1,pick,虞姬
2026011603,836780560_7_1768571754,18,1,pick,王昭君
2026011603,836780560_7_1768571754,19,2,pick,女娲
2026012901,48251408_18_1769672451,0,1,ban,盾山
2026012901,48251408_18_1769672451,1,2,ban,空空儿
2026012901,48251408_18_1769672451,2,1,ban,元流之子(辅助)
2026012901,48251408_18_1769672451,3,2,ban,鲁班大师
2026012901,48251408_18_1769672451,4,1,pick,沈梦溪
2026012901,48251408_18_1769672451,5,2,pick,狂铁
2026012901,48251408_18_1769672451,6,2,pick,敖隐
2026012901,48251408_18_1769672451,7,1,pick,杨戬
2026012901,48251408_18_1769672451,8,1,pick,朵莉亚
2026012901,48251408_18_1769672451,9,2,pick,少司缘
2026012901,48251408_18_1769672451,10,2,ban,马超
2026012901,48251408_18_1769672451,11,1,ban,海月
2026012901,48251408_18_1769672451,12,2,ban,夏洛特
2026012901,48251408_18_1769672451,13,1,ban,元流之子(坦克)
2026012901,48251408_18_1769672451,14,2,ban,曹操
2026012901,48251408_18_1769672451,15,1,ban,宫本武藏
2026012901,48251408_18_1769672451,16,2,pick,嬴政
2026012901,48251408_18_1769672451,17,1,pick,后羿
2026012901,48251408_18_1769672451,18,1,pick,蚩奼
2026012901,48251408_18_1769672451,19,2,pick,镜
2026012803,48251408_10_1769605896,0,1,ban,空空儿
2026012803,48251408_10_1769605896,1,2,ban,盾山
2026012803,48251408_10_1769605896,2,1,ban,元流之子(辅助)
2026012803,48251408_10_1769605896,3,2,ban,鲁班大师
2026012803,48251408_10_1769605896,4,1,pick,夏洛特
2026012803,48251408_10_1769605896,5,2,pick,太乙真人
2026012803,48251408_10_1769605896,6,2,pick,孙尚香
2026012803,48251408_10_1769605896,7,1,pick,裴擒虎
2026012803,48251408_10_1769605896,8,1,pick,沈梦溪
2026012803,48251408_10_1769605896,9,2,pick,西施
2026012803,48251408_10_1769605896,10,2,ban,蚩奼
2026012803,48251408_10_1769605896,11,1,ban,橘右京
2026012803,48251408_10_1769605896,12,2,ban,廉颇
2026012803,48251408_10_1769605896,13,1,ban,大司命
2026012803,48251408_10_1769605896,14,2,ban,张飞
2026012803,48251408_10_1769605896,15,1,ban,关羽
2026012803,48251408_10_1769605896,16,2,pick,夏侯惇
2026012803,48251408_10_1769605896,17,1,pick,苍
2026012803,48251408_10_1769605896,18,1,pick,赵怀真
2026012803,48251408_10_1769605896,19,2,pick,曹操
2026012901,48251408_17_1769670412,0,1,ban,空空儿
2026012901,48251408_17_1769670412,1,2,ban,盾山
2026012901,48251408_17_1769670412,2,1,ban,元流之子(辅助)
2026012901,48251408_17_1769670412,3,2,ban,鲁班大师
2026012901,48251408_17_1769670412,4,1,pick,苏烈
2026012901,48251408_17_1769670412,5,2,pick,少司缘
2026012901,48251408_17_1769670412,6,2,pick,公孙离
2026012901,48251408_17_1769670412,7,1,pick,戈娅
2026012901,48251408_17_1769670412,8,1,pick,大司命
2026012901,48251408_17_1769670412,9,2,pick,小乔
2026012901,48251408_17_1769670412,10,2,ban,海月
2026012901,48251408_17_1769670412,11,1,ban,阿古朵
2026012901,48251408_17_1769670412,12,2,ban,不知火舞
2026012901,48251408_17_1769670412,13,1,ban,关羽
2026012901,48251408_17_1769670412,14,2,ban,女娲
2026012901,48251408_17_1769670412,15,1,ban,蚩奼
2026012901,48251408_17_1769670412,16,2,pick,橘右京
2026012901,48251408_17_1769670412,17,1,pick,影
2026012901,48251408_17_1769670412,18,1,pick,西施
2026012901,48251408_17_1769670412,19,2,pick,白起
2026012902,434127376_4_1769679207,0,1,ban,狂铁
2026012902,434127376_4_1769679207,1,2,ban,沈梦溪
2026012902,434127376_4_1769679207,2,1,ban,元流之子(辅助)
2026012902,434127376_4_1769679207,3,2,ban,狄仁杰
2026012902,434127376_4_1769679207,4,1,pick,鲁班大师
2026012902,434127376_4_1769679207,5,2,pick,曹操
2026012902,434127376_4_1769679207,6,2,pick,盾山
2026012902,434127376_4_1769679207,7,1,pick,元流之子(坦克)
2026012902,434127376_4_1769679207,8,1,pick,敖隐
2026012902,434127376_4_1769679207,9,2,pick,女娲
2026012902,434127376_4_1769679207,10,2,ban,不知火舞
2026012902,434127376_4_1769679207,11,1,ban,艾琳
2026012902,434127376_4_1769679207,12,2,ban,关羽
2026012902,434127376_4_1769679207,13,1,ban,阿古朵
2026012902,434127376_4_1769679207,14,2,ban,马超
2026012902,434127376_4_1769679207,15,1,ban,蚩奼
2026012902,434127376_4_1769679207,16,2,pick,夏侯惇
2026012902,434127376_4_1769679207,17,1,pick,小乔
2026012902,434127376_4_1769679207,18,1,pick,司空震
2026012902,434127376_4_1769679207,19,2,pick,李元芳
2026012902,434127376_3_1769677550,0,1,ban,元流之子(辅助)
2026012902,434127376_3_1769677550,1,2,ban,鲁班大师
2026012902,434127376_3_1769677550,2,1,ban,空空儿
2026012902,434127376_3_1769677550,3,2,ban,盾山
2026012902,434127376_3_1769677550,4,1,pick,沈梦溪
2026012902,434127376_3_1769677550,5,2,pick,少司缘
2026012902,434127376_3_1769677550,6,2,pick,公孙离
2026012902,434127376_3_1769677550,7,1,pick,苏烈
2026012902,434127376_3_1769677550,8,1,pick,苍
2026012902,434127376_3_1769677550,9,2,pick,大司命
2026012902,434127376_3_1769677550,10,2,ban,阿古朵
2026012902,434127376_3_1769677550,11,1,ban,不知火舞
2026012902,434127376_3_1769677550,12,2,ban,橘右京
2026012902,434127376_3_1769677550,13,1,ban,吕布
2026012902,434127376_3_1769677550,14,2,ban,裴擒虎
2026012902,434127376_3_1769677550,15,1,ban,嬴政
2026012902,434127376_3_1769677550,16,2,pick,狂铁
2026012902,434127376_3_1769677550,17,1,pick,夏洛特
2026012902,434127376_3_1769677550,18,1,pick,梦奇
2026012902,434127376_3_1769677550,19,2,pick,安琪拉
2026012903,48251408_20_1769690173,0,1,ban,元流之子(辅助)
2026012903,48251408_20_1769690173,1,2,ban,空空儿
2026012903,48251408_20_1769690173,2,1,ban,苏烈
2026012903,48251408_20_1769690173,3,2,ban,盾山
2026012903,48251408_20_1769690173,4,1,pick,鲁班大师
2026012903,48251408_20_1769690173,5,2,pick,沈梦溪
2026012903,48251408_20_1769690173,6,2,pick,敖隐
2026012903,48251408_20_1769690173,7,1,pick,不知火舞
2026012903,48251408_20_1769690173,8,1,pick,蚩奼
2026012903,48251408_20_1769690173,9,2,pick,狂铁
2026012903,48251408_20_1769690173,10,2,ban,鲁班七号
2026012903,48251408_20_1769690173,11,1,ban,裴擒虎
2026012903,48251408_20_1769690173,12,2,ban,马超
2026012903,48251408_20_1769690173,13,1,ban,大司命
2026012903,48251408_20_1769690173,14,2,ban,关羽
2026012903,48251408_20_1769690173,15,1,ban,元流之子(坦克)
2026012903,48251408_20_1769690173,16,2,pick,阿古朵
2026012903,48251408_20_1769690173,17,1,pick,橘右京
2026012903,48251408_20_1769690173,18,1,pick,吕布
2026012903,48251408_20_1769690173,19,2,pick,墨子
2026012902,434127376_5_1769681225,0,1,ban,沈梦溪
2026012902,434127376_5_1769681225,1,2,ban,鲁班大师
2026012902,434127376_5_1769681225,2,1,ban,盾山
2026012902,434127376_5_1769681225,3,2,ban,空空儿
2026012902,434127376_5_1769681225,4,1,pick,少司缘
2026012902,434127376_5_1769681225,5,2,pick,苏烈
2026012902,434127376_5_1769681225,6,2,pick,蚩奼
2026012902,434127376_5_1769681225,7,1,pick,敖隐
2026012902,434127376_5_1769681225,8,1,pick,狂铁
2026012902,434127376_5_1769681225,9,2,pick,女娲
2026012902,434127376_5_1769681225,10,2,ban,不知火舞
2026012902,434127376_5_1769681225,11,1,ban,夏洛特
2026012902,434127376_5_1769681225,12,2,ban,嬴政
2026012902,434127376_5_1769681225,13,1,ban,裴擒虎
2026012902,434127376_5_1769681225,14,2,ban,大司命
2026012902,434127376_5_1769681225,15,1,ban,铠
2026012902,434127376_5_1769681225,16,2,pick,橘右京
2026012902,434127376_5_1769681225,17,1,pick,镜
2026012902,434127376_5_1769681225,18,1,pick,武则天
2026012902,434127376_5_1769681225,19,2,pick,影
2026012302,48251408_30_1769158852,0,1,ban,元流之子(辅助)
2026012302,48251408_30_1769158852,1,2,ban,盾山
2026012302,48251408_30_1769158852,2,1,ban,狂铁
2026012302,48251408_30_1769158852,3,2,ban,空空儿
2026012302,48251408_30_1769158852,4,1,pick,鲁班大师
2026012302,48251408_30_1769158852,5,2,pick,狄仁杰
2026012302,48251408_30_1769158852,6,2,pick,沈梦溪
2026012302,48251408_30_1769158852,7,1,pick,不知火舞
2026012302,48251408_30_1769158852,8,1,pick,蚩奼
2026012302,48251408_30_1769158852,9,2,pick,张飞
2026012302,48251408_30_1769158852,10,2,ban,鲁班七号
2026012302,48251408_30_1769158852,11,1,ban,大司命
2026012302,48251408_30_1769158852,12,2,ban,关羽
2026012302,48251408_30_1769158852,13,1,ban,阿古朵
2026012302,48251408_30_1769158852,14,2,ban,司空震
2026012302,48251408_30_1769158852,15,1,ban,蒙恬
2026012302,48251408_30_1769158852,16,2,pick,元流之子(坦克)
2026012302,48251408_30_1769158852,17,1,pick,橘右京
2026012302,48251408_30_1769158852,18,1,pick,夏洛特
2026012302,48251408_30_1769158852,19,2,pick,曹操
2026012302,48251408_32_1769163284,0,1,ban,鲁班大师
2026012302,48251408_32_1769163284,1,2,ban,沈梦溪
2026012302,48251408_32_1769163284,2,1,ban,盾山
2026012302,48251408_32_1769163284,3,2,ban,杨戬
2026012302,48251408_32_1769163284,4,1,pick,公孙离
2026012302,48251408_32_1769163284,5,2,pick,狂铁
2026012302,48251408_32_1769163284,6,2,pick,戈娅
2026012302,48251408_32_1769163284,7,1,pick,影
2026012302,48251408_32_1769163284,8,1,pick,苏烈
2026012302,48251408_32_1769163284,9,2,pick,小乔
2026012302,48251408_32_1769163284,10,2,ban,女娲
2026012302,48251408_32_1769163284,11,1,ban,暃
2026012302,48251408_32_1769163284,12,2,ban,哪吒
2026012302,48251408_32_1769163284,13,1,ban,少司缘
2026012302,48251408_32_1769163284,14,2,ban,阿古朵
2026012302,48251408_32_1769163284,15,1,ban,空空儿
2026012302,48251408_32_1769163284,16,2,pick,太乙真人
2026012302,48251408_32_1769163284,17,1,pick,大司命
2026012302,48251408_32_1769163284,18,1,pick,甄姬
2026012302,48251408_32_1769163284,19,2,pick,橘右京
2026012503,501236240_2_1769342683,0,1,ban,关羽
2026012503,501236240_2_1769342683,1,2,ban,空空儿
2026012503,501236240_2_1769342683,2,1,ban,鲁班大师
2026012503,501236240_2_1769342683,3,2,ban,沈梦溪
2026012503,501236240_2_1769342683,4,1,pick,盾山
2026012503,501236240_2_1769342683,5,2,pick,孙尚香
2026012503,501236240_2_1769342683,6,2,pick,太乙真人
2026012503,501236240_2_1769342683,7,1,pick,狂铁
2026012503,501236240_2_1769342683,8,1,pick,艾琳
2026012503,501236240_2_1769342683,9,2,pick,西施
2026012503,501236240_2_1769342683,10,2,ban,嬴政
2026012503,501236240_2_1769342683,11,1,ban,宫本武藏
2026012503,501236240_2_1769342683,12,2,ban,不知火舞
2026012503,501236240_2_1769342683,13,1,ban,镜
2026012503,501236240_2_1769342683,14,2,ban,海月
2026012503,501236240_2_1769342683,15,1,ban,夏洛特
2026012503,501236240_2_1769342683,16,2,pick,曹操
2026012503,501236240_2_1769342683,17,1,pick,哪吒
2026012503,501236240_2_1769342683,18,1,pick,女娲
2026012503,501236240_2_1769342683,19,2,pick,裴擒虎
2026012302,48251408_34_1769166775,0,1,ban,盾山
2026012302,48251408_34_1769166775,1,2,ban,狂铁
2026012302,48251408_34_1769166775,2,1,ban,鲁班大师
2026012302,48251408_34_1769166775,3,2,ban,杨戬
2026012302,48251408_34_1769166775,4,1,pick,空空儿
2026012302,48251408_34_1769166775,5,2,pick,廉颇
2026012302,48251408_34_1769166775,6,2,pick,公孙离
2026012302,48251408_34_1769166775,7,1,pick,艾琳
2026012302,48251408_34_1769166775,8,1,pick,女娲
2026012302,48251408_34_1769166775,9,2,pick,关羽
2026012302,48251408_34_1769166775,10,2,ban,马超
2026012302,48251408_34_1769166775,11,1,ban,镜
2026012302,48251408_34_1769166775,12,2,ban,元流之子(坦克)
2026012302,48251408_34_1769166775,13,1,ban,哪吒
2026012302,48251408_34_1769166775,14,2,ban,夏侯惇
2026012302,48251408_34_1769166775,15,1,ban,宫本武藏
2026012302,48251408_34_1769166775,16,2,pick,暃
2026012302,48251408_34_1769166775,17,1,pick,老夫子
2026012302,48251408_34_1769166775,18,1,pick,铠
2026012302,48251408_34_1769166775,19,2,pick,海诺
2026012503,501236240_3_1769344768,0,1,ban,苏烈
2026012503,501236240_3_1769344768,1,2,ban,盾山
2026012503,501236240_3_1769344768,2,1,ban,元流之子(辅助)
2026012503,501236240_3_1769344768,3,2,ban,鲁班大师
2026012503,501236240_3_1769344768,4,1,pick,公孙离
2026012503,501236240_3_1769344768,5,2,pick,空空儿
2026012503,501236240_3_1769344768,6,2,pick,戈娅
2026012503,501236240_3_1769344768,7,1,pick,沈梦溪
2026012503,501236240_3_1769344768,8,1,pick,狂铁
2026012503,501236240_3_1769344768,9,2,pick,小乔
2026012503,501236240_3_1769344768,10,2,ban,张飞
2026012503,501236240_3_1769344768,11,1,ban,曹操
2026012503,501236240_3_1769344768,12,2,ban,哪吒
2026012503,501236240_3_1769344768,13,1,ban,橘右京
2026012503,501236240_3_1769344768,14,2,ban,杨戬
2026012503,501236240_3_1769344768,15,1,ban,暃
2026012503,501236240_3_1769344768,16,2,pick,影
2026012503,501236240_3_1769344768,17,1,pick,廉颇
2026012503,501236240_3_1769344768,18,1,pick,镜
2026012503,501236240_3_1769344768,19,2,pick,大司命
2026012503,501236240_4_1769346862,0,1,ban,盾山
2026012503,501236240_4_1769346862,1,2,ban,沈梦溪
2026012503,501236240_4_1769346862,2,1,ban,空空儿
2026012503,501236240_4_1769346862,3,2,ban,关羽
2026012503,501236240_4_1769346862,4,1,pick,敖隐
2026012503,501236240_4_1769346862,5,2,pick,马超
2026012503,501236240_4_1769346862,6,2,pick,元流之子(辅助)
2026012503,501236240_4_1769346862,7,1,pick,镜
2026012503,501236240_4_1769346862,8,1,pick,蚩奼
2026012503,501236240_4_1769346862,9,2,pick,虞姬
2026012503,501236240_4_1769346862,10,2,ban,苏烈
2026012503,501236240_4_1769346862,11,1,ban,海月
2026012503,501236240_4_1769346862,12,2,ban,嬴政
2026012503,501236240_4_1769346862,13,1,ban,金蝉
2026012503,501236240_4_1769346862,14,2,ban,不知火舞
2026012503,501236240_4_1769346862,15,1,ban,武则天
2026012503,501236240_4_1769346862,16,2,pick,大司命
2026012503,501236240_4_1769346862,17,1,pick,张良
2026012503,501236240_4_1769346862,18,1,pick,王昭君
2026012503,501236240_4_1769346862,19,2,pick,女娲
2026012302,48251408_33_1769165057,0,1,ban,狂铁
2026012302,48251408_33_1769165057,1,2,ban,盾山
2026012302,48251408_33_1769165057,2,1,ban,女娲
2026012302,48251408_33_1769165057,3,2,ban,空空儿
2026012302,48251408_33_1769165057,4,1,pick,海月
2026012302,48251408_33_1769165057,5,2,pick,裴擒虎
2026012302,48251408_33_1769165057,6,2,pick,沈梦溪
2026012302,48251408_33_1769165057,7,1,pick,夏洛特
2026012302,48251408_33_1769165057,8,1,pick,孙尚香
2026012302,48251408_33_1769165057,9,2,pick,戈娅
2026012302,48251408_33_1769165057,10,2,ban,宫本武藏
2026012302,48251408_33_1769165057,11,1,ban,张飞
2026012302,48251408_33_1769165057,12,2,ban,云缨
2026012302,48251408_33_1769165057,13,1,ban,蒙恬
2026012302,48251408_33_1769165057,14,2,ban,镜
2026012302,48251408_33_1769165057,15,1,ban,墨子
2026012302,48251408_33_1769165057,16,2,pick,太乙真人
2026012302,48251408_33_1769165057,17,1,pick,夏侯惇
2026012302,48251408_33_1769165057,18,1,pick,少司缘
2026012302,48251408_33_1769165057,19,2,pick,曹操
2026012503,501236240_6_1769350783,0,1,ban,空空儿
2026012503,501236240_6_1769350783,1,2,ban,鲁班大师
2026012503,501236240_6_1769350783,2,1,ban,盾山
2026012503,501236240_6_1769350783,3,2,ban,沈梦溪
2026012503,501236240_6_1769350783,4,1,pick,太乙真人
2026012503,501236240_6_1769350783,5,2,pick,戈娅
2026012503,501236240_6_1769350783,6,2,pick,少司缘
2026012503,501236240_6_1769350783,7,1,pick,夏洛特
2026012503,501236240_6_1769350783,8,1,pick,孙尚香
2026012503,501236240_6_1769350783,9,2,pick,司空震
2026012503,501236240_6_1769350783,10,2,ban,西施
2026012503,501236240_6_1769350783,11,1,ban,海月
2026012503,501236240_6_1769350783,12,2,ban,宫本武藏
2026012503,501236240_6_1769350783,13,1,ban,铠
2026012503,501236240_6_1769350783,14,2,ban,阿古朵
2026012503,501236240_6_1769350783,15,1,ban,不知火舞
2026012503,501236240_6_1769350783,16,2,pick,小乔
2026012503,501236240_6_1769350783,17,1,pick,嬴政
2026012503,501236240_6_1769350783,18,1,pick,杨戬
2026012503,501236240_6_1769350783,19,2,pick,夏侯惇
2026013101,48251408_23_1769839298,0,1,ban,海月
2026013101,48251408_23_1769839298,1,2,ban,鲁班大师
2026013101,48251408_23_1769839298,2,1,ban,杨戬
2026013101,48251408_23_1769839298,3,2,ban,盾山
2026013101,48251408_23_1769839298,4,1,pick,空空儿
2026013101,48251408_23_1769839298,5,2,pick,狂铁
2026013101,48251408_23_1769839298,6,2,pick,公孙离
2026013101,48251408_23_1769839298,7,1,pick,小乔
2026013101,48251408_23_1769839298,8,1,pick,戈娅
2026013101,48251408_23_1769839298,9,2,pick,沈梦溪
2026013101,48251408_23_1769839298,10,2,ban,关羽
2026013101,48251408_23_1769839298,11,1,ban,镜
2026013101,48251408_23_1769839298,12,2,ban,阿古朵
2026013101,48251408_23_1769839298,13,1,ban,哪吒
2026013101,48251408_23_1769839298,14,2,ban,橘右京
2026013101,48251408_23_1769839298,15,1,ban,大司命
2026013101,48251408_23_1769839298,16,2,pick,张飞
2026013101,48251408_23_1769839298,17,1,pick,影
2026013101,48251408_23_1769839298,18,1,pick,夏侯惇
2026013101,48251408_23_1769839298,19,2,pick,云缨
2026013101,48251408_24_1769841115,0,1,ban,空空儿
2026013101,48251408_24_1769841115,1,2,ban,沈梦溪
2026013101,48251408_24_1769841115,2,1,ban,元流之子(辅助)
2026013101,48251408_24_1769841115,3,2,ban,狂铁
2026013101,48251408_24_1769841115,4,1,pick,敖隐
2026013101,48251408_24_1769841115,5,2,pick,盾山
2026013101,48251408_24_1769841115,6,2,pick,女娲
2026013101,48251408_24_1769841115,7,1,pick,关羽
2026013101,48251408_24_1769841115,8,1,pick,鲁班大师
2026013101,48251408_24_1769841115,9,2,pick,狄仁杰
2026013101,48251408_24_1769841115,10,2,ban,镜
2026013101,48251408_24_1769841115,11,1,ban,夏洛特
2026013101,48251408_24_1769841115,12,2,ban,不知火舞
2026013101,48251408_24_1769841115,13,1,ban,蒙恬
2026013101,48251408_24_1769841115,14,2,ban,哪吒
2026013101,48251408_24_1769841115,15,1,ban,蚩奼
2026013101,48251408_24_1769841115,16,2,pick,达摩
2026013101,48251408_24_1769841115,17,1,pick,云缨
2026013101,48251408_24_1769841115,18,1,pick,王昭君
2026013101,48251408_24_1769841115,19,2,pick,夏侯惇
2026012503,501236240_5_1769349150,0,1,ban,空空儿
2026012503,501236240_5_1769349150,1,2,ban,鲁班大师
2026012503,501236240_5_1769349150,2,1,ban,盾山
2026012503,501236240_5_1769349150,3,2,ban,沈梦溪
2026012503,501236240_5_1769349150,4,1,pick,海月
2026012503,501236240_5_1769349150,5,2,pick,夏洛特
2026012503,501236240_5_1769349150,6,2,pick,苏烈
2026012503,501236240_5_1769349150,7,1,pick,元流之子(坦克)
2026012503,501236240_5_1769349150,8,1,pick,司空震
2026012503,501236240_5_1769349150,9,2,pick,阿古朵
2026012503,501236240_5_1769349150,10,2,ban,少司缘
2026012503,501236240_5_1769349150,11,1,ban,伽罗
2026012503,501236240_5_1769349150,12,2,ban,张飞
2026012503,501236240_5_1769349150,13,1,ban,敖隐
2026012503,501236240_5_1769349150,14,2,ban,太乙真人
2026012503,501236240_5_1769349150,15,1,ban,艾琳
2026012503,501236240_5_1769349150,16,2,pick,苍
2026012503,501236240_5_1769349150,17,1,pick,廉颇
2026012503,501236240_5_1769349150,18,1,pick,孙权
2026012503,501236240_5_1769349150,19,2,pick,嬴政
2026013101,48251408_25_1769842829,0,1,ban,空空儿
2026013101,48251408_25_1769842829,1,2,ban,盾山
2026013101,48251408_25_1769842829,2,1,ban,鲁班大师
2026013101,48251408_25_1769842829,3,2,ban,沈梦溪
2026013101,48251408_25_1769842829,4,1,pick,苏烈
2026013101,48251408_25_1769842829,5,2,pick,少司缘
2026013101,48251408_25_1769842829,6,2,pick,戈娅
2026013101,48251408_25_1769842829,7,1,pick,蚩奼
2026013101,48251408_25_1769842829,8,1,pick,女娲
2026013101,48251408_25_1769842829,9,2,pick,大司命
2026013101,48251408_25_1769842829,10,2,ban,阿古朵
2026013101,48251408_25_1769842829,11,1,ban,不知火舞
2026013101,48251408_25_1769842829,12,2,ban,橘右京
2026013101,48251408_25_1769842829,13,1,ban,嬴政
2026013101,48251408_25_1769842829,14,2,ban,哪吒
2026013101,48251408_25_1769842829,15,1,ban,小乔
2026013101,48251408_25_1769842829,16,2,pick,西施
2026013101,48251408_25_1769842829,17,1,pick,夏洛特
2026013101,48251408_25_1769842829,18,1,pick,镜
2026013101,48251408_25_1769842829,19,2,pick,曹操
2026013103,48251408_28_1769864442,0,1,ban,元流之子(辅助)
2026013103,48251408_28_1769864442,1,2,ban,鲁班大师
2026013103,48251408_28_1769864442,2,1,ban,关羽
2026013103,48251408_28_1769864442,3,2,ban,空空儿
2026013103,48251408_28_1769864442,4,1,pick,太乙真人
2026013103,48251408_28_1769864442,5,2,pick,蚩奼
2026013103,48251408_28_1769864442,6,2,pick,苏烈
2026013103,48251408_28_1769864442,7,1,pick,西施
2026013103,48251408_28_1769864442,8,1,pick,孙尚香
2026013103,48251408_28_1769864442,9,2,pick,阿古朵
2026013103,48251408_28_1769864442,10,2,ban,元流之子(坦克)
2026013103,48251408_28_1769864442,11,1,ban,不知火舞
2026013103,48251408_28_1769864442,12,2,ban,哪吒
2026013103,48251408_28_1769864442,13,1,ban,曹操
2026013103,48251408_28_1769864442,14,2,ban,宫本武藏
2026013103,48251408_28_1769864442,15,1,ban,夏洛特
2026013103,48251408_28_1769864442,16,2,pick,女娲
2026013103,48251408_28_1769864442,17,1,pick,白起
2026013103,48251408_28_1769864442,18,1,pick,镜
2026013103,48251408_28_1769864442,19,2,pick,芈月
2026012502,836780560_9_1769331766,0,1,ban,苏烈
2026012502,836780560_9_1769331766,1,2,ban,橘右京
2026012502,836780560_9_1769331766,2,1,ban,狄仁杰
2026012502,836780560_9_1769331766,3,2,ban,鲁班大师
2026012502,836780560_9_1769331766,4,1,pick,空空儿
2026012502,836780560_9_1769331766,5,2,pick,公孙离
2026012502,836780560_9_1769331766,6,2,pick,张飞
2026012502,836780560_9_1769331766,7,1,pick,小乔
2026012502,836780560_9_1769331766,8,1,pick,戈娅
2026012502,836780560_9_1769331766,9,2,pick,沈梦溪
2026012502,836780560_9_1769331766,10,2,ban,裴擒虎
2026012502,836780560_9_1769331766,11,1,ban,镜
2026012502,836780560_9_1769331766,12,2,ban,大司命
2026012502,836780560_9_1769331766,13,1,ban,哪吒
2026012502,836780560_9_1769331766,14,2,ban,吕布
2026012502,836780560_9_1769331766,15,1,ban,狂铁
2026012502,836780560_9_1769331766,16,2,pick,夏洛特
2026012502,836780560_9_1769331766,17,1,pick,曹操
2026012502,836780560_9_1769331766,18,1,pick,夏侯惇
2026012502,836780560_9_1769331766,19,2,pick,暃
2026013103,48251408_27_1769862761,0,1,ban,敖隐
2026013103,48251408_27_1769862761,1,2,ban,空空儿
2026013103,48251408_27_1769862761,2,1,ban,狄仁杰
2026013103,48251408_27_1769862761,3,2,ban,鲁班大师
2026013103,48251408_27_1769862761,4,1,pick,蚩奼
2026013103,48251408_27_1769862761,5,2,pick,盾山
2026013103,48251408_27_1769862761,6,2,pick,沈梦溪
2026013103,48251408_27_1769862761,7,1,pick,苏烈
2026013103,48251408_27_1769862761,8,1,pick,小乔
2026013103,48251408_27_1769862761,9,2,pick,司空震
2026013103,48251408_27_1769862761,10,2,ban,橘右京
2026013103,48251408_27_1769862761,11,1,ban,元流之子(坦克)
2026013103,48251408_27_1769862761,12,2,ban,关羽
2026013103,48251408_27_1769862761,13,1,ban,孙尚香
2026013103,48251408_27_1769862761,14,2,ban,白起
2026013103,48251408_27_1769862761,15,1,ban,大司命
2026013103,48251408_27_1769862761,16,2,pick,哪吒
2026013103,48251408_27_1769862761,17,1,pick,裴擒虎
2026013103,48251408_27_1769862761,18,1,pick,老夫子
2026013103,48251408_27_1769862761,19,2,pick,孙权
2026011802,836780560_14_1768732961,0,1,ban,鲁班大师
2026011802,836780560_14_1768732961,1,2,ban,沈梦溪
2026011802,836780560_14_1768732961,2,1,ban,空空儿
2026011802,836780560_14_1768732961,3,2,ban,盾山
2026011802,836780560_14_1768732961,4,1,pick,苏烈
2026011802,836780560_14_1768732961,5,2,pick,苍
2026011802,836780560_14_1768732961,6,2,pick,太乙真人
2026011802,836780560_14_1768732961,7,1,pick,海月
2026011802,836780560_14_1768732961,8,1,pick,关羽
2026011802,836780560_14_1768732961,9,2,pick,大司命
2026011802,836780560_14_1768732961,10,2,ban,阿古朵
2026011802,836780560_14_1768732961,11,1,ban,西施
2026011802,836780560_14_1768732961,12,2,ban,镜
2026011802,836780560_14_1768732961,13,1,ban,女娲
2026011802,836780560_14_1768732961,14,2,ban,宫本武藏
2026011802,836780560_14_1768732961,15,1,ban,马超
2026011802,836780560_14_1768732961,16,2,pick,嫦娥
2026011802,836780560_14_1768732961,17,1,pick,公孙离
2026011802,836780560_14_1768732961,18,1,pick,云缨
2026011802,836780560_14_1768732961,19,2,pick,达摩
2026012501,48251408_54_1769323169,0,1,ban,鲁班大师
2026012501,48251408_54_1769323169,1,2,ban,空空儿
2026012501,48251408_54_1769323169,2,1,ban,太乙真人
2026012501,48251408_54_1769323169,3,2,ban,敖隐
2026012501,48251408_54_1769323169,4,1,pick,蚩奼
2026012501,48251408_54_1769323169,5,2,pick,司空震
2026012501,48251408_54_1769323169,6,2,pick,苏烈
2026012501,48251408_54_1769323169,7,1,pick,盾山
2026012501,48251408_54_1769323169,8,1,pick,沈梦溪
2026012501,48251408_54_1769323169,9,2,pick,不知火舞
2026012501,48251408_54_1769323169,10,2,ban,老夫子
2026012501,48251408_54_1769323169,11,1,ban,公孙离
2026012501,48251408_54_1769323169,12,2,ban,阿古朵
2026012501,48251408_54_1769323169,13,1,ban,大司命
2026012501,48251408_54_1769323169,14,2,ban,元流之子(坦克)
2026012501,48251408_54_1769323169,15,1,ban,夏侯惇
2026012501,48251408_54_1769323169,16,2,pick,云缨
2026012501,48251408_54_1769323169,17,1,pick,曹操
2026012501,48251408_54_1769323169,18,1,pick,铠
2026012501,48251408_54_1769323169,19,2,pick,马超
2026011802,836780560_13_1768731158,0,1,ban,沈梦溪
2026011802,836780560_13_1768731158,1,2,ban,空空儿
2026011802,836780560_13_1768731158,2,1,ban,苏烈
2026011802,836780560_13_1768731158,3,2,ban,盾山
2026011802,836780560_13_1768731158,4,1,pick,曹操
2026011802,836780560_13_1768731158,5,2,pick,夏洛特
2026011802,836780560_13_1768731158,6,2,pick,女娲
2026011802,836780560_13_1768731158,7,1,pick,戈娅
2026011802,836780560_13_1768731158,8,1,pick,少司缘
2026011802,836780560_13_1768731158,9,2,pick,苍
2026011802,836780560_13_1768731158,10,2,ban,暃
2026011802,836780560_13_1768731158,11,1,ban,哪吒
2026011802,836780560_13_1768731158,12,2,ban,宫本武藏
2026011802,836780560_13_1768731158,13,1,ban,朵莉亚
2026011802,836780560_13_1768731158,14,2,ban,大司命
2026011802,836780560_13_1768731158,15,1,ban,裴擒虎
2026011802,836780560_13_1768731158,16,2,pick,太乙真人
2026011802,836780560_13_1768731158,17,1,pick,小乔
2026011802,836780560_13_1768731158,18,1,pick,元流之子(坦克)
2026011802,836780560_13_1768731158,19,2,pick,夏侯惇
2026011802,836780560_15_1768735131,0,1,ban,沈梦溪
2026011802,836780560_15_1768735131,1,2,ban,盾山
2026011802,836780560_15_1768735131,2,1,ban,镜
2026011802,836780560_15_1768735131,3,2,ban,空空儿
2026011802,836780560_15_1768735131,4,1,pick,女娲
2026011802,836780560_15_1768735131,5,2,pick,蒙恬
2026011802,836780560_15_1768735131,6,2,pick,蚩奼
2026011802,836780560_15_1768735131,7,1,pick,敖隐
2026011802,836780560_15_1768735131,8,1,pick,苏烈
2026011802,836780560_15_1768735131,9,2,pick,大司命
2026011802,836780560_15_1768735131,10,2,ban,阿古朵
2026011802,836780560_15_1768735131,11,1,ban,不知火舞
2026011802,836780560_15_1768735131,12,2,ban,宫本武藏
2026011802,836780560_15_1768735131,13,1,ban,少司缘
2026011802,836780560_15_1768735131,14,2,ban,司空震
2026011802,836780560_15_1768735131,15,1,ban,张良
2026011802,836780560_15_1768735131,16,2,pick,嬴政
2026011802,836780560_15_1768735131,17,1,pick,马超
2026011802,836780560_15_1768735131,18,1,pick,橘右京
2026011802,836780560_15_1768735131,19,2,pick,张飞
2026011802,836780560_11_1768727340,0,1,ban,元流之子(辅助)
2026011802,836780560_11_1768727340,1,2,ban,盾山
2026011802,836780560_11_1768727340,2,1,ban,苏烈
2026011802,836780560_11_1768727340,3,2,ban,橘右京
2026011802,836780560_11_1768727340,4,1,pick,鲁班大师
2026011802,836780560_11_1768727340,5,2,pick,裴擒虎
2026011802,836780560_11_1768727340,6,2,pick,狄仁杰
2026011802,836780560_11_1768727340,7,1,pick,敖隐
2026011802,836780560_11_1768727340,8,1,pick,元流之子(坦克)
2026011802,836780560_11_1768727340,9,2,pick,张飞
2026011802,836780560_11_1768727340,10,2,ban,嬴政
2026011802,836780560_11_1768727340,11,1,ban,狂铁
2026011802,836780560_11_1768727340,12,2,ban,关羽
2026011802,836780560_11_1768727340,13,1,ban,蒙恬
2026011802,836780560_11_1768727340,14,2,ban,不知火舞
2026011802,836780560_11_1768727340,15,1,ban,马超
2026011802,836780560_11_1768727340,16,2,pick,沈梦溪
2026011802,836780560_11_1768727340,17,1,pick,曹操
2026011802,836780560_11_1768727340,18,1,pick,嫦娥
2026011802,836780560_11_1768727340,19,2,pick,夏洛特
2026011402,48251408_38_1768388487,0,1,ban,苏烈
2026011402,48251408_38_1768388487,1,2,ban,盾山
2026011402,48251408_38_1768388487,2,1,ban,张良
2026011402,48251408_38_1768388487,3,2,ban,鲁班大师
2026011402,48251408_38_1768388487,4,1,pick,少司缘
2026011402,48251408_38_1768388487,5,2,pick,太乙真人
2026011402,48251408_38_1768388487,6,2,pick,孙尚香
2026011402,48251408_38_1768388487,7,1,pick,西施
2026011402,48251408_38_1768388487,8,1,pick,戈娅
2026011402,48251408_38_1768388487,9,2,pick,沈梦溪
2026011402,48251408_38_1768388487,10,2,ban,曹操
2026011402,48251408_38_1768388487,11,1,ban,镜
2026011402,48251408_38_1768388487,12,2,ban,马超
2026011402,48251408_38_1768388487,13,1,ban,司空震
2026011402,48251408_38_1768388487,14,2,ban,关羽
2026011402,48251408_38_1768388487,15,1,ban,夏洛特
2026011402,48251408_38_1768388487,16,2,pick,蒙恬
2026011402,48251408_38_1768388487,17,1,pick,影
2026011402,48251408_38_1768388487,18,1,pick,猪八戒
2026011402,48251408_38_1768388487,19,2,pick,娜可露露
2026013103,48251408_26_1769860863,0,1,ban,元流之子(辅助)
2026013103,48251408_26_1769860863,1,2,ban,鲁班大师
2026013103,48251408_26_1769860863,2,1,ban,苏烈
2026013103,48251408_26_1769860863,3,2,ban,盾山
2026013103,48251408_26_1769860863,4,1,pick,空空儿
2026013103,48251408_26_1769860863,5,2,pick,狂铁
2026013103,48251408_26_1769860863,6,2,pick,沈梦溪
2026013103,48251408_26_1769860863,7,1,pick,吕布
2026013103,48251408_26_1769860863,8,1,pick,橘右京
2026013103,48251408_26_1769860863,9,2,pick,敖隐
2026013103,48251408_26_1769860863,10,2,ban,不知火舞
2026013103,48251408_26_1769860863,11,1,ban,镜
2026013103,48251408_26_1769860863,12,2,ban,小乔
2026013103,48251408_26_1769860863,13,1,ban,云缨
2026013103,48251408_26_1769860863,14,2,ban,海月
2026013103,48251408_26_1769860863,15,1,ban,哪吒
2026013103,48251408_26_1769860863,16,2,pick,暃
2026013103,48251408_26_1769860863,17,1,pick,艾琳
2026013103,48251408_26_1769860863,18,1,pick,杨玉环
2026013103,48251408_26_1769860863,19,2,pick,刘邦
2026013001,836780560_2_1769752856,0,1,ban,狄仁杰
2026013001,836780560_2_1769752856,1,2,ban,盾山
2026013001,836780560_2_1769752856,2,1,ban,海月
2026013001,836780560_2_1769752856,3,2,ban,空空儿
2026013001,836780560_2_1769752856,4,1,pick,鲁班大师
2026013001,836780560_2_1769752856,5,2,pick,元流之子(辅助)
2026013001,836780560_2_1769752856,6,2,pick,敖隐
2026013001,836780560_2_1769752856,7,1,pick,杨戬
2026013001,836780560_2_1769752856,8,1,pick,蚩奼
2026013001,836780560_2_1769752856,9,2,pick,司空震
2026013001,836780560_2_1769752856,10,2,ban,王昭君
2026013001,836780560_2_1769752856,11,1,ban,大司命
2026013001,836780560_2_1769752856,12,2,ban,小乔
2026013001,836780560_2_1769752856,13,1,ban,宫本武藏
2026013001,836780560_2_1769752856,14,2,ban,狂铁
2026013001,836780560_2_1769752856,15,1,ban,阿古朵
2026013001,836780560_2_1769752856,16,2,pick,夏侯惇
2026013001,836780560_2_1769752856,17,1,pick,扁鹊
2026013001,836780560_2_1769752856,18,1,pick,安琪拉
2026013001,836780560_2_1769752856,19,2,pick,甄姬
2026013001,836780560_6_1769760582,0,1,ban,空空儿
2026013001,836780560_6_1769760582,1,2,ban,狂铁
2026013001,836780560_6_1769760582,2,1,ban,蚩奼
2026013001,836780560_6_1769760582,3,2,ban,盾山
2026013001,836780560_6_1769760582,4,1,pick,曹操
2026013001,836780560_6_1769760582,5,2,pick,影
2026013001,836780560_6_1769760582,6,2,pick,杨戬
2026013001,836780560_6_1769760582,7,1,pick,海月
2026013001,836780560_6_1769760582,8,1,pick,公孙离
2026013001,836780560_6_1769760582,9,2,pick,鲁班大师
2026013001,836780560_6_1769760582,10,2,ban,镜
2026013001,836780560_6_1769760582,11,1,ban,鲁班七号
2026013001,836780560_6_1769760582,12,2,ban,元流之子(坦克)
2026013001,836780560_6_1769760582,13,1,ban,后羿
2026013001,836780560_6_1769760582,14,2,ban,元流之子(辅助)
2026013001,836780560_6_1769760582,15,1,ban,狄仁杰
2026013001,836780560_6_1769760582,16,2,pick,小乔
2026013001,836780560_6_1769760582,17,1,pick,张飞
2026013001,836780560_6_1769760582,18,1,pick,云缨
2026013001,836780560_6_1769760582,19,2,pick,虞姬
2026012901,48251408_16_1769668504,0,1,ban,元流之子(辅助)
2026012901,48251408_16_1769668504,1,2,ban,空空儿
2026012901,48251408_16_1769668504,2,1,ban,海月
2026012901,48251408_16_1769668504,3,2,ban,沈梦溪
2026012901,48251408_16_1769668504,4,1,pick,盾山
2026012901,48251408_16_1769668504,5,2,pick,曹操
2026012901,48251408_16_1769668504,6,2,pick,孙尚香
2026012901,48251408_16_1769668504,7,1,pick,司空震
2026012901,48251408_16_1769668504,8,1,pick,艾琳
2026012901,48251408_16_1769668504,9,2,pick,太乙真人
2026012901,48251408_16_1769668504,10,2,ban,不知火舞
2026012901,48251408_16_1769668504,11,1,ban,西施
2026012901,48251408_16_1769668504,12,2,ban,女娲
2026012901,48251408_16_1769668504,13,1,ban,元流之子(坦克)
2026012901,48251408_16_1769668504,14,2,ban,裴擒虎
2026012901,48251408_16_1769668504,15,1,ban,宫本武藏
2026012901,48251408_16_1769668504,16,2,pick,小乔
2026012901,48251408_16_1769668504,17,1,pick,嬴政
2026012901,48251408_16_1769668504,18,1,pick,夏侯惇
2026012901,48251408_16_1769668504,19,2,pick,橘右京
2026020103,501236240_13_1769950811,0,1,ban,盾山
2026020103,501236240_13_1769950811,1,2,ban,小乔
2026020103,501236240_13_1769950811,2,1,ban,狄仁杰
2026020103,501236240_13_1769950811,3,2,ban,鲁班大师
2026020103,501236240_13_1769950811,4,1,pick,空空儿
2026020103,501236240_13_1769950811,5,2,pick,公孙离
2026020103,501236240_13_1769950811,6,2,pick,狂铁
2026020103,501236240_13_1769950811,7,1,pick,戈娅
2026020103,501236240_13_1769950811,8,1,pick,橘右京
2026020103,501236240_13_1769950811,9,2,pick,张飞
2026020103,501236240_13_1769950811,10,2,ban,沈梦溪
2026020103,501236240_13_1769950811,11,1,ban,海诺
2026020103,501236240_13_1769950811,12,2,ban,夏洛特
2026020103,501236240_13_1769950811,13,1,ban,宫本武藏
2026020103,501236240_13_1769950811,14,2,ban,吕布
2026020103,501236240_13_1769950811,15,1,ban,哪吒
2026020103,501236240_13_1769950811,16,2,pick,暃
2026020103,501236240_13_1769950811,17,1,pick,达摩
2026020103,501236240_13_1769950811,18,1,pick,不知火舞
2026020103,501236240_13_1769950811,19,2,pick,武则天
2026011802,836780560_12_1768729265,0,1,ban,鲁班大师
2026011802,836780560_12_1768729265,1,2,ban,盾山
2026011802,836780560_12_1768729265,2,1,ban,海诺
2026011802,836780560_12_1768729265,3,2,ban,沈梦溪
2026011802,836780560_12_1768729265,4,1,pick,空空儿
2026011802,836780560_12_1768729265,5,2,pick,公孙离
2026011802,836780560_12_1768729265,6,2,pick,狂铁
2026011802,836780560_12_1768729265,7,1,pick,橘右京
2026011802,836780560_12_1768729265,8,1,pick,戈娅
2026011802,836780560_12_1768729265,9,2,pick,镜
2026011802,836780560_12_1768729265,10,2,ban,影
2026011802,836780560_12_1768729265,11,1,ban,苏烈
2026011802,836780560_12_1768729265,12,2,ban,小乔
2026011802,836780560_12_1768729265,13,1,ban,少司缘
2026011802,836780560_12_1768729265,14,2,ban,海月
2026011802,836780560_12_1768729265,15,1,ban,太乙真人
2026011802,836780560_12_1768729265,16,2,pick,刘邦
2026011802,836780560_12_1768729265,17,1,pick,杨玉环
2026011802,836780560_12_1768729265,18,1,pick,马超
2026011802,836780560_12_1768729265,19,2,pick,不知火舞
2026012801,48251408_4_1769582955,0,1,ban,盾山
2026012801,48251408_4_1769582955,1,2,ban,空空儿
2026012801,48251408_4_1769582955,2,1,ban,苏烈
2026012801,48251408_4_1769582955,3,2,ban,元流之子(辅助)
2026012801,48251408_4_1769582955,4,1,pick,鲁班大师
2026012801,48251408_4_1769582955,5,2,pick,狄仁杰
2026012801,48251408_4_1769582955,6,2,pick,裴擒虎
2026012801,48251408_4_1769582955,7,1,pick,敖隐
2026012801,48251408_4_1769582955,8,1,pick,杨戬
2026012801,48251408_4_1769582955,9,2,pick,沈梦溪
2026012801,48251408_4_1769582955,10,2,ban,不知火舞
2026012801,48251408_4_1769582955,11,1,ban,张飞
2026012801,48251408_4_1769582955,12,2,ban,关羽
2026012801,48251408_4_1769582955,13,1,ban,狂铁
2026012801,48251408_4_1769582955,14,2,ban,王昭君
2026012801,48251408_4_1769582955,15,1,ban,蒙恬
2026012801,48251408_4_1769582955,16,2,pick,夏洛特
2026012801,48251408_4_1769582955,17,1,pick,蚩奼
2026012801,48251408_4_1769582955,18,1,pick,小乔
2026012801,48251408_4_1769582955,19,2,pick,东皇太一
2026012801,48251408_6_1769586878,0,1,ban,空空儿
2026012801,48251408_6_1769586878,1,2,ban,盾山
2026012801,48251408_6_1769586878,2,1,ban,元流之子(辅助)
2026012801,48251408_6_1769586878,3,2,ban,鲁班大师
2026012801,48251408_6_1769586878,4,1,pick,苏烈
2026012801,48251408_6_1769586878,5,2,pick,戈娅
2026012801,48251408_6_1769586878,6,2,pick,少司缘
2026012801,48251408_6_1769586878,7,1,pick,蚩奼
2026012801,48251408_6_1769586878,8,1,pick,小乔
2026012801,48251408_6_1769586878,9,2,pick,大司命
2026012801,48251408_6_1769586878,10,2,ban,阿古朵
2026012801,48251408_6_1769586878,11,1,ban,女娲
2026012801,48251408_6_1769586878,12,2,ban,暃
2026012801,48251408_6_1769586878,13,1,ban,老夫子
2026012801,48251408_6_1769586878,14,2,ban,哪吒
2026012801,48251408_6_1769586878,15,1,ban,关羽
2026012801,48251408_6_1769586878,16,2,pick,马超
2026012801,48251408_6_1769586878,17,1,pick,狂铁
2026012801,48251408_6_1769586878,18,1,pick,宫本武藏
2026012801,48251408_6_1769586878,19,2,pick,姜子牙
2026011702,48251408_68_1768641636,0,1,ban,海月
2026011702,48251408_68_1768641636,1,2,ban,鲁班大师
2026011702,48251408_68_1768641636,2,1,ban,苏烈
2026011702,48251408_68_1768641636,3,2,ban,盾山
2026011702,48251408_68_1768641636,4,1,pick,公孙离
2026011702,48251408_68_1768641636,5,2,pick,空空儿
2026011702,48251408_68_1768641636,6,2,pick,戈娅
2026011702,48251408_68_1768641636,7,1,pick,沈梦溪
2026011702,48251408_68_1768641636,8,1,pick,狂铁
2026011702,48251408_68_1768641636,9,2,pick,不知火舞
2026011702,48251408_68_1768641636,10,2,ban,张飞
2026011702,48251408_68_1768641636,11,1,ban,大司命
2026011702,48251408_68_1768641636,12,2,ban,宫本武藏
2026011702,48251408_68_1768641636,13,1,ban,元流之子(坦克)
2026011702,48251408_68_1768641636,14,2,ban,镜
2026011702,48251408_68_1768641636,15,1,ban,夏侯惇
2026011702,48251408_68_1768641636,16,2,pick,暃
2026011702,48251408_68_1768641636,17,1,pick,朵莉亚
2026011702,48251408_68_1768641636,18,1,pick,杨戬
2026011702,48251408_68_1768641636,19,2,pick,曹操
2026011603,836780560_4_1768565853,0,1,ban,元流之子(辅助)
2026011603,836780560_4_1768565853,1,2,ban,鲁班大师
2026011603,836780560_4_1768565853,2,1,ban,狂铁
2026011603,836780560_4_1768565853,3,2,ban,空空儿
2026011603,836780560_4_1768565853,4,1,pick,盾山
2026011603,836780560_4_1768565853,5,2,pick,蚩奼
2026011603,836780560_4_1768565853,6,2,pick,苏烈
2026011603,836780560_4_1768565853,7,1,pick,沈梦溪
2026011603,836780560_4_1768565853,8,1,pick,艾琳
2026011603,836780560_4_1768565853,9,2,pick,关羽
2026011603,836780560_4_1768565853,10,2,ban,司空震
2026011603,836780560_4_1768565853,11,1,ban,不知火舞
2026011603,836780560_4_1768565853,12,2,ban,曹操
2026011603,836780560_4_1768565853,13,1,ban,嫦娥
2026011603,836780560_4_1768565853,14,2,ban,阿古朵
2026011603,836780560_4_1768565853,15,1,ban,海月
2026011603,836780560_4_1768565853,16,2,pick,大司命
2026011603,836780560_4_1768565853,17,1,pick,夏洛特
2026011603,836780560_4_1768565853,18,1,pick,猪八戒
2026011603,836780560_4_1768565853,19,2,pick,小乔
2026012801,48251408_7_1769588879,0,1,ban,空空儿
2026012801,48251408_7_1769588879,1,2,ban,盾山
2026012801,48251408_7_1769588879,2,1,ban,元流之子(辅助)
2026012801,48251408_7_1769588879,3,2,ban,鲁班大师
2026012801,48251408_7_1769588879,4,1,pick,太乙真人
2026012801,48251408_7_1769588879,5,2,pick,孙尚香
2026012801,48251408_7_1769588879,6,2,pick,张飞
2026012801,48251408_7_1769588879,7,1,pick,马超
2026012801,48251408_7_1769588879,8,1,pick,苍
2026012801,48251408_7_1769588879,9,2,pick,影
2026012801,48251408_7_1769588879,10,2,ban,海月
2026012801,48251408_7_1769588879,11,1,ban,女娲
2026012801,48251408_7_1769588879,12,2,ban,西施
2026012801,48251408_7_1769588879,13,1,ban,哪吒
2026012801,48251408_7_1769588879,14,2,ban,暃
2026012801,48251408_7_1769588879,15,1,ban,宫本武藏
2026012801,48251408_7_1769588879,16,2,pick,不知火舞
2026012801,48251408_7_1769588879,17,1,pick,嫦娥
2026012801,48251408_7_1769588879,18,1,pick,杨戬
2026012801,48251408_7_1769588879,19,2,pick,露娜
2026013001,836780560_4_1769756847,0,1,ban,空空儿
2026013001,836780560_4_1769756847,1,2,ban,司空震
2026013001,836780560_4_1769756847,2,1,ban,戈娅
2026013001,836780560_4_1769756847,3,2,ban,盾山
2026013001,836780560_4_1769756847,4,1,pick,沈梦溪
2026013001,836780560_4_1769756847,5,2,pick,马超
2026013001,836780560_4_1769756847,6,2,pick,不知火舞
2026013001,836780560_4_1769756847,7,1,pick,苏烈
2026013001,836780560_4_1769756847,8,1,pick,阿古朵
2026013001,836780560_4_1769756847,9,2,pick,艾琳
2026013001,836780560_4_1769756847,10,2,ban,敖隐
2026013001,836780560_4_1769756847,11,1,ban,鲁班大师
2026013001,836780560_4_1769756847,12,2,ban,公孙离
2026013001,836780560_4_1769756847,13,1,ban,杨戬
2026013001,836780560_4_1769756847,14,2,ban,后羿
2026013001,836780560_4_1769756847,15,1,ban,少司缘
2026013001,836780560_4_1769756847,16,2,pick,廉颇
2026013001,836780560_4_1769756847,17,1,pick,苍
2026013001,836780560_4_1769756847,18,1,pick,老夫子
2026013001,836780560_4_1769756847,19,2,pick,铠
2026011702,48251408_70_1768645325,0,1,ban,盾山
2026011702,48251408_70_1768645325,1,2,ban,苏烈
2026011702,48251408_70_1768645325,2,1,ban,戈娅
2026011702,48251408_70_1768645325,3,2,ban,鲁班大师
2026011702,48251408_70_1768645325,4,1,pick,公孙离
2026011702,48251408_70_1768645325,5,2,pick,海月
2026011702,48251408_70_1768645325,6,2,pick,少司缘
2026011702,48251408_70_1768645325,7,1,pick,元流之子(坦克)
2026011702,48251408_70_1768645325,8,1,pick,夏洛特
2026011702,48251408_70_1768645325,9,2,pick,苍
2026011702,48251408_70_1768645325,10,2,ban,大乔
2026011702,48251408_70_1768645325,11,1,ban,曹操
2026011702,48251408_70_1768645325,12,2,ban,女娲
2026011702,48251408_70_1768645325,13,1,ban,大司命
2026011702,48251408_70_1768645325,14,2,ban,张良
2026011702,48251408_70_1768645325,15,1,ban,蒙恬
2026011702,48251408_70_1768645325,16,2,pick,夏侯惇
2026011702,48251408_70_1768645325,17,1,pick,海诺
2026011702,48251408_70_1768645325,18,1,pick,张飞
2026011702,48251408_70_1768645325,19,2,pick,蚩奼
2026012801,48251408_5_1769584924,0,1,ban,鲁班大师
2026012801,48251408_5_1769584924,1,2,ban,空空儿
2026012801,48251408_5_1769584924,2,1,ban,盾山
2026012801,48251408_5_1769584924,3,2,ban,大司命
2026012801,48251408_5_1769584924,4,1,pick,苏烈
2026012801,48251408_5_1769584924,5,2,pick,戈娅
2026012801,48251408_5_1769584924,6,2,pick,张飞
2026012801,48251408_5_1769584924,7,1,pick,橘右京
2026012801,48251408_5_1769584924,8,1,pick,狂铁
2026012801,48251408_5_1769584924,9,2,pick,关羽
2026012801,48251408_5_1769584924,10,2,ban,海月
2026012801,48251408_5_1769584924,11,1,ban,暃
2026012801,48251408_5_1769584924,12,2,ban,不知火舞
2026012801,48251408_5_1769584924,13,1,ban,镜
2026012801,48251408_5_1769584924,14,2,ban,安琪拉
2026012801,48251408_5_1769584924,15,1,ban,哪吒
2026012801,48251408_5_1769584924,16,2,pick,女娲
2026012801,48251408_5_1769584924,17,1,pick,孙权
2026012801,48251408_5_1769584924,18,1,pick,金蝉
2026012801,48251408_5_1769584924,19,2,pick,元流之子(坦克)
2026011702,48251408_69_1768643540,0,1,ban,海月
2026011702,48251408_69_1768643540,1,2,ban,镜
2026011702,48251408_69_1768643540,2,1,ban,鲁班大师
2026011702,48251408_69_1768643540,3,2,ban,艾琳
2026011702,48251408_69_1768643540,4,1,pick,孙尚香
2026011702,48251408_69_1768643540,5,2,pick,沈梦溪
2026011702,48251408_69_1768643540,6,2,pick,盾山
2026011702,48251408_69_1768643540,7,1,pick,苏烈
2026011702,48251408_69_1768643540,8,1,pick,司空震
2026011702,48251408_69_1768643540,9,2,pick,狂铁
2026011702,48251408_69_1768643540,10,2,ban,不知火舞
2026011702,48251408_69_1768643540,11,1,ban,蚩奼
2026011702,48251408_69_1768643540,12,2,ban,元流之子(坦克)
2026011702,48251408_69_1768643540,13,1,ban,敖隐
2026011702,48251408_69_1768643540,14,2,ban,女娲
2026011702,48251408_69_1768643540,15,1,ban,哪吒
2026011702,48251408_69_1768643540,16,2,pick,阿古朵
2026011702,48251408_69_1768643540,17,1,pick,马超
2026011702,48251408_69_1768643540,18,1,pick,弈星
2026011702,48251408_69_1768643540,19,2,pick,伽罗
2026012801,48251408_3_1769580066,0,1,ban,元流之子(辅助)
2026012801,48251408_3_1769580066,1,2,ban,鲁班大师
2026012801,48251408_3_1769580066,2,1,ban,狂铁
2026012801,48251408_3_1769580066,3,2,ban,橘右京
2026012801,48251408_3_1769580066,4,1,pick,盾山
2026012801,48251408_3_1769580066,5,2,pick,大司命
2026012801,48251408_3_1769580066,6,2,pick,空空儿
2026012801,48251408_3_1769580066,7,1,pick,艾琳
2026012801,48251408_3_1769580066,8,1,pick,沈梦溪
2026012801,48251408_3_1769580066,9,2,pick,敖隐
2026012801,48251408_3_1769580066,10,2,ban,阿古朵
2026012801,48251408_3_1769580066,11,1,ban,小乔
2026012801,48251408_3_1769580066,12,2,ban,马超
2026012801,48251408_3_1769580066,13,1,ban,不知火舞
2026012801,48251408_3_1769580066,14,2,ban,曹操
2026012801,48251408_3_1769580066,15,1,ban,关羽
2026012801,48251408_3_1769580066,16,2,pick,安琪拉
2026012801,48251408_3_1769580066,17,1,pick,夏侯惇
2026012801,48251408_3_1769580066,18,1,pick,夏洛特
2026012801,48251408_3_1769580066,19,2,pick,司空震
2026011702,48251408_72_1768649037,0,1,ban,空空儿
2026011702,48251408_72_1768649037,1,2,ban,苏烈
2026011702,48251408_72_1768649037,2,1,ban,元流之子(辅助)
2026011702,48251408_72_1768649037,3,2,ban,蚩奼
2026011702,48251408_72_1768649037,4,1,pick,鲁班大师
2026011702,48251408_72_1768649037,5,2,pick,敖隐
2026011702,48251408_72_1768649037,6,2,pick,裴擒虎
2026011702,48251408_72_1768649037,7,1,pick,马超
2026011702,48251408_72_1768649037,8,1,pick,大司命
2026011702,48251408_72_1768649037,9,2,pick,夏洛特
2026011702,48251408_72_1768649037,10,2,ban,鲁班七号
2026011702,48251408_72_1768649037,11,1,ban,女娲
2026011702,48251408_72_1768649037,12,2,ban,艾琳
2026011702,48251408_72_1768649037,13,1,ban,张良
2026011702,48251408_72_1768649037,14,2,ban,海月
2026011702,48251408_72_1768649037,15,1,ban,不知火舞
2026011702,48251408_72_1768649037,16,2,pick,张飞
2026011702,48251408_72_1768649037,17,1,pick,狄仁杰
2026011702,48251408_72_1768649037,18,1,pick,王昭君
2026011702,48251408_72_1768649037,19,2,pick,甄姬
2026020401,434127376_9_1770186914,0,1,ban,盾山
2026020401,434127376_9_1770186914,1,2,ban,鲁班大师
2026020401,434127376_9_1770186914,2,1,ban,狂铁
2026020401,434127376_9_1770186914,3,2,ban,蚩奼
2026020401,434127376_9_1770186914,4,1,pick,空空儿
2026020401,434127376_9_1770186914,5,2,pick,公孙离
2026020401,434127376_9_1770186914,6,2,pick,张飞
2026020401,434127376_9_1770186914,7,1,pick,橘右京
2026020401,434127376_9_1770186914,8,1,pick,戈娅
2026020401,434127376_9_1770186914,9,2,pick,海诺
2026020401,434127376_9_1770186914,10,2,ban,女娲
2026020401,434127376_9_1770186914,11,1,ban,哪吒
2026020401,434127376_9_1770186914,12,2,ban,影
2026020401,434127376_9_1770186914,13,1,ban,镜
2026020401,434127376_9_1770186914,14,2,ban,小乔
2026020401,434127376_9_1770186914,15,1,ban,宫本武藏
2026020401,434127376_9_1770186914,16,2,pick,暃
2026020401,434127376_9_1770186914,17,1,pick,司空震
2026020401,434127376_9_1770186914,18,1,pick,沈梦溪
2026020401,434127376_9_1770186914,19,2,pick,曹操
2026020401,434127376_8_1770184844,0,1,ban,苏烈
2026020401,434127376_8_1770184844,1,2,ban,空空儿
2026020401,434127376_8_1770184844,2,1,ban,敖隐
2026020401,434127376_8_1770184844,3,2,ban,沈梦溪
2026020401,434127376_8_1770184844,4,1,pick,鲁班大师
2026020401,434127376_8_1770184844,5,2,pick,盾山
2026020401,434127376_8_1770184844,6,2,pick,曹操
2026020401,434127376_8_1770184844,7,1,pick,海月
2026020401,434127376_8_1770184844,8,1,pick,蚩奼
2026020401,434127376_8_1770184844,9,2,pick,阿古朵
2026020401,434127376_8_1770184844,10,2,ban,狂铁
2026020401,434127376_8_1770184844,11,1,ban,女娲
2026020401,434127376_8_1770184844,12,2,ban,关羽
2026020401,434127376_8_1770184844,13,1,ban,狄仁杰
2026020401,434127376_8_1770184844,14,2,ban,宫本武藏
2026020401,434127376_8_1770184844,15,1,ban,艾琳
2026020401,434127376_8_1770184844,16,2,pick,李元芳
2026020401,434127376_8_1770184844,17,1,pick,云缨
2026020401,434127376_8_1770184844,18,1,pick,蒙恬
2026020401,434127376_8_1770184844,19,2,pick,武则天
2026020401,434127376_10_1770189028,0,1,ban,盾山
2026020401,434127376_10_1770189028,1,2,ban,鲁班大师
2026020401,434127376_10_1770189028,2,1,ban,空空儿
2026020401,434127376_10_1770189028,3,2,ban,海月
2026020401,434127376_10_1770189028,4,1,pick,苏烈
2026020401,434127376_10_1770189028,5,2,pick,女娲
2026020401,434127376_10_1770189028,6,2,pick,狂铁
2026020401,434127376_10_1770189028,7,1,pick,关羽
2026020401,434127376_10_1770189028,8,1,pick,敖隐
2026020401,434127376_10_1770189028,9,2,pick,少司缘
2026020401,434127376_10_1770189028,10,2,ban,宫本武藏
2026020401,434127376_10_1770189028,11,1,ban,裴擒虎
2026020401,434127376_10_1770189028,12,2,ban,云缨
2026020401,434127376_10_1770189028,13,1,ban,元流之子(坦克)
2026020401,434127376_10_1770189028,14,2,ban,镜
2026020401,434127376_10_1770189028,15,1,ban,大司命
2026020401,434127376_10_1770189028,16,2,pick,戈娅
2026020401,434127376_10_1770189028,17,1,pick,杨玉环
2026020401,434127376_10_1770189028,18,1,pick,哪吒
2026020401,434127376_10_1770189028,19,2,pick,夏侯惇
2026020403,1272988176_14_1770209091,0,1,ban,敖隐
2026020403,1272988176_14_1770209091,1,2,ban,鲁班大师
2026020403,1272988176_14_1770209091,2,1,ban,苏烈
2026020403,1272988176_14_1770209091,3,2,ban,沈梦溪
2026020403,1272988176_14_1770209091,4,1,pick,盾山
2026020403,1272988176_14_1770209091,5,2,pick,孙尚香
2026020403,1272988176_14_1770209091,6,2,pick,太乙真人
2026020403,1272988176_14_1770209091,7,1,pick,艾琳
2026020403,1272988176_14_1770209091,8,1,pick,不知火舞
2026020403,1272988176_14_1770209091,9,2,pick,西施
2026020403,1272988176_14_1770209091,10,2,ban,阿古朵
2026020403,1272988176_14_1770209091,11,1,ban,夏洛特
2026020403,1272988176_14_1770209091,12,2,ban,关羽
2026020403,1272988176_14_1770209091,13,1,ban,大司命
2026020403,1272988176_14_1770209091,14,2,ban,夏侯惇
2026020403,1272988176_14_1770209091,15,1,ban,元流之子(坦克)
2026020403,1272988176_14_1770209091,16,2,pick,狂铁
2026020403,1272988176_14_1770209091,17,1,pick,暃
2026020403,1272988176_14_1770209091,18,1,pick,曹操
2026020403,1272988176_14_1770209091,19,2,pick,哪吒
2026020403,1272988176_13_1770206658,0,1,ban,元流之子(辅助)
2026020403,1272988176_13_1770206658,1,2,ban,鲁班大师
2026020403,1272988176_13_1770206658,2,1,ban,沈梦溪
2026020403,1272988176_13_1770206658,3,2,ban,小乔
2026020403,1272988176_13_1770206658,4,1,pick,空空儿
2026020403,1272988176_13_1770206658,5,2,pick,张飞
2026020403,1272988176_13_1770206658,6,2,pick,公孙离
2026020403,1272988176_13_1770206658,7,1,pick,橘右京
2026020403,1272988176_13_1770206658,8,1,pick,戈娅
2026020403,1272988176_13_1770206658,9,2,pick,镜
2026020403,1272988176_13_1770206658,10,2,ban,海月
2026020403,1272988176_13_1770206658,11,1,ban,海诺
2026020403,1272988176_13_1770206658,12,2,ban,曹操
2026020403,1272988176_13_1770206658,13,1,ban,狂铁
2026020403,1272988176_13_1770206658,14,2,ban,达摩
2026020403,1272988176_13_1770206658,15,1,ban,司空震
2026020403,1272988176_13_1770206658,16,2,pick,夏洛特
2026020403,1272988176_13_1770206658,17,1,pick,不知火舞
2026020403,1272988176_13_1770206658,18,1,pick,影
2026020403,1272988176_13_1770206658,19,2,pick,杨玉环
2026020403,1272988176_17_1770214903,0,1,ban,空空儿
2026020403,1272988176_17_1770214903,1,2,ban,鲁班大师
2026020403,1272988176_17_1770214903,2,1,ban,沈梦溪
2026020403,1272988176_17_1770214903,3,2,ban,盾山
2026020403,1272988176_17_1770214903,4,1,pick,女娲
2026020403,1272988176_17_1770214903,5,2,pick,马超
2026020403,1272988176_17_1770214903,6,2,pick,元流之子(坦克)
2026020403,1272988176_17_1770214903,7,1,pick,夏侯惇
2026020403,1272988176_17_1770214903,8,1,pick,夏洛特
2026020403,1272988176_17_1770214903,9,2,pick,戈娅
2026020403,1272988176_17_1770214903,10,2,ban,少司缘
2026020403,1272988176_17_1770214903,11,1,ban,苏烈
2026020403,1272988176_17_1770214903,12,2,ban,朵莉亚
2026020403,1272988176_17_1770214903,13,1,ban,大乔
2026020403,1272988176_17_1770214903,14,2,ban,张飞
2026020403,1272988176_17_1770214903,15,1,ban,张良
2026020403,1272988176_17_1770214903,16,2,pick,墨子
2026020403,1272988176_17_1770214903,17,1,pick,杨玉环
2026020403,1272988176_17_1770214903,18,1,pick,敖隐
2026020403,1272988176_17_1770214903,19,2,pick,嬴政
2026020403,1272988176_15_1770210940,0,1,ban,空空儿
2026020403,1272988176_15_1770210940,1,2,ban,盾山
2026020403,1272988176_15_1770210940,2,1,ban,元流之子(辅助)
2026020403,1272988176_15_1770210940,3,2,ban,鲁班大师
2026020403,1272988176_15_1770210940,4,1,pick,沈梦溪
2026020403,1272988176_15_1770210940,5,2,pick,少司缘
2026020403,1272988176_15_1770210940,6,2,pick,敖隐
2026020403,1272988176_15_1770210940,7,1,pick,苏烈
2026020403,1272988176_15_1770210940,8,1,pick,阿古朵
2026020403,1272988176_15_1770210940,9,2,pick,海诺
2026020403,1272988176_15_1770210940,10,2,ban,公孙离
2026020403,1272988176_15_1770210940,11,1,ban,大司命
2026020403,1272988176_15_1770210940,12,2,ban,夏洛特
2026020403,1272988176_15_1770210940,13,1,ban,关羽
2026020403,1272988176_15_1770210940,14,2,ban,马超
2026020403,1272988176_15_1770210940,15,1,ban,狂铁
2026020403,1272988176_15_1770210940,16,2,pick,蒙恬
2026020403,1272988176_15_1770210940,17,1,pick,蚩奼
2026020403,1272988176_15_1770210940,18,1,pick,猪八戒
2026020403,1272988176_15_1770210940,19,2,pick,云缨
2026020103,501236240_12_1769949015,0,1,ban,狂铁
2026020103,501236240_12_1769949015,1,2,ban,空空儿
2026020103,501236240_12_1769949015,2,1,ban,盾山
2026020103,501236240_12_1769949015,3,2,ban,苏烈
2026020103,501236240_12_1769949015,4,1,pick,镜
2026020103,501236240_12_1769949015,5,2,pick,敖隐
2026020103,501236240_12_1769949015,6,2,pick,夏洛特
2026020103,501236240_12_1769949015,7,1,pick,张飞
2026020103,501236240_12_1769949015,8,1,pick,公孙离
2026020103,501236240_12_1769949015,9,2,pick,少司缘
2026020103,501236240_12_1769949015,10,2,ban,蒙恬
2026020103,501236240_12_1769949015,11,1,ban,大司命
2026020103,501236240_12_1769949015,12,2,ban,沈梦溪
2026020103,501236240_12_1769949015,13,1,ban,夏侯惇
2026020103,501236240_12_1769949015,14,2,ban,西施
2026020103,501236240_12_1769949015,15,1,ban,元流之子(坦克)
2026020103,501236240_12_1769949015,16,2,pick,海月
2026020103,501236240_12_1769949015,17,1,pick,曹操
2026020103,501236240_12_1769949015,18,1,pick,姜子牙
2026020103,501236240_12_1769949015,19,2,pick,铠
2026020101,48251408_31_1769927582,0,1,ban,苏烈
2026020101,48251408_31_1769927582,1,2,ban,盾山
2026020101,48251408_31_1769927582,2,1,ban,元流之子(辅助)
2026020101,48251408_31_1769927582,3,2,ban,鲁班大师
2026020101,48251408_31_1769927582,4,1,pick,空空儿
2026020101,48251408_31_1769927582,5,2,pick,沈梦溪
2026020101,48251408_31_1769927582,6,2,pick,狂铁
2026020101,48251408_31_1769927582,7,1,pick,橘右京
2026020101,48251408_31_1769927582,8,1,pick,敖隐
2026020101,48251408_31_1769927582,9,2,pick,戈娅
2026020101,48251408_31_1769927582,10,2,ban,小乔
2026020101,48251408_31_1769927582,11,1,ban,镜
2026020101,48251408_31_1769927582,12,2,ban,海月
2026020101,48251408_31_1769927582,13,1,ban,张飞
2026020101,48251408_31_1769927582,14,2,ban,关羽
2026020101,48251408_31_1769927582,15,1,ban,宫本武藏
2026020101,48251408_31_1769927582,16,2,pick,朵莉亚
2026020101,48251408_31_1769927582,17,1,pick,女娲
2026020101,48251408_31_1769927582,18,1,pick,夏洛特
2026020101,48251408_31_1769927582,19,2,pick,杨戬
2026020401,434127376_12_1770193080,0,1,ban,鲁班大师
2026020401,434127376_12_1770193080,1,2,ban,盾山
2026020401,434127376_12_1770193080,2,1,ban,狂铁
2026020401,434127376_12_1770193080,3,2,ban,空空儿
2026020401,434127376_12_1770193080,4,1,pick,太乙真人
2026020401,434127376_12_1770193080,5,2,pick,小乔
2026020401,434127376_12_1770193080,6,2,pick,白起
2026020401,434127376_12_1770193080,7,1,pick,关羽
2026020401,434127376_12_1770193080,8,1,pick,敖隐
2026020401,434127376_12_1770193080,9,2,pick,元流之子(坦克)
2026020401,434127376_12_1770193080,10,2,ban,娜可露露
2026020401,434127376_12_1770193080,11,1,ban,公孙离
2026020401,434127376_12_1770193080,12,2,ban,大司命
2026020401,434127376_12_1770193080,13,1,ban,张飞
2026020401,434127376_12_1770193080,14,2,ban,甄姬
2026020401,434127376_12_1770193080,15,1,ban,后羿
2026020401,434127376_12_1770193080,16,2,pick,墨子
2026020401,434127376_12_1770193080,17,1,pick,王昭君
2026020401,434127376_12_1770193080,18,1,pick,橘右京
2026020401,434127376_12_1770193080,19,2,pick,百里守约
2026020101,48251408_32_1769929307,0,1,ban,敖隐
2026020101,48251408_32_1769929307,1,2,ban,杨戬
2026020101,48251408_32_1769929307,2,1,ban,元流之子(辅助)
2026020101,48251408_32_1769929307,3,2,ban,狂铁
2026020101,48251408_32_1769929307,4,1,pick,曹操
2026020101,48251408_32_1769929307,5,2,pick,盾山
2026020101,48251408_32_1769929307,6,2,pick,蚩奼
2026020101,48251408_32_1769929307,7,1,pick,鲁班大师
2026020101,48251408_32_1769929307,8,1,pick,元流之子(坦克)
2026020101,48251408_32_1769929307,9,2,pick,女娲
2026020101,48251408_32_1769929307,10,2,ban,西施
2026020101,48251408_32_1769929307,11,1,ban,司空震
2026020101,48251408_32_1769929307,12,2,ban,鲁班七号
2026020101,48251408_32_1769929307,13,1,ban,夏侯惇
2026020101,48251408_32_1769929307,14,2,ban,王昭君
2026020101,48251408_32_1769929307,15,1,ban,大司命
2026020101,48251408_32_1769929307,16,2,pick,狄仁杰
2026020101,48251408_32_1769929307,17,1,pick,艾琳
2026020101,48251408_32_1769929307,18,1,pick,武则天
2026020101,48251408_32_1769929307,19,2,pick,铠
2026013001,836780560_3_1769755067,0,1,ban,鲁班大师
2026013001,836780560_3_1769755067,1,2,ban,关羽
2026013001,836780560_3_1769755067,2,1,ban,海月
2026013001,836780560_3_1769755067,3,2,ban,橘右京
2026013001,836780560_3_1769755067,4,1,pick,空空儿
2026013001,836780560_3_1769755067,5,2,pick,张飞
2026013001,836780560_3_1769755067,6,2,pick,公孙离
2026013001,836780560_3_1769755067,7,1,pick,大司命
2026013001,836780560_3_1769755067,8,1,pick,戈娅
2026013001,836780560_3_1769755067,9,2,pick,海诺
2026013001,836780560_3_1769755067,10,2,ban,小乔
2026013001,836780560_3_1769755067,11,1,ban,狂铁
2026013001,836780560_3_1769755067,12,2,ban,曹操
2026013001,836780560_3_1769755067,13,1,ban,宫本武藏
2026013001,836780560_3_1769755067,14,2,ban,女娲
2026013001,836780560_3_1769755067,15,1,ban,蚩奼
2026013001,836780560_3_1769755067,16,2,pick,暃
2026013001,836780560_3_1769755067,17,1,pick,马超
2026013001,836780560_3_1769755067,18,1,pick,不知火舞
2026013001,836780560_3_1769755067,19,2,pick,夏洛特
2026020501,48251408_44_1770277497,0,1,ban,盾山
2026020501,48251408_44_1770277497,1,2,ban,鲁班大师
2026020501,48251408_44_1770277497,2,1,ban,海月
2026020501,48251408_44_1770277497,3,2,ban,公孙离
2026020501,48251408_44_1770277497,4,1,pick,沈梦溪
2026020501,48251408_44_1770277497,5,2,pick,敖隐
2026020501,48251408_44_1770277497,6,2,pick,空空儿
2026020501,48251408_44_1770277497,7,1,pick,朵莉亚
2026020501,48251408_44_1770277497,8,1,pick,杨戬
2026020501,48251408_44_1770277497,9,2,pick,蚩奼
2026020501,48251408_44_1770277497,10,2,ban,马超
2026020501,48251408_44_1770277497,11,1,ban,宫本武藏
2026020501,48251408_44_1770277497,12,2,ban,夏洛特
2026020501,48251408_44_1770277497,13,1,ban,暃
2026020501,48251408_44_1770277497,14,2,ban,老夫子
2026020501,48251408_44_1770277497,15,1,ban,不知火舞
2026020501,48251408_44_1770277497,16,2,pick,夏侯惇
2026020501,48251408_44_1770277497,17,1,pick,影
2026020501,48251408_44_1770277497,18,1,pick,虞姬
2026020501,48251408_44_1770277497,19,2,pick,女娲
2026012302,48251408_31_1769161108,0,1,ban,鲁班大师
2026012302,48251408_31_1769161108,1,2,ban,沈梦溪
2026012302,48251408_31_1769161108,2,1,ban,狂铁
2026012302,48251408_31_1769161108,3,2,ban,公孙离
2026012302,48251408_31_1769161108,4,1,pick,盾山
2026012302,48251408_31_1769161108,5,2,pick,苏烈
2026012302,48251408_31_1769161108,6,2,pick,蚩奼
2026012302,48251408_31_1769161108,7,1,pick,敖隐
2026012302,48251408_31_1769161108,8,1,pick,司空震
2026012302,48251408_31_1769161108,9,2,pick,女娲
2026012302,48251408_31_1769161108,10,2,ban,海月
2026012302,48251408_31_1769161108,11,1,ban,宫本武藏
2026012302,48251408_31_1769161108,12,2,ban,夏侯惇
2026012302,48251408_31_1769161108,13,1,ban,蒙恬
2026012302,48251408_31_1769161108,14,2,ban,元流之子(坦克)
2026012302,48251408_31_1769161108,15,1,ban,娜可露露
2026012302,48251408_31_1769161108,16,2,pick,姬小满
2026012302,48251408_31_1769161108,17,1,pick,西施
2026012302,48251408_31_1769161108,18,1,pick,云缨
2026012302,48251408_31_1769161108,19,2,pick,杨戬
2026011702,48251408_71_1768647123,0,1,ban,海月
2026011702,48251408_71_1768647123,1,2,ban,空空儿
2026011702,48251408_71_1768647123,2,1,ban,苏烈
2026011702,48251408_71_1768647123,3,2,ban,鲁班大师
2026011702,48251408_71_1768647123,4,1,pick,艾琳
2026011702,48251408_71_1768647123,5,2,pick,太乙真人
2026011702,48251408_71_1768647123,6,2,pick,孙尚香
2026011702,48251408_71_1768647123,7,1,pick,盾山
2026011702,48251408_71_1768647123,8,1,pick,镜
2026011702,48251408_71_1768647123,9,2,pick,关羽
2026011702,48251408_71_1768647123,10,2,ban,蒙恬
2026011702,48251408_71_1768647123,11,1,ban,哪吒
2026011702,48251408_71_1768647123,12,2,ban,夏洛特
2026011702,48251408_71_1768647123,13,1,ban,大司命
2026011702,48251408_71_1768647123,14,2,ban,曹操
2026011702,48251408_71_1768647123,15,1,ban,女娲
2026011702,48251408_71_1768647123,16,2,pick,杨玉环
2026011702,48251408_71_1768647123,17,1,pick,武则天
2026011702,48251408_71_1768647123,18,1,pick,达摩
2026011702,48251408_71_1768647123,19,2,pick,杨戬
2026020501,48251408_42_1770273405,0,1,ban,盾山
2026020501,48251408_42_1770273405,1,2,ban,沈梦溪
2026020501,48251408_42_1770273405,2,1,ban,海月
2026020501,48251408_42_1770273405,3,2,ban,蚩奼
2026020501,48251408_42_1770273405,4,1,pick,敖隐
2026020501,48251408_42_1770273405,5,2,pick,元流之子(坦克)
2026020501,48251408_42_1770273405,6,2,pick,鲁班大师
2026020501,48251408_42_1770273405,7,1,pick,裴擒虎
2026020501,48251408_42_1770273405,8,1,pick,张飞
2026020501,48251408_42_1770273405,9,2,pick,鲁班七号
2026020501,48251408_42_1770273405,10,2,ban,不知火舞
2026020501,48251408_42_1770273405,11,1,ban,女娲
2026020501,48251408_42_1770273405,12,2,ban,关羽
2026020501,48251408_42_1770273405,13,1,ban,王昭君
2026020501,48251408_42_1770273405,14,2,ban,嬴政
2026020501,48251408_42_1770273405,15,1,ban,马超
2026020501,48251408_42_1770273405,16,2,pick,夏洛特
2026020501,48251408_42_1770273405,17,1,pick,西施
2026020501,48251408_42_1770273405,18,1,pick,曹操
2026020501,48251408_42_1770273405,19,2,pick,小乔
2026020502,501236240_18_1770283693,0,1,ban,鲁班大师
2026020502,501236240_18_1770283693,1,2,ban,敖隐
2026020502,501236240_18_1770283693,2,1,ban,公孙离
2026020502,501236240_18_1770283693,3,2,ban,空空儿
2026020502,501236240_18_1770283693,4,1,pick,苏烈
2026020502,501236240_18_1770283693,5,2,pick,少司缘
2026020502,501236240_18_1770283693,6,2,pick,戈娅
2026020502,501236240_18_1770283693,7,1,pick,蚩奼
2026020502,501236240_18_1770283693,8,1,pick,沈梦溪
2026020502,501236240_18_1770283693,9,2,pick,元流之子(坦克)
2026020502,501236240_18_1770283693,10,2,ban,哪吒
2026020502,501236240_18_1770283693,11,1,ban,海月
2026020502,501236240_18_1770283693,12,2,ban,娜可露露
2026020502,501236240_18_1770283693,13,1,ban,狂铁
2026020502,501236240_18_1770283693,14,2,ban,橘右京
2026020502,501236240_18_1770283693,15,1,ban,曹操
2026020502,501236240_18_1770283693,16,2,pick,夏洛特
2026020502,501236240_18_1770283693,17,1,pick,司空震
2026020502,501236240_18_1770283693,18,1,pick,大司命
2026020502,501236240_18_1770283693,19,2,pick,安琪拉
2026020501,48251408_41_1770271358,0,1,ban,元流之子(辅助)
2026020501,48251408_41_1770271358,1,2,ban,沈梦溪
2026020501,48251408_41_1770271358,2,1,ban,裴擒虎
2026020501,48251408_41_1770271358,3,2,ban,蚩奼
2026020501,48251408_41_1770271358,4,1,pick,盾山
2026020501,48251408_41_1770271358,5,2,pick,太乙真人
2026020501,48251408_41_1770271358,6,2,pick,孙尚香
2026020501,48251408_41_1770271358,7,1,pick,女娲
2026020501,48251408_41_1770271358,8,1,pick,艾琳
2026020501,48251408_41_1770271358,9,2,pick,西施
2026020501,48251408_41_1770271358,10,2,ban,哪吒
2026020501,48251408_41_1770271358,11,1,ban,关羽
2026020501,48251408_41_1770271358,12,2,ban,阿古朵
2026020501,48251408_41_1770271358,13,1,ban,元流之子(坦克)
2026020501,48251408_41_1770271358,14,2,ban,影
2026020501,48251408_41_1770271358,15,1,ban,大司命
2026020501,48251408_41_1770271358,16,2,pick,镜
2026020501,48251408_41_1770271358,17,1,pick,狂铁
2026020501,48251408_41_1770271358,18,1,pick,云缨
2026020501,48251408_41_1770271358,19,2,pick,达摩
2026020403,1272988176_16_1770212697,0,1,ban,盾山
2026020403,1272988176_16_1770212697,1,2,ban,大司命
2026020403,1272988176_16_1770212697,2,1,ban,敖隐
2026020403,1272988176_16_1770212697,3,2,ban,杨戬
2026020403,1272988176_16_1770212697,4,1,pick,鲁班大师
2026020403,1272988176_16_1770212697,5,2,pick,狄仁杰
2026020403,1272988176_16_1770212697,6,2,pick,裴擒虎
2026020403,1272988176_16_1770212697,7,1,pick,橘右京
2026020403,1272988176_16_1770212697,8,1,pick,蚩奼
2026020403,1272988176_16_1770212697,9,2,pick,海月
2026020403,1272988176_16_1770212697,10,2,ban,女娲
2026020403,1272988176_16_1770212697,11,1,ban,张飞
2026020403,1272988176_16_1770212697,12,2,ban,沈梦溪
2026020403,1272988176_16_1770212697,13,1,ban,夏洛特
2026020403,1272988176_16_1770212697,14,2,ban,嬴政
2026020403,1272988176_16_1770212697,15,1,ban,曹操
2026020403,1272988176_16_1770212697,16,2,pick,廉颇
2026020403,1272988176_16_1770212697,17,1,pick,甄姬
2026020403,1272988176_16_1770212697,18,1,pick,狂铁
2026020403,1272988176_16_1770212697,19,2,pick,关羽
2026020603,48251408_55_1770380241,0,1,ban,狂铁
2026020603,48251408_55_1770380241,1,2,ban,空空儿
2026020603,48251408_55_1770380241,2,1,ban,苏烈
2026020603,48251408_55_1770380241,3,2,ban,鲁班大师
2026020603,48251408_55_1770380241,4,1,pick,盾山
2026020603,48251408_55_1770380241,5,2,pick,太乙真人
2026020603,48251408_55_1770380241,6,2,pick,孙尚香
2026020603,48251408_55_1770380241,7,1,pick,艾琳
2026020603,48251408_55_1770380241,8,1,pick,沈梦溪
2026020603,48251408_55_1770380241,9,2,pick,关羽
2026020603,48251408_55_1770380241,10,2,ban,元流之子(坦克)
2026020603,48251408_55_1770380241,11,1,ban,不知火舞
2026020603,48251408_55_1770380241,12,2,ban,蚩奼
2026020603,48251408_55_1770380241,13,1,ban,西施
2026020603,48251408_55_1770380241,14,2,ban,镜
2026020603,48251408_55_1770380241,15,1,ban,海月
2026020603,48251408_55_1770380241,16,2,pick,云缨
2026020603,48251408_55_1770380241,17,1,pick,宫本武藏
2026020603,48251408_55_1770380241,18,1,pick,蒙恬
2026020603,48251408_55_1770380241,19,2,pick,小乔
2026013102,1272988176_7_1769850223,0,1,ban,苏烈
2026013102,1272988176_7_1769850223,1,2,ban,盾山
2026013102,1272988176_7_1769850223,2,1,ban,镜
2026013102,1272988176_7_1769850223,3,2,ban,鲁班大师
2026013102,1272988176_7_1769850223,4,1,pick,空空儿
2026013102,1272988176_7_1769850223,5,2,pick,张飞
2026013102,1272988176_7_1769850223,6,2,pick,公孙离
2026013102,1272988176_7_1769850223,7,1,pick,橘右京
2026013102,1272988176_7_1769850223,8,1,pick,戈娅
2026013102,1272988176_7_1769850223,9,2,pick,海诺
2026013102,1272988176_7_1769850223,10,2,ban,小乔
2026013102,1272988176_7_1769850223,11,1,ban,宫本武藏
2026013102,1272988176_7_1769850223,12,2,ban,吕布
2026013102,1272988176_7_1769850223,13,1,ban,狂铁
2026013102,1272988176_7_1769850223,14,2,ban,老夫子
2026013102,1272988176_7_1769850223,15,1,ban,哪吒
2026013102,1272988176_7_1769850223,16,2,pick,司空震
2026013102,1272988176_7_1769850223,17,1,pick,曹操
2026013102,1272988176_7_1769850223,18,1,pick,安琪拉
2026013102,1272988176_7_1769850223,19,2,pick,暃
2026013001,836780560_5_1769758785,0,1,ban,关羽
2026013001,836780560_5_1769758785,1,2,ban,沈梦溪
2026013001,836780560_5_1769758785,2,1,ban,太乙真人
2026013001,836780560_5_1769758785,3,2,ban,盾山
2026013001,836780560_5_1769758785,4,1,pick,戈娅
2026013001,836780560_5_1769758785,5,2,pick,敖隐
2026013001,836780560_5_1769758785,6,2,pick,女娲
2026013001,836780560_5_1769758785,7,1,pick,少司缘
2026013001,836780560_5_1769758785,8,1,pick,大司命
2026013001,836780560_5_1769758785,9,2,pick,廉颇
2026013001,836780560_5_1769758785,10,2,ban,海月
2026013001,836780560_5_1769758785,11,1,ban,哪吒
2026013001,836780560_5_1769758785,12,2,ban,嬴政
2026013001,836780560_5_1769758785,13,1,ban,宫本武藏
2026013001,836780560_5_1769758785,14,2,ban,小乔
2026013001,836780560_5_1769758785,15,1,ban,司空震
2026013001,836780560_5_1769758785,16,2,pick,橘右京
2026013001,836780560_5_1769758785,17,1,pick,狂铁
2026013001,836780560_5_1769758785,18,1,pick,姜子牙
2026013001,836780560_5_1769758785,19,2,pick,夏洛特
2026013102,1272988176_8_1769852757,0,1,ban,司空震
2026013102,1272988176_8_1769852757,1,2,ban,女娲
2026013102,1272988176_8_1769852757,2,1,ban,镜
2026013102,1272988176_8_1769852757,3,2,ban,曹操
2026013102,1272988176_8_1769852757,4,1,pick,盾山
2026013102,1272988176_8_1769852757,5,2,pick,苏烈
2026013102,1272988176_8_1769852757,6,2,pick,沈梦溪
2026013102,1272988176_8_1769852757,7,1,pick,元流之子(坦克)
2026013102,1272988176_8_1769852757,8,1,pick,艾琳
2026013102,1272988176_8_1769852757,9,2,pick,阿古朵
2026013102,1272988176_8_1769852757,10,2,ban,不知火舞
2026013102,1272988176_8_1769852757,11,1,ban,蚩奼
2026013102,1272988176_8_1769852757,12,2,ban,嬴政
2026013102,1272988176_8_1769852757,13,1,ban,敖隐
2026013102,1272988176_8_1769852757,14,2,ban,关羽
2026013102,1272988176_8_1769852757,15,1,ban,夏洛特
2026013102,1272988176_8_1769852757,16,2,pick,狂铁
2026013102,1272988176_8_1769852757,17,1,pick,影
2026013102,1272988176_8_1769852757,18,1,pick,嫦娥
2026013102,1272988176_8_1769852757,19,2,pick,孙权
2026020603,48251408_57_1770384412,0,1,ban,苏烈
2026020603,48251408_57_1770384412,1,2,ban,盾山
2026020603,48251408_57_1770384412,2,1,ban,鲁班大师
2026020603,48251408_57_1770384412,3,2,ban,空空儿
2026020603,48251408_57_1770384412,4,1,pick,少司缘
2026020603,48251408_57_1770384412,5,2,pick,敖隐
2026020603,48251408_57_1770384412,6,2,pick,夏洛特
2026020603,48251408_57_1770384412,7,1,pick,苍
2026020603,48251408_57_1770384412,8,1,pick,沈梦溪
2026020603,48251408_57_1770384412,9,2,pick,海月
2026020603,48251408_57_1770384412,10,2,ban,阿古朵
2026020603,48251408_57_1770384412,11,1,ban,大司命
2026020603,48251408_57_1770384412,12,2,ban,元流之子(坦克)
2026020603,48251408_57_1770384412,13,1,ban,张飞
2026020603,48251408_57_1770384412,14,2,ban,白起
2026020603,48251408_57_1770384412,15,1,ban,镜
2026020603,48251408_57_1770384412,16,2,pick,朵莉亚
2026020603,48251408_57_1770384412,17,1,pick,夏侯惇
2026020603,48251408_57_1770384412,18,1,pick,狂铁
2026020603,48251408_57_1770384412,19,2,pick,杨戬
2026020702,1272988176_21_1770456952,0,1,ban,沈梦溪
2026020702,1272988176_21_1770456952,1,2,ban,空空儿
2026020702,1272988176_21_1770456952,2,1,ban,敖隐
2026020702,1272988176_21_1770456952,3,2,ban,鲁班大师
2026020702,1272988176_21_1770456952,4,1,pick,盾山
2026020702,1272988176_21_1770456952,5,2,pick,蚩奼
2026020702,1272988176_21_1770456952,6,2,pick,苏烈
2026020702,1272988176_21_1770456952,7,1,pick,艾琳
2026020702,1272988176_21_1770456952,8,1,pick,元流之子(坦克)
2026020702,1272988176_21_1770456952,9,2,pick,阿古朵
2026020702,1272988176_21_1770456952,10,2,ban,司空震
2026020702,1272988176_21_1770456952,11,1,ban,西施
2026020702,1272988176_21_1770456952,12,2,ban,曹操
2026020702,1272988176_21_1770456952,13,1,ban,女娲
2026020702,1272988176_21_1770456952,14,2,ban,马超
2026020702,1272988176_21_1770456952,15,1,ban,夏洛特
2026020702,1272988176_21_1770456952,16,2,pick,关羽
2026020702,1272988176_21_1770456952,17,1,pick,武则天
2026020702,1272988176_21_1770456952,18,1,pick,姬小满
2026020702,1272988176_21_1770456952,19,2,pick,安琪拉
2026020502,501236240_19_1770285506,0,1,ban,鲁班大师
2026020502,501236240_19_1770285506,1,2,ban,敖隐
2026020502,501236240_19_1770285506,2,1,ban,狂铁
2026020502,501236240_19_1770285506,3,2,ban,空空儿
2026020502,501236240_19_1770285506,4,1,pick,曹操
2026020502,501236240_19_1770285506,5,2,pick,孙尚香
2026020502,501236240_19_1770285506,6,2,pick,太乙真人
2026020502,501236240_19_1770285506,7,1,pick,盾山
2026020502,501236240_19_1770285506,8,1,pick,艾琳
2026020502,501236240_19_1770285506,9,2,pick,西施
2026020502,501236240_19_1770285506,10,2,ban,镜
2026020502,501236240_19_1770285506,11,1,ban,宫本武藏
2026020502,501236240_19_1770285506,12,2,ban,暃
2026020502,501236240_19_1770285506,13,1,ban,蒙恬
2026020502,501236240_19_1770285506,14,2,ban,女娲
2026020502,501236240_19_1770285506,15,1,ban,关羽
2026020502,501236240_19_1770285506,16,2,pick,哪吒
2026020502,501236240_19_1770285506,17,1,pick,阿古朵
2026020502,501236240_19_1770285506,18,1,pick,嬴政
2026020502,501236240_19_1770285506,19,2,pick,蚩奼
2026020701,501236240_23_1770446180,0,1,ban,盾山
2026020701,501236240_23_1770446180,1,2,ban,鲁班大师
2026020701,501236240_23_1770446180,2,1,ban,敖隐
2026020701,501236240_23_1770446180,3,2,ban,空空儿
2026020701,501236240_23_1770446180,4,1,pick,苏烈
2026020701,501236240_23_1770446180,5,2,pick,沈梦溪
2026020701,501236240_23_1770446180,6,2,pick,张飞
2026020701,501236240_23_1770446180,7,1,pick,不知火舞
2026020701,501236240_23_1770446180,8,1,pick,阿古朵
2026020701,501236240_23_1770446180,9,2,pick,狂铁
2026020701,501236240_23_1770446180,10,2,ban,吕布
2026020701,501236240_23_1770446180,11,1,ban,宫本武藏
2026020701,501236240_23_1770446180,12,2,ban,关羽
2026020701,501236240_23_1770446180,13,1,ban,裴擒虎
2026020701,501236240_23_1770446180,14,2,ban,夏洛特
2026020701,501236240_23_1770446180,15,1,ban,蚩奼
2026020701,501236240_23_1770446180,16,2,pick,戈娅
2026020701,501236240_23_1770446180,17,1,pick,艾琳
2026020701,501236240_23_1770446180,18,1,pick,曹操
2026020701,501236240_23_1770446180,19,2,pick,铠
2026020702,1272988176_20_1770454969,0,1,ban,元流之子(辅助)
2026020702,1272988176_20_1770454969,1,2,ban,鲁班大师
2026020702,1272988176_20_1770454969,2,1,ban,镜
2026020702,1272988176_20_1770454969,3,2,ban,盾山
2026020702,1272988176_20_1770454969,4,1,pick,空空儿
2026020702,1272988176_20_1770454969,5,2,pick,张飞
2026020702,1272988176_20_1770454969,6,2,pick,公孙离
2026020702,1272988176_20_1770454969,7,1,pick,小乔
2026020702,1272988176_20_1770454969,8,1,pick,戈娅
2026020702,1272988176_20_1770454969,9,2,pick,沈梦溪
2026020702,1272988176_20_1770454969,10,2,ban,橘右京
2026020702,1272988176_20_1770454969,11,1,ban,哪吒
2026020702,1272988176_20_1770454969,12,2,ban,曹操
2026020702,1272988176_20_1770454969,13,1,ban,暃
2026020702,1272988176_20_1770454969,14,2,ban,老夫子
2026020702,1272988176_20_1770454969,15,1,ban,司空震
2026020702,1272988176_20_1770454969,16,2,pick,夏洛特
2026020702,1272988176_20_1770454969,17,1,pick,狂铁
2026020702,1272988176_20_1770454969,18,1,pick,夏侯惇
2026020702,1272988176_20_1770454969,19,2,pick,大司命
2026020701,501236240_26_1770451972,0,1,ban,鲁班大师
2026020701,501236240_26_1770451972,1,2,ban,盾山
2026020701,501236240_26_1770451972,2,1,ban,女娲
2026020701,501236240_26_1770451972,3,2,ban,空空儿
2026020701,501236240_26_1770451972,4,1,pick,小乔
2026020701,501236240_26_1770451972,5,2,pick,夏洛特
2026020701,501236240_26_1770451972,6,2,pick,海月
2026020701,501236240_26_1770451972,7,1,pick,阿古朵
2026020701,501236240_26_1770451972,8,1,pick,苏烈
2026020701,501236240_26_1770451972,9,2,pick,公孙离
2026020701,501236240_26_1770451972,10,2,ban,曹操
2026020701,501236240_26_1770451972,11,1,ban,宫本武藏
2026020701,501236240_26_1770451972,12,2,ban,蒙恬
2026020701,501236240_26_1770451972,13,1,ban,镜
2026020701,501236240_26_1770451972,14,2,ban,后羿
2026020701,501236240_26_1770451972,15,1,ban,杨戬
2026020701,501236240_26_1770451972,16,2,pick,张飞
2026020701,501236240_26_1770451972,17,1,pick,关羽
2026020701,501236240_26_1770451972,18,1,pick,苍
2026020701,501236240_26_1770451972,19,2,pick,暃
2026020701,501236240_24_1770448010,0,1,ban,鲁班大师
2026020701,501236240_24_1770448010,1,2,ban,盾山
2026020701,501236240_24_1770448010,2,1,ban,空空儿
2026020701,501236240_24_1770448010,3,2,ban,敖隐
2026020701,501236240_24_1770448010,4,1,pick,少司缘
2026020701,501236240_24_1770448010,5,2,pick,蚩奼
2026020701,501236240_24_1770448010,6,2,pick,沈梦溪
2026020701,501236240_24_1770448010,7,1,pick,白起
2026020701,501236240_24_1770448010,8,1,pick,海月
2026020701,501236240_24_1770448010,9,2,pick,狂铁
2026020701,501236240_24_1770448010,10,2,ban,艾琳
2026020701,501236240_24_1770448010,11,1,ban,裴擒虎
2026020701,501236240_24_1770448010,12,2,ban,阿古朵
2026020701,501236240_24_1770448010,13,1,ban,宫本武藏
2026020701,501236240_24_1770448010,14,2,ban,大司命
2026020701,501236240_24_1770448010,15,1,ban,元流之子(坦克)
2026020701,501236240_24_1770448010,16,2,pick,太乙真人
2026020701,501236240_24_1770448010,17,1,pick,孙权
2026020701,501236240_24_1770448010,18,1,pick,夏侯惇
2026020701,501236240_24_1770448010,19,2,pick,诸葛亮
2026020701,501236240_25_1770449685,0,1,ban,盾山
2026020701,501236240_25_1770449685,1,2,ban,鲁班大师
2026020701,501236240_25_1770449685,2,1,ban,苏烈
2026020701,501236240_25_1770449685,3,2,ban,公孙离
2026020701,501236240_25_1770449685,4,1,pick,空空儿
2026020701,501236240_25_1770449685,5,2,pick,敖隐
2026020701,501236240_25_1770449685,6,2,pick,杨玉环
2026020701,501236240_25_1770449685,7,1,pick,戈娅
2026020701,501236240_25_1770449685,8,1,pick,马超
2026020701,501236240_25_1770449685,9,2,pick,夏洛特
2026020701,501236240_25_1770449685,10,2,ban,女娲
2026020701,501236240_25_1770449685,11,1,ban,宫本武藏
2026020701,501236240_25_1770449685,12,2,ban,小乔
2026020701,501236240_25_1770449685,13,1,ban,哪吒
2026020701,501236240_25_1770449685,14,2,ban,海月
2026020701,501236240_25_1770449685,15,1,ban,海诺
2026020701,501236240_25_1770449685,16,2,pick,武则天
2026020701,501236240_25_1770449685,17,1,pick,裴擒虎
2026020701,501236240_25_1770449685,18,1,pick,嫦娥
2026020701,501236240_25_1770449685,19,2,pick,镜
2026020703,1222656528_14_1770467335,0,1,ban,敖隐
2026020703,1222656528_14_1770467335,1,2,ban,空空儿
2026020703,1222656528_14_1770467335,2,1,ban,苏烈
2026020703,1222656528_14_1770467335,3,2,ban,沈梦溪
2026020703,1222656528_14_1770467335,4,1,pick,盾山
2026020703,1222656528_14_1770467335,5,2,pick,太乙真人
2026020703,1222656528_14_1770467335,6,2,pick,孙尚香
2026020703,1222656528_14_1770467335,7,1,pick,蚩奼
2026020703,1222656528_14_1770467335,8,1,pick,女娲
2026020703,1222656528_14_1770467335,9,2,pick,西施
2026020703,1222656528_14_1770467335,10,2,ban,镜
2026020703,1222656528_14_1770467335,11,1,ban,哪吒
2026020703,1222656528_14_1770467335,12,2,ban,暃
2026020703,1222656528_14_1770467335,13,1,ban,橘右京
2026020703,1222656528_14_1770467335,14,2,ban,关羽
2026020703,1222656528_14_1770467335,15,1,ban,宫本武藏
2026020703,1222656528_14_1770467335,16,2,pick,大司命
2026020703,1222656528_14_1770467335,17,1,pick,阿古朵
2026020703,1222656528_14_1770467335,18,1,pick,孙策
2026020703,1222656528_14_1770467335,19,2,pick,曹操
2026020502,501236240_17_1770281999,0,1,ban,元流之子(辅助)
2026020502,501236240_17_1770281999,1,2,ban,空空儿
2026020502,501236240_17_1770281999,2,1,ban,苏烈
2026020502,501236240_17_1770281999,3,2,ban,沈梦溪
2026020502,501236240_17_1770281999,4,1,pick,敖隐
2026020502,501236240_17_1770281999,5,2,pick,裴擒虎
2026020502,501236240_17_1770281999,6,2,pick,鲁班大师
2026020502,501236240_17_1770281999,7,1,pick,司空震
2026020502,501236240_17_1770281999,8,1,pick,盾山
2026020502,501236240_17_1770281999,9,2,pick,狂铁
2026020502,501236240_17_1770281999,10,2,ban,大司命
2026020502,501236240_17_1770281999,11,1,ban,海月
2026020502,501236240_17_1770281999,12,2,ban,橘右京
2026020502,501236240_17_1770281999,13,1,ban,公孙离
2026020502,501236240_17_1770281999,14,2,ban,元流之子(坦克)
2026020502,501236240_17_1770281999,15,1,ban,女娲
2026020502,501236240_17_1770281999,16,2,pick,李元芳
2026020502,501236240_17_1770281999,17,1,pick,阿古朵
2026020502,501236240_17_1770281999,18,1,pick,不知火舞
2026020502,501236240_17_1770281999,19,2,pick,海诺
2026013003,501236240_5_1769783903,0,1,ban,鲁班大师
2026013003,501236240_5_1769783903,1,2,ban,沈梦溪
2026013003,501236240_5_1769783903,2,1,ban,关羽
2026013003,501236240_5_1769783903,3,2,ban,空空儿
2026013003,501236240_5_1769783903,4,1,pick,盾山
2026013003,501236240_5_1769783903,5,2,pick,苏烈
2026013003,501236240_5_1769783903,6,2,pick,蚩奼
2026013003,501236240_5_1769783903,7,1,pick,艾琳
2026013003,501236240_5_1769783903,8,1,pick,曹操
2026013003,501236240_5_1769783903,9,2,pick,海月
2026013003,501236240_5_1769783903,10,2,ban,女娲
2026013003,501236240_5_1769783903,11,1,ban,暃
2026013003,501236240_5_1769783903,12,2,ban,小乔
2026013003,501236240_5_1769783903,13,1,ban,宫本武藏
2026013003,501236240_5_1769783903,14,2,ban,甄姬
2026013003,501236240_5_1769783903,15,1,ban,镜
2026013003,501236240_5_1769783903,16,2,pick,夏洛特
2026013003,501236240_5_1769783903,17,1,pick,武则天
2026013003,501236240_5_1769783903,18,1,pick,阿古朵
2026013003,501236240_5_1769783903,19,2,pick,橘右京
2026013003,501236240_7_1769787484,0,1,ban,盾山
2026013003,501236240_7_1769787484,1,2,ban,沈梦溪
2026013003,501236240_7_1769787484,2,1,ban,鲁班大师
2026013003,501236240_7_1769787484,3,2,ban,苏烈
2026013003,501236240_7_1769787484,4,1,pick,蚩奼
2026013003,501236240_7_1769787484,5,2,pick,公孙离
2026013003,501236240_7_1769787484,6,2,pick,太乙真人
2026013003,501236240_7_1769787484,7,1,pick,少司缘
2026013003,501236240_7_1769787484,8,1,pick,铠
2026013003,501236240_7_1769787484,9,2,pick,司空震
2026013003,501236240_7_1769787484,10,2,ban,戈娅
2026013003,501236240_7_1769787484,11,1,ban,西施
2026013003,501236240_7_1769787484,12,2,ban,小乔
2026013003,501236240_7_1769787484,13,1,ban,甄姬
2026013003,501236240_7_1769787484,14,2,ban,女娲
2026013003,501236240_7_1769787484,15,1,ban,嬴政
2026013003,501236240_7_1769787484,16,2,pick,安琪拉
2026013003,501236240_7_1769787484,17,1,pick,海月
2026013003,501236240_7_1769787484,18,1,pick,影
2026013003,501236240_7_1769787484,19,2,pick,裴擒虎
2026020603,48251408_56_1770382536,0,1,ban,镜
2026020603,48251408_56_1770382536,1,2,ban,盾山
2026020603,48251408_56_1770382536,2,1,ban,鲁班大师
2026020603,48251408_56_1770382536,3,2,ban,空空儿
2026020603,48251408_56_1770382536,4,1,pick,苏烈
2026020603,48251408_56_1770382536,5,2,pick,张良
2026020603,48251408_56_1770382536,6,2,pick,王昭君
2026020603,48251408_56_1770382536,7,1,pick,海月
2026020603,48251408_56_1770382536,8,1,pick,敖隐
2026020603,48251408_56_1770382536,9,2,pick,阿古朵
2026020603,48251408_56_1770382536,10,2,ban,白起
2026020603,48251408_56_1770382536,11,1,ban,狂铁
2026020603,48251408_56_1770382536,12,2,ban,铠
2026020603,48251408_56_1770382536,13,1,ban,后羿
2026020603,48251408_56_1770382536,14,2,ban,曹操
2026020603,48251408_56_1770382536,15,1,ban,夏洛特
2026020603,48251408_56_1770382536,16,2,pick,苍
2026020603,48251408_56_1770382536,17,1,pick,裴擒虎
2026020603,48251408_56_1770382536,18,1,pick,孙策
2026020603,48251408_56_1770382536,19,2,pick,马超
2026020402,48251408_36_1770196470,0,1,ban,元流之子(辅助)
2026020402,48251408_36_1770196470,1,2,ban,空空儿
2026020402,48251408_36_1770196470,2,1,ban,苏烈
2026020402,48251408_36_1770196470,3,2,ban,沈梦溪
2026020402,48251408_36_1770196470,4,1,pick,盾山
2026020402,48251408_36_1770196470,5,2,pick,孙尚香
2026020402,48251408_36_1770196470,6,2,pick,太乙真人
2026020402,48251408_36_1770196470,7,1,pick,艾琳
2026020402,48251408_36_1770196470,8,1,pick,海月
2026020402,48251408_36_1770196470,9,2,pick,西施
2026020402,48251408_36_1770196470,10,2,ban,镜
2026020402,48251408_36_1770196470,11,1,ban,阿古朵
2026020402,48251408_36_1770196470,12,2,ban,关羽
2026020402,48251408_36_1770196470,13,1,ban,宫本武藏
2026020402,48251408_36_1770196470,14,2,ban,司空震
2026020402,48251408_36_1770196470,15,1,ban,蒙恬
2026020402,48251408_36_1770196470,16,2,pick,夏洛特
2026020402,48251408_36_1770196470,17,1,pick,夏侯惇
2026020402,48251408_36_1770196470,18,1,pick,曹操
2026020402,48251408_36_1770196470,19,2,pick,曜
2026020501,48251408_43_1770275528,0,1,ban,鲁班大师
2026020501,48251408_43_1770275528,1,2,ban,盾山
2026020501,48251408_43_1770275528,2,1,ban,公孙离
2026020501,48251408_43_1770275528,3,2,ban,空空儿
2026020501,48251408_43_1770275528,4,1,pick,戈娅
2026020501,48251408_43_1770275528,5,2,pick,苏烈
2026020501,48251408_43_1770275528,6,2,pick,蚩奼
2026020501,48251408_43_1770275528,7,1,pick,大司命
2026020501,48251408_43_1770275528,8,1,pick,少司缘
2026020501,48251408_43_1770275528,9,2,pick,海月
2026020501,48251408_43_1770275528,10,2,ban,女娲
2026020501,48251408_43_1770275528,11,1,ban,阿古朵
2026020501,48251408_43_1770275528,12,2,ban,沈梦溪
2026020501,48251408_43_1770275528,13,1,ban,宫本武藏
2026020501,48251408_43_1770275528,14,2,ban,狂铁
2026020501,48251408_43_1770275528,15,1,ban,暃
2026020501,48251408_43_1770275528,16,2,pick,镜
2026020501,48251408_43_1770275528,17,1,pick,武则天
2026020501,48251408_43_1770275528,18,1,pick,曹操
2026020501,48251408_43_1770275528,19,2,pick,司空震
2026020402,48251408_38_1770200061,0,1,ban,鲁班大师
2026020402,48251408_38_1770200061,1,2,ban,空空儿
2026020402,48251408_38_1770200061,2,1,ban,关羽
2026020402,48251408_38_1770200061,3,2,ban,阿古朵
2026020402,48251408_38_1770200061,4,1,pick,沈梦溪
2026020402,48251408_38_1770200061,5,2,pick,大司命
2026020402,48251408_38_1770200061,6,2,pick,苏烈
2026020402,48251408_38_1770200061,7,1,pick,戈娅
2026020402,48251408_38_1770200061,8,1,pick,少司缘
2026020402,48251408_38_1770200061,9,2,pick,不知火舞
2026020402,48251408_38_1770200061,10,2,ban,夏洛特
2026020402,48251408_38_1770200061,11,1,ban,艾琳
2026020402,48251408_38_1770200061,12,2,ban,白起
2026020402,48251408_38_1770200061,13,1,ban,司空震
2026020402,48251408_38_1770200061,14,2,ban,影
2026020402,48251408_38_1770200061,15,1,ban,公孙离
2026020402,48251408_38_1770200061,16,2,pick,狂铁
2026020402,48251408_38_1770200061,17,1,pick,吕布
2026020402,48251408_38_1770200061,18,1,pick,橘右京
2026020402,48251408_38_1770200061,19,2,pick,后羿
2026020703,1222656528_16_1770470651,0,1,ban,鲁班大师
2026020703,1222656528_16_1770470651,1,2,ban,盾山
2026020703,1222656528_16_1770470651,2,1,ban,狂铁
2026020703,1222656528_16_1770470651,3,2,ban,敖隐
2026020703,1222656528_16_1770470651,4,1,pick,空空儿
2026020703,1222656528_16_1770470651,5,2,pick,公孙离
2026020703,1222656528_16_1770470651,6,2,pick,张飞
2026020703,1222656528_16_1770470651,7,1,pick,橘右京
2026020703,1222656528_16_1770470651,8,1,pick,沈梦溪
2026020703,1222656528_16_1770470651,9,2,pick,海诺
2026020703,1222656528_16_1770470651,10,2,ban,戈娅
2026020703,1222656528_16_1770470651,11,1,ban,暃
2026020703,1222656528_16_1770470651,12,2,ban,影
2026020703,1222656528_16_1770470651,13,1,ban,镜
2026020703,1222656528_16_1770470651,14,2,ban,苍
2026020703,1222656528_16_1770470651,15,1,ban,达摩
2026020703,1222656528_16_1770470651,16,2,pick,云缨
2026020703,1222656528_16_1770470651,17,1,pick,李元芳
2026020703,1222656528_16_1770470651,18,1,pick,司空震
2026020703,1222656528_16_1770470651,19,2,pick,关羽
2026012303,48251408_36_1769174258,0,1,ban,狄仁杰
2026012303,48251408_36_1769174258,1,2,ban,鲁班大师
2026012303,48251408_36_1769174258,2,1,ban,大司命
2026012303,48251408_36_1769174258,3,2,ban,盾山
2026012303,48251408_36_1769174258,4,1,pick,苏烈
2026012303,48251408_36_1769174258,5,2,pick,空空儿
2026012303,48251408_36_1769174258,6,2,pick,公孙离
2026012303,48251408_36_1769174258,7,1,pick,敖隐
2026012303,48251408_36_1769174258,8,1,pick,沈梦溪
2026012303,48251408_36_1769174258,9,2,pick,马超
2026012303,48251408_36_1769174258,10,2,ban,狂铁
2026012303,48251408_36_1769174258,11,1,ban,橘右京
2026012303,48251408_36_1769174258,12,2,ban,宫本武藏
2026012303,48251408_36_1769174258,13,1,ban,裴擒虎
2026012303,48251408_36_1769174258,14,2,ban,老夫子
2026012303,48251408_36_1769174258,15,1,ban,海月
2026012303,48251408_36_1769174258,16,2,pick,小乔
2026012303,48251408_36_1769174258,17,1,pick,夏洛特
2026012303,48251408_36_1769174258,18,1,pick,哪吒
2026012303,48251408_36_1769174258,19,2,pick,夏侯惇
2026020802,836780560_20_1770541275,0,1,ban,元流之子(辅助)
2026020802,836780560_20_1770541275,1,2,ban,橘右京
2026020802,836780560_20_1770541275,2,1,ban,苏烈
2026020802,836780560_20_1770541275,3,2,ban,盾山
2026020802,836780560_20_1770541275,4,1,pick,鲁班大师
2026020802,836780560_20_1770541275,5,2,pick,敖隐
2026020802,836780560_20_1770541275,6,2,pick,沈梦溪
2026020802,836780560_20_1770541275,7,1,pick,裴擒虎
2026020802,836780560_20_1770541275,8,1,pick,狂铁
2026020802,836780560_20_1770541275,9,2,pick,大司命
2026020802,836780560_20_1770541275,10,2,ban,海月
2026020802,836780560_20_1770541275,11,1,ban,张飞
2026020802,836780560_20_1770541275,12,2,ban,王昭君
2026020802,836780560_20_1770541275,13,1,ban,廉颇
2026020802,836780560_20_1770541275,14,2,ban,安琪拉
2026020802,836780560_20_1770541275,15,1,ban,关羽
2026020802,836780560_20_1770541275,16,2,pick,夏洛特
2026020802,836780560_20_1770541275,17,1,pick,李元芳
2026020802,836780560_20_1770541275,18,1,pick,小乔
2026020802,836780560_20_1770541275,19,2,pick,墨子
2026012303,48251408_35_1769172235,0,1,ban,狄仁杰
2026012303,48251408_35_1769172235,1,2,ban,鲁班大师
2026012303,48251408_35_1769172235,2,1,ban,镜
2026012303,48251408_35_1769172235,3,2,ban,沈梦溪
2026012303,48251408_35_1769172235,4,1,pick,空空儿
2026012303,48251408_35_1769172235,5,2,pick,艾琳
2026012303,48251408_35_1769172235,6,2,pick,盾山
2026012303,48251408_35_1769172235,7,1,pick,戈娅
2026012303,48251408_35_1769172235,8,1,pick,小乔
2026012303,48251408_35_1769172235,9,2,pick,女娲
2026012303,48251408_35_1769172235,10,2,ban,哪吒
2026012303,48251408_35_1769172235,11,1,ban,元流之子(坦克)
2026012303,48251408_35_1769172235,12,2,ban,关羽
2026012303,48251408_35_1769172235,13,1,ban,宫本武藏
2026012303,48251408_35_1769172235,14,2,ban,大司命
2026012303,48251408_35_1769172235,15,1,ban,夏侯惇
2026012303,48251408_35_1769172235,16,2,pick,狂铁
2026012303,48251408_35_1769172235,17,1,pick,白起
2026012303,48251408_35_1769172235,18,1,pick,橘右京
2026012303,48251408_35_1769172235,19,2,pick,暃
2026011501,48251408_42_1768459382,0,1,ban,公孙离
2026011501,48251408_42_1768459382,1,2,ban,空空儿
2026011501,48251408_42_1768459382,2,1,ban,元流之子(辅助)
2026011501,48251408_42_1768459382,3,2,ban,鲁班大师
2026011501,48251408_42_1768459382,4,1,pick,盾山
2026011501,48251408_42_1768459382,5,2,pick,苏烈
2026011501,48251408_42_1768459382,6,2,pick,蚩奼
2026011501,48251408_42_1768459382,7,1,pick,艾琳
2026011501,48251408_42_1768459382,8,1,pick,元流之子(坦克)
2026011501,48251408_42_1768459382,9,2,pick,阿古朵
2026011501,48251408_42_1768459382,10,2,ban,海月
2026011501,48251408_42_1768459382,11,1,ban,女娲
2026011501,48251408_42_1768459382,12,2,ban,司空震
2026011501,48251408_42_1768459382,13,1,ban,西施
2026011501,48251408_42_1768459382,14,2,ban,曹操
2026011501,48251408_42_1768459382,15,1,ban,关羽
2026011501,48251408_42_1768459382,16,2,pick,沈梦溪
2026011501,48251408_42_1768459382,17,1,pick,不知火舞
2026011501,48251408_42_1768459382,18,1,pick,夏洛特
2026011501,48251408_42_1768459382,19,2,pick,狂铁
2026020703,1222656528_13_1770465679,0,1,ban,女娲
2026020703,1222656528_13_1770465679,1,2,ban,盾山
2026020703,1222656528_13_1770465679,2,1,ban,沈梦溪
2026020703,1222656528_13_1770465679,3,2,ban,空空儿
2026020703,1222656528_13_1770465679,4,1,pick,敖隐
2026020703,1222656528_13_1770465679,5,2,pick,元流之子(射手)
2026020703,1222656528_13_1770465679,6,2,pick,鲁班大师
2026020703,1222656528_13_1770465679,7,1,pick,裴擒虎
2026020703,1222656528_13_1770465679,8,1,pick,甄姬
2026020703,1222656528_13_1770465679,9,2,pick,杨戬
2026020703,1222656528_13_1770465679,10,2,ban,关羽
2026020703,1222656528_13_1770465679,11,1,ban,不知火舞
2026020703,1222656528_13_1770465679,12,2,ban,张飞
2026020703,1222656528_13_1770465679,13,1,ban,干将莫邪
2026020703,1222656528_13_1770465679,14,2,ban,墨子
2026020703,1222656528_13_1770465679,15,1,ban,嬴政
2026020703,1222656528_13_1770465679,16,2,pick,狂铁
2026020703,1222656528_13_1770465679,17,1,pick,孙膑
2026020703,1222656528_13_1770465679,18,1,pick,白起
2026020703,1222656528_13_1770465679,19,2,pick,小乔
2026020802,836780560_23_1770548266,0,1,ban,盾山
2026020802,836780560_23_1770548266,1,2,ban,鲁班大师
2026020802,836780560_23_1770548266,2,1,ban,空空儿
2026020802,836780560_23_1770548266,3,2,ban,苏烈
2026020802,836780560_23_1770548266,4,1,pick,太乙真人
2026020802,836780560_23_1770548266,5,2,pick,敖隐
2026020802,836780560_23_1770548266,6,2,pick,少司缘
2026020802,836780560_23_1770548266,7,1,pick,孙尚香
2026020802,836780560_23_1770548266,8,1,pick,海月
2026020802,836780560_23_1770548266,9,2,pick,嬴政
2026020802,836780560_23_1770548266,10,2,ban,狂铁
2026020802,836780560_23_1770548266,11,1,ban,蒙恬
2026020802,836780560_23_1770548266,12,2,ban,杨戬
2026020802,836780560_23_1770548266,13,1,ban,白起
2026020802,836780560_23_1770548266,14,2,ban,夏侯惇
2026020802,836780560_23_1770548266,15,1,ban,阿古朵
2026020802,836780560_23_1770548266,16,2,pick,元流之子(坦克)
2026020802,836780560_23_1770548266,17,1,pick,云缨
2026020802,836780560_23_1770548266,18,1,pick,关羽
2026020802,836780560_23_1770548266,19,2,pick,马超
2026021003,48251408_7_1770727156,0,1,ban,元流之子(辅助)
2026021003,48251408_7_1770727156,1,2,ban,沈梦溪
2026021003,48251408_7_1770727156,2,1,ban,苏烈
2026021003,48251408_7_1770727156,3,2,ban,夏洛特
2026021003,48251408_7_1770727156,4,1,pick,敖隐
2026021003,48251408_7_1770727156,5,2,pick,盾山
2026021003,48251408_7_1770727156,6,2,pick,女娲
2026021003,48251408_7_1770727156,7,1,pick,元流之子(坦克)
2026021003,48251408_7_1770727156,8,1,pick,墨子
2026021003,48251408_7_1770727156,9,2,pick,艾琳
2026021003,48251408_7_1770727156,10,2,ban,不知火舞
2026021003,48251408_7_1770727156,11,1,ban,阿古朵
2026021003,48251408_7_1770727156,12,2,ban,小乔
2026021003,48251408_7_1770727156,13,1,ban,夏侯惇
2026021003,48251408_7_1770727156,14,2,ban,关羽
2026021003,48251408_7_1770727156,15,1,ban,大司命
2026021003,48251408_7_1770727156,16,2,pick,狂铁
2026021003,48251408_7_1770727156,17,1,pick,武则天
2026021003,48251408_7_1770727156,18,1,pick,曹操
2026021003,48251408_7_1770727156,19,2,pick,铠
2026020101,48251408_30_1769925744,0,1,ban,空空儿
2026020101,48251408_30_1769925744,1,2,ban,鲁班大师
2026020101,48251408_30_1769925744,2,1,ban,苏烈
2026020101,48251408_30_1769925744,3,2,ban,盾山
2026020101,48251408_30_1769925744,4,1,pick,沈梦溪
2026020101,48251408_30_1769925744,5,2,pick,少司缘
2026020101,48251408_30_1769925744,6,2,pick,公孙离
2026020101,48251408_30_1769925744,7,1,pick,苍
2026020101,48251408_30_1769925744,8,1,pick,太乙真人
2026020101,48251408_30_1769925744,9,2,pick,不知火舞
2026020101,48251408_30_1769925744,10,2,ban,宫本武藏
2026020101,48251408_30_1769925744,11,1,ban,狂铁
2026020101,48251408_30_1769925744,12,2,ban,大司命
2026020101,48251408_30_1769925744,13,1,ban,蒙恬
2026020101,48251408_30_1769925744,14,2,ban,元流之子(坦克)
2026020101,48251408_30_1769925744,15,1,ban,关羽
2026020101,48251408_30_1769925744,16,2,pick,橘右京
2026020101,48251408_30_1769925744,17,1,pick,阿古朵
2026020101,48251408_30_1769925744,18,1,pick,司空震
2026020101,48251408_30_1769925744,19,2,pick,白起
2026021003,48251408_6_1770724999,0,1,ban,苏烈
2026021003,48251408_6_1770724999,1,2,ban,盾山
2026021003,48251408_6_1770724999,2,1,ban,元流之子(辅助)
2026021003,48251408_6_1770724999,3,2,ban,鲁班大师
2026021003,48251408_6_1770724999,4,1,pick,公孙离
2026021003,48251408_6_1770724999,5,2,pick,空空儿
2026021003,48251408_6_1770724999,6,2,pick,戈娅
2026021003,48251408_6_1770724999,7,1,pick,廉颇
2026021003,48251408_6_1770724999,8,1,pick,沈梦溪
2026021003,48251408_6_1770724999,9,2,pick,橘右京
2026021003,48251408_6_1770724999,10,2,ban,哪吒
2026021003,48251408_6_1770724999,11,1,ban,小乔
2026021003,48251408_6_1770724999,12,2,ban,镜
2026021003,48251408_6_1770724999,13,1,ban,不知火舞
2026021003,48251408_6_1770724999,14,2,ban,关羽
2026021003,48251408_6_1770724999,15,1,ban,狂铁
2026021003,48251408_6_1770724999,16,2,pick,嫦娥
2026021003,48251408_6_1770724999,17,1,pick,夏洛特
2026021003,48251408_6_1770724999,18,1,pick,宫本武藏
2026021003,48251408_6_1770724999,19,2,pick,司空震
2026020802,836780560_22_1770545711,0,1,ban,空空儿
2026020802,836780560_22_1770545711,1,2,ban,鲁班大师
2026020802,836780560_22_1770545711,2,1,ban,关羽
2026020802,836780560_22_1770545711,3,2,ban,元流之子(坦克)
2026020802,836780560_22_1770545711,4,1,pick,盾山
2026020802,836780560_22_1770545711,5,2,pick,苏烈
2026020802,836780560_22_1770545711,6,2,pick,蚩奼
2026020802,836780560_22_1770545711,7,1,pick,艾琳
2026020802,836780560_22_1770545711,8,1,pick,曹操
2026020802,836780560_22_1770545711,9,2,pick,女娲
2026020802,836780560_22_1770545711,10,2,ban,哪吒
2026020802,836780560_22_1770545711,11,1,ban,镜
2026020802,836780560_22_1770545711,12,2,ban,嬴政
2026020802,836780560_22_1770545711,13,1,ban,宫本武藏
2026020802,836780560_22_1770545711,14,2,ban,小乔
2026020802,836780560_22_1770545711,15,1,ban,蒙恬
2026020802,836780560_22_1770545711,16,2,pick,夏侯惇
2026020802,836780560_22_1770545711,17,1,pick,铠
2026020802,836780560_22_1770545711,18,1,pick,姜子牙
2026020802,836780560_22_1770545711,19,2,pick,司空震
2026021003,48251408_8_1770729008,0,1,ban,沈梦溪
2026021003,48251408_8_1770729008,1,2,ban,敖隐
2026021003,48251408_8_1770729008,2,1,ban,狄仁杰
2026021003,48251408_8_1770729008,3,2,ban,鲁班大师
2026021003,48251408_8_1770729008,4,1,pick,苏烈
2026021003,48251408_8_1770729008,5,2,pick,少司缘
2026021003,48251408_8_1770729008,6,2,pick,公孙离
2026021003,48251408_8_1770729008,7,1,pick,戈娅
2026021003,48251408_8_1770729008,8,1,pick,阿古朵
2026021003,48251408_8_1770729008,9,2,pick,女娲
2026021003,48251408_8_1770729008,10,2,ban,不知火舞
2026021003,48251408_8_1770729008,11,1,ban,白起
2026021003,48251408_8_1770729008,12,2,ban,嬴政
2026021003,48251408_8_1770729008,13,1,ban,蚩奼
2026021003,48251408_8_1770729008,14,2,ban,海月
2026021003,48251408_8_1770729008,15,1,ban,关羽
2026021003,48251408_8_1770729008,16,2,pick,狂铁
2026021003,48251408_8_1770729008,17,1,pick,影
2026021003,48251408_8_1770729008,18,1,pick,西施
2026021003,48251408_8_1770729008,19,2,pick,镜
2026013003,501236240_4_1769782009,0,1,ban,沈梦溪
2026013003,501236240_4_1769782009,1,2,ban,鲁班大师
2026013003,501236240_4_1769782009,2,1,ban,苏烈
2026013003,501236240_4_1769782009,3,2,ban,蚩奼
2026013003,501236240_4_1769782009,4,1,pick,空空儿
2026013003,501236240_4_1769782009,5,2,pick,张飞
2026013003,501236240_4_1769782009,6,2,pick,公孙离
2026013003,501236240_4_1769782009,7,1,pick,小乔
2026013003,501236240_4_1769782009,8,1,pick,戈娅
2026013003,501236240_4_1769782009,9,2,pick,海诺
2026013003,501236240_4_1769782009,10,2,ban,橘右京
2026013003,501236240_4_1769782009,11,1,ban,暃
2026013003,501236240_4_1769782009,12,2,ban,裴擒虎
2026013003,501236240_4_1769782009,13,1,ban,云缨
2026013003,501236240_4_1769782009,14,2,ban,大司命
2026013003,501236240_4_1769782009,15,1,ban,哪吒
2026013003,501236240_4_1769782009,16,2,pick,司空震
2026013003,501236240_4_1769782009,17,1,pick,狂铁
2026013003,501236240_4_1769782009,18,1,pick,娜可露露
2026013003,501236240_4_1769782009,19,2,pick,杨戬
2026020602,48251408_51_1770368659,0,1,ban,元流之子(辅助)
2026020602,48251408_51_1770368659,1,2,ban,鲁班大师
2026020602,48251408_51_1770368659,2,1,ban,公孙离
2026020602,48251408_51_1770368659,3,2,ban,空空儿
2026020602,48251408_51_1770368659,4,1,pick,盾山
2026020602,48251408_51_1770368659,5,2,pick,太乙真人
2026020602,48251408_51_1770368659,6,2,pick,孙尚香
2026020602,48251408_51_1770368659,7,1,pick,敖隐
2026020602,48251408_51_1770368659,8,1,pick,司空震
2026020602,48251408_51_1770368659,9,2,pick,女娲
2026020602,48251408_51_1770368659,10,2,ban,沈梦溪
2026020602,48251408_51_1770368659,11,1,ban,元流之子(坦克)
2026020602,48251408_51_1770368659,12,2,ban,不知火舞
2026020602,48251408_51_1770368659,13,1,ban,狂铁
2026020602,48251408_51_1770368659,14,2,ban,嬴政
2026020602,48251408_51_1770368659,15,1,ban,蒙恬
2026020602,48251408_51_1770368659,16,2,pick,马超
2026020602,48251408_51_1770368659,17,1,pick,杨玉环
2026020602,48251408_51_1770368659,18,1,pick,镜
2026020602,48251408_51_1770368659,19,2,pick,杨戬
2026011501,48251408_43_1768461472,0,1,ban,盾山
2026011501,48251408_43_1768461472,1,2,ban,蚩奼
2026011501,48251408_43_1768461472,2,1,ban,女娲
2026011501,48251408_43_1768461472,3,2,ban,戈娅
2026011501,48251408_43_1768461472,4,1,pick,鲁班大师
2026011501,48251408_43_1768461472,5,2,pick,元流之子(辅助)
2026011501,48251408_43_1768461472,6,2,pick,狄仁杰
2026011501,48251408_43_1768461472,7,1,pick,铠
2026011501,48251408_43_1768461472,8,1,pick,嬴政
2026011501,48251408_43_1768461472,9,2,pick,不知火舞
2026011501,48251408_43_1768461472,10,2,ban,司空震
2026011501,48251408_43_1768461472,11,1,ban,镜
2026011501,48251408_43_1768461472,12,2,ban,关羽
2026011501,48251408_43_1768461472,13,1,ban,蒙恬
2026011501,48251408_43_1768461472,14,2,ban,鲁班七号
2026011501,48251408_43_1768461472,15,1,ban,裴擒虎
2026011501,48251408_43_1768461472,16,2,pick,曹操
2026011501,48251408_43_1768461472,17,1,pick,马超
2026011501,48251408_43_1768461472,18,1,pick,虞姬
2026011501,48251408_43_1768461472,19,2,pick,大司命
2026021003,48251408_9_1770731585,0,1,ban,元流之子(辅助)
2026021003,48251408_9_1770731585,1,2,ban,鲁班大师
2026021003,48251408_9_1770731585,2,1,ban,空空儿
2026021003,48251408_9_1770731585,3,2,ban,沈梦溪
2026021003,48251408_9_1770731585,4,1,pick,蚩奼
2026021003,48251408_9_1770731585,5,2,pick,太乙真人
2026021003,48251408_9_1770731585,6,2,pick,孙尚香
2026021003,48251408_9_1770731585,7,1,pick,苏烈
2026021003,48251408_9_1770731585,8,1,pick,阿古朵
2026021003,48251408_9_1770731585,9,2,pick,镜
2026021003,48251408_9_1770731585,10,2,ban,海月
2026021003,48251408_9_1770731585,11,1,ban,蒙恬
2026021003,48251408_9_1770731585,12,2,ban,马超
2026021003,48251408_9_1770731585,13,1,ban,白起
2026021003,48251408_9_1770731585,14,2,ban,夏洛特
2026021003,48251408_9_1770731585,15,1,ban,海诺
2026021003,48251408_9_1770731585,16,2,pick,关羽
2026021003,48251408_9_1770731585,17,1,pick,达摩
2026021003,48251408_9_1770731585,18,1,pick,不知火舞
2026021003,48251408_9_1770731585,19,2,pick,金蝉
2026021003,48251408_10_1770733357,0,1,ban,盾山
2026021003,48251408_10_1770733357,1,2,ban,鲁班大师
2026021003,48251408_10_1770733357,2,1,ban,太乙真人
2026021003,48251408_10_1770733357,3,2,ban,空空儿
2026021003,48251408_10_1770733357,4,1,pick,海月
2026021003,48251408_10_1770733357,5,2,pick,狄仁杰
2026021003,48251408_10_1770733357,6,2,pick,张飞
2026021003,48251408_10_1770733357,7,1,pick,蚩奼
2026021003,48251408_10_1770733357,8,1,pick,少司缘
2026021003,48251408_10_1770733357,9,2,pick,夏洛特
2026021003,48251408_10_1770733357,10,2,ban,蒙恬
2026021003,48251408_10_1770733357,11,1,ban,沈梦溪
2026021003,48251408_10_1770733357,12,2,ban,大司命
2026021003,48251408_10_1770733357,13,1,ban,西施
2026021003,48251408_10_1770733357,14,2,ban,敖隐
2026021003,48251408_10_1770733357,15,1,ban,宫本武藏
2026021003,48251408_10_1770733357,16,2,pick,云缨
2026021003,48251408_10_1770733357,17,1,pick,元流之子(坦克)
2026021003,48251408_10_1770733357,18,1,pick,司空震
2026021003,48251408_10_1770733357,19,2,pick,姜子牙
2026020402,48251408_37_1770198399,0,1,ban,元流之子(辅助)
2026020402,48251408_37_1770198399,1,2,ban,空空儿
2026020402,48251408_37_1770198399,2,1,ban,盾山
2026020402,48251408_37_1770198399,3,2,ban,元流之子(坦克)
2026020402,48251408_37_1770198399,4,1,pick,鲁班大师
2026020402,48251408_37_1770198399,5,2,pick,裴擒虎
2026020402,48251408_37_1770198399,6,2,pick,敖隐
2026020402,48251408_37_1770198399,7,1,pick,马超
2026020402,48251408_37_1770198399,8,1,pick,杨戬
2026020402,48251408_37_1770198399,9,2,pick,海月
2026020402,48251408_37_1770198399,10,2,ban,西施
2026020402,48251408_37_1770198399,11,1,ban,张飞
2026020402,48251408_37_1770198399,12,2,ban,小乔
2026020402,48251408_37_1770198399,13,1,ban,墨子
2026020402,48251408_37_1770198399,14,2,ban,鲁班七号
2026020402,48251408_37_1770198399,15,1,ban,司空震
2026020402,48251408_37_1770198399,16,2,pick,蚩奼
2026020402,48251408_37_1770198399,17,1,pick,虞姬
2026020402,48251408_37_1770198399,18,1,pick,王昭君
2026020402,48251408_37_1770198399,19,2,pick,庄周
2026021102,48251408_13_1770801466,0,1,ban,苏烈
2026021102,48251408_13_1770801466,1,2,ban,沈梦溪
2026021102,48251408_13_1770801466,2,1,ban,元流之子(辅助)
2026021102,48251408_13_1770801466,3,2,ban,敖隐
2026021102,48251408_13_1770801466,4,1,pick,空空儿
2026021102,48251408_13_1770801466,5,2,pick,盾山
2026021102,48251408_13_1770801466,6,2,pick,艾琳
2026021102,48251408_13_1770801466,7,1,pick,狂铁
2026021102,48251408_13_1770801466,8,1,pick,戈娅
2026021102,48251408_13_1770801466,9,2,pick,关羽
2026021102,48251408_13_1770801466,10,2,ban,海月
2026021102,48251408_13_1770801466,11,1,ban,哪吒
2026021102,48251408_13_1770801466,12,2,ban,西施
2026021102,48251408_13_1770801466,13,1,ban,镜
2026021102,48251408_13_1770801466,14,2,ban,小乔
2026021102,48251408_13_1770801466,15,1,ban,海诺
2026021102,48251408_13_1770801466,16,2,pick,武则天
2026021102,48251408_13_1770801466,17,1,pick,女娲
2026021102,48251408_13_1770801466,18,1,pick,元流之子(坦克)
2026021102,48251408_13_1770801466,19,2,pick,大司命
2026013003,501236240_6_1769785621,0,1,ban,空空儿
2026013003,501236240_6_1769785621,1,2,ban,盾山
2026013003,501236240_6_1769785621,2,1,ban,沈梦溪
2026013003,501236240_6_1769785621,3,2,ban,鲁班大师
2026013003,501236240_6_1769785621,4,1,pick,敖隐
2026013003,501236240_6_1769785621,5,2,pick,太乙真人
2026013003,501236240_6_1769785621,6,2,pick,孙尚香
2026013003,501236240_6_1769785621,7,1,pick,廉颇
2026013003,501236240_6_1769785621,8,1,pick,女娲
2026013003,501236240_6_1769785621,9,2,pick,马超
2026013003,501236240_6_1769785621,10,2,ban,司空震
2026013003,501236240_6_1769785621,11,1,ban,嬴政
2026013003,501236240_6_1769785621,12,2,ban,镜
2026013003,501236240_6_1769785621,13,1,ban,不知火舞
2026013003,501236240_6_1769785621,14,2,ban,阿古朵
2026013003,501236240_6_1769785621,15,1,ban,大司命
2026013003,501236240_6_1769785621,16,2,pick,杨玉环
2026013003,501236240_6_1769785621,17,1,pick,姬小满
2026013003,501236240_6_1769785621,18,1,pick,杨戬
2026013003,501236240_6_1769785621,19,2,pick,宫本武藏
2026021102,48251408_16_1770806697,0,1,ban,盾山
2026021102,48251408_16_1770806697,1,2,ban,鲁班大师
2026021102,48251408_16_1770806697,2,1,ban,苏烈
2026021102,48251408_16_1770806697,3,2,ban,空空儿
2026021102,48251408_16_1770806697,4,1,pick,少司缘
2026021102,48251408_16_1770806697,5,2,pick,朵莉亚
2026021102,48251408_16_1770806697,6,2,pick,杨戬
2026021102,48251408_16_1770806697,7,1,pick,元流之子(坦克)
2026021102,48251408_16_1770806697,8,1,pick,女娲
2026021102,48251408_16_1770806697,9,2,pick,蚩奼
2026021102,48251408_16_1770806697,10,2,ban,公孙离
2026021102,48251408_16_1770806697,11,1,ban,沈梦溪
2026021102,48251408_16_1770806697,12,2,ban,老夫子
2026021102,48251408_16_1770806697,13,1,ban,嬴政
2026021102,48251408_16_1770806697,14,2,ban,戈娅
2026021102,48251408_16_1770806697,15,1,ban,西施
2026021102,48251408_16_1770806697,16,2,pick,司空震
2026021102,48251408_16_1770806697,17,1,pick,孙权
2026021102,48251408_16_1770806697,18,1,pick,曹操
2026021102,48251408_16_1770806697,19,2,pick,安琪拉
2026021103,48251408_17_1770811935,0,1,ban,狄仁杰
2026021103,48251408_17_1770811935,1,2,ban,沈梦溪
2026021103,48251408_17_1770811935,2,1,ban,孙尚香
2026021103,48251408_17_1770811935,3,2,ban,鲁班大师
2026021103,48251408_17_1770811935,4,1,pick,空空儿
2026021103,48251408_17_1770811935,5,2,pick,敖隐
2026021103,48251408_17_1770811935,6,2,pick,盾山
2026021103,48251408_17_1770811935,7,1,pick,小乔
2026021103,48251408_17_1770811935,8,1,pick,公孙离
2026021103,48251408_17_1770811935,9,2,pick,曹操
2026021103,48251408_17_1770811935,10,2,ban,马超
2026021103,48251408_17_1770811935,11,1,ban,橘右京
2026021103,48251408_17_1770811935,12,2,ban,司空震
2026021103,48251408_17_1770811935,13,1,ban,镜
2026021103,48251408_17_1770811935,14,2,ban,阿古朵
2026021103,48251408_17_1770811935,15,1,ban,暃
2026021103,48251408_17_1770811935,16,2,pick,海诺
2026021103,48251408_17_1770811935,17,1,pick,夏洛特
2026021103,48251408_17_1770811935,18,1,pick,大司命
2026021103,48251408_17_1770811935,19,2,pick,元流之子(坦克)
2026020602,48251408_53_1770372632,0,1,ban,公孙离
2026020602,48251408_53_1770372632,1,2,ban,空空儿
2026020602,48251408_53_1770372632,2,1,ban,大司命
2026020602,48251408_53_1770372632,3,2,ban,鲁班大师
2026020602,48251408_53_1770372632,4,1,pick,女娲
2026020602,48251408_53_1770372632,5,2,pick,苏烈
2026020602,48251408_53_1770372632,6,2,pick,蚩奼
2026020602,48251408_53_1770372632,7,1,pick,元流之子(坦克)
2026020602,48251408_53_1770372632,8,1,pick,艾琳
2026020602,48251408_53_1770372632,9,2,pick,戈娅
2026020602,48251408_53_1770372632,10,2,ban,狂铁
2026020602,48251408_53_1770372632,11,1,ban,阿古朵
2026020602,48251408_53_1770372632,12,2,ban,老夫子
2026020602,48251408_53_1770372632,13,1,ban,镜
2026020602,48251408_53_1770372632,14,2,ban,少司缘
2026020602,48251408_53_1770372632,15,1,ban,裴擒虎
2026020602,48251408_53_1770372632,16,2,pick,嬴政
2026020602,48251408_53_1770372632,17,1,pick,张飞
2026020602,48251408_53_1770372632,18,1,pick,关羽
2026020602,48251408_53_1770372632,19,2,pick,暃
2026021002,836780560_2_1770714247,0,1,ban,元流之子(辅助)
2026021002,836780560_2_1770714247,1,2,ban,盾山
2026021002,836780560_2_1770714247,2,1,ban,沈梦溪
2026021002,836780560_2_1770714247,3,2,ban,鲁班大师
2026021002,836780560_2_1770714247,4,1,pick,空空儿
2026021002,836780560_2_1770714247,5,2,pick,苏烈
2026021002,836780560_2_1770714247,6,2,pick,小乔
2026021002,836780560_2_1770714247,7,1,pick,戈娅
2026021002,836780560_2_1770714247,8,1,pick,橘右京
2026021002,836780560_2_1770714247,9,2,pick,蚩奼
2026021002,836780560_2_1770714247,10,2,ban,女娲
2026021002,836780560_2_1770714247,11,1,ban,镜
2026021002,836780560_2_1770714247,12,2,ban,曹操
2026021002,836780560_2_1770714247,13,1,ban,敖隐
2026021002,836780560_2_1770714247,14,2,ban,关羽
2026021002,836780560_2_1770714247,15,1,ban,哪吒
2026021002,836780560_2_1770714247,16,2,pick,狂铁
2026021002,836780560_2_1770714247,17,1,pick,夏洛特
2026021002,836780560_2_1770714247,18,1,pick,姜子牙
2026021002,836780560_2_1770714247,19,2,pick,暃
2026021201,48251408_22_1770876146,0,1,ban,敖隐
2026021201,48251408_22_1770876146,1,2,ban,盾山
2026021201,48251408_22_1770876146,2,1,ban,蚩奼
2026021201,48251408_22_1770876146,3,2,ban,狂铁
2026021201,48251408_22_1770876146,4,1,pick,沈梦溪
2026021201,48251408_22_1770876146,5,2,pick,元流之子(坦克)
2026021201,48251408_22_1770876146,6,2,pick,鲁班大师
2026021201,48251408_22_1770876146,7,1,pick,狄仁杰
2026021201,48251408_22_1770876146,8,1,pick,张飞
2026021201,48251408_22_1770876146,9,2,pick,苍
2026021201,48251408_22_1770876146,10,2,ban,大司命
2026021201,48251408_22_1770876146,11,1,ban,不知火舞
2026021201,48251408_22_1770876146,12,2,ban,阿古朵
2026021201,48251408_22_1770876146,13,1,ban,关羽
2026021201,48251408_22_1770876146,14,2,ban,裴擒虎
2026021201,48251408_22_1770876146,15,1,ban,小乔
2026021201,48251408_22_1770876146,16,2,pick,曹操
2026021201,48251408_22_1770876146,17,1,pick,夏侯惇
2026021201,48251408_22_1770876146,18,1,pick,夏洛特
2026021201,48251408_22_1770876146,19,2,pick,王昭君
2026021002,836780560_3_1770717059,0,1,ban,空空儿
2026021002,836780560_3_1770717059,1,2,ban,盾山
2026021002,836780560_3_1770717059,2,1,ban,元流之子(辅助)
2026021002,836780560_3_1770717059,3,2,ban,鲁班大师
2026021002,836780560_3_1770717059,4,1,pick,沈梦溪
2026021002,836780560_3_1770717059,5,2,pick,公孙离
2026021002,836780560_3_1770717059,6,2,pick,少司缘
2026021002,836780560_3_1770717059,7,1,pick,苏烈
2026021002,836780560_3_1770717059,8,1,pick,苍
2026021002,836780560_3_1770717059,9,2,pick,不知火舞
2026021002,836780560_3_1770717059,10,2,ban,阿古朵
2026021002,836780560_3_1770717059,11,1,ban,白起
2026021002,836780560_3_1770717059,12,2,ban,狂铁
2026021002,836780560_3_1770717059,13,1,ban,大司命
2026021002,836780560_3_1770717059,14,2,ban,影
2026021002,836780560_3_1770717059,15,1,ban,夏侯惇
2026021002,836780560_3_1770717059,16,2,pick,元流之子(坦克)
2026021002,836780560_3_1770717059,17,1,pick,云缨
2026021002,836780560_3_1770717059,18,1,pick,蒙恬
2026021002,836780560_3_1770717059,19,2,pick,夏洛特
2026021202,434127376_6_1770892078,0,1,ban,鲁班大师
2026021202,434127376_6_1770892078,1,2,ban,盾山
2026021202,434127376_6_1770892078,2,1,ban,苏烈
2026021202,434127376_6_1770892078,3,2,ban,橘右京
2026021202,434127376_6_1770892078,4,1,pick,空空儿
2026021202,434127376_6_1770892078,5,2,pick,白起
2026021202,434127376_6_1770892078,6,2,pick,少司缘
2026021202,434127376_6_1770892078,7,1,pick,狄仁杰
2026021202,434127376_6_1770892078,8,1,pick,沈梦溪
2026021202,434127376_6_1770892078,9,2,pick,镜
2026021202,434127376_6_1770892078,10,2,ban,狂铁
2026021202,434127376_6_1770892078,11,1,ban,公孙离
2026021202,434127376_6_1770892078,12,2,ban,影
2026021202,434127376_6_1770892078,13,1,ban,不知火舞
2026021202,434127376_6_1770892078,14,2,ban,裴擒虎
2026021202,434127376_6_1770892078,15,1,ban,海诺
2026021202,434127376_6_1770892078,16,2,pick,蚩奼
2026021202,434127376_6_1770892078,17,1,pick,曹操
2026021202,434127376_6_1770892078,18,1,pick,曜
2026021202,434127376_6_1770892078,19,2,pick,武则天
2026021202,434127376_7_1770893822,0,1,ban,蚩奼
2026021202,434127376_7_1770893822,1,2,ban,鲁班大师
2026021202,434127376_7_1770893822,2,1,ban,孙尚香
2026021202,434127376_7_1770893822,3,2,ban,盾山
2026021202,434127376_7_1770893822,4,1,pick,苏烈
2026021202,434127376_7_1770893822,5,2,pick,戈娅
2026021202,434127376_7_1770893822,6,2,pick,廉颇
2026021202,434127376_7_1770893822,7,1,pick,司空震
2026021202,434127376_7_1770893822,8,1,pick,女娲
2026021202,434127376_7_1770893822,9,2,pick,海月
2026021202,434127376_7_1770893822,10,2,ban,元流之子(坦克)
2026021202,434127376_7_1770893822,11,1,ban,镜
2026021202,434127376_7_1770893822,12,2,ban,宫本武藏
2026021202,434127376_7_1770893822,13,1,ban,哪吒
2026021202,434127376_7_1770893822,14,2,ban,后羿
2026021202,434127376_7_1770893822,15,1,ban,狂铁
2026021202,434127376_7_1770893822,16,2,pick,夏侯惇
2026021202,434127376_7_1770893822,17,1,pick,苍
2026021202,434127376_7_1770893822,18,1,pick,橘右京
2026021202,434127376_7_1770893822,19,2,pick,马超
2026021103,48251408_19_1770816159,0,1,ban,狄仁杰
2026021103,48251408_19_1770816159,1,2,ban,空空儿
2026021103,48251408_19_1770816159,2,1,ban,海月
2026021103,48251408_19_1770816159,3,2,ban,鲁班大师
2026021103,48251408_19_1770816159,4,1,pick,沈梦溪
2026021103,48251408_19_1770816159,5,2,pick,戈娅
2026021103,48251408_19_1770816159,6,2,pick,张飞
2026021103,48251408_19_1770816159,7,1,pick,苏烈
2026021103,48251408_19_1770816159,8,1,pick,蚩奼
2026021103,48251408_19_1770816159,9,2,pick,狂铁
2026021103,48251408_19_1770816159,10,2,ban,吕布
2026021103,48251408_19_1770816159,11,1,ban,元流之子(坦克)
2026021103,48251408_19_1770816159,12,2,ban,哪吒
2026021103,48251408_19_1770816159,13,1,ban,橘右京
2026021103,48251408_19_1770816159,14,2,ban,关羽
2026021103,48251408_19_1770816159,15,1,ban,女娲
2026021103,48251408_19_1770816159,16,2,pick,不知火舞
2026021103,48251408_19_1770816159,17,1,pick,阿古朵
2026021103,48251408_19_1770816159,18,1,pick,影
2026021103,48251408_19_1770816159,19,2,pick,娜可露露
2026021203,48251408_27_1770897796,0,1,ban,苏烈
2026021203,48251408_27_1770897796,1,2,ban,盾山
2026021203,48251408_27_1770897796,2,1,ban,元流之子(辅助)
2026021203,48251408_27_1770897796,3,2,ban,鲁班大师
2026021203,48251408_27_1770897796,4,1,pick,沈梦溪
2026021203,48251408_27_1770897796,5,2,pick,小乔
2026021203,48251408_27_1770897796,6,2,pick,空空儿
2026021203,48251408_27_1770897796,7,1,pick,公孙离
2026021203,48251408_27_1770897796,8,1,pick,狂铁
2026021203,48251408_27_1770897796,9,2,pick,关羽
2026021203,48251408_27_1770897796,10,2,ban,镜
2026021203,48251408_27_1770897796,11,1,ban,戈娅
2026021203,48251408_27_1770897796,12,2,ban,张飞
2026021203,48251408_27_1770897796,13,1,ban,夏侯惇
2026021203,48251408_27_1770897796,14,2,ban,哪吒
2026021203,48251408_27_1770897796,15,1,ban,橘右京
2026021203,48251408_27_1770897796,16,2,pick,艾琳
2026021203,48251408_27_1770897796,17,1,pick,廉颇
2026021203,48251408_27_1770897796,18,1,pick,暃
2026021203,48251408_27_1770897796,19,2,pick,阿古朵
2026021203,48251408_29_1770901767,0,1,ban,苏烈
2026021203,48251408_29_1770901767,1,2,ban,蚩奼
2026021203,48251408_29_1770901767,2,1,ban,元流之子(辅助)
2026021203,48251408_29_1770901767,3,2,ban,鲁班大师
2026021203,48251408_29_1770901767,4,1,pick,盾山
2026021203,48251408_29_1770901767,5,2,pick,太乙真人
2026021203,48251408_29_1770901767,6,2,pick,孙尚香
2026021203,48251408_29_1770901767,7,1,pick,沈梦溪
2026021203,48251408_29_1770901767,8,1,pick,狄仁杰
2026021203,48251408_29_1770901767,9,2,pick,镜
2026021203,48251408_29_1770901767,10,2,ban,元流之子(坦克)
2026021203,48251408_29_1770901767,11,1,ban,关羽
2026021203,48251408_29_1770901767,12,2,ban,哪吒
2026021203,48251408_29_1770901767,13,1,ban,蒙恬
2026021203,48251408_29_1770901767,14,2,ban,暃
2026021203,48251408_29_1770901767,15,1,ban,白起
2026021203,48251408_29_1770901767,16,2,pick,嫦娥
2026021203,48251408_29_1770901767,17,1,pick,夏洛特
2026021203,48251408_29_1770901767,18,1,pick,杨戬
2026021203,48251408_29_1770901767,19,2,pick,司空震
2026021203,48251408_30_1770903568,0,1,ban,太乙真人
2026021203,48251408_30_1770903568,1,2,ban,苏烈
2026021203,48251408_30_1770903568,2,1,ban,元流之子(辅助)
2026021203,48251408_30_1770903568,3,2,ban,鲁班大师
2026021203,48251408_30_1770903568,4,1,pick,盾山
2026021203,48251408_30_1770903568,5,2,pick,蚩奼
2026021203,48251408_30_1770903568,6,2,pick,张飞
2026021203,48251408_30_1770903568,7,1,pick,敖隐
2026021203,48251408_30_1770903568,8,1,pick,曹操
2026021203,48251408_30_1770903568,9,2,pick,狂铁
2026021203,48251408_30_1770903568,10,2,ban,女娲
2026021203,48251408_30_1770903568,11,1,ban,西施
2026021203,48251408_30_1770903568,12,2,ban,阿古朵
2026021203,48251408_30_1770903568,13,1,ban,大司命
2026021203,48251408_30_1770903568,14,2,ban,娜可露露
2026021203,48251408_30_1770903568,15,1,ban,哪吒
2026021203,48251408_30_1770903568,16,2,pick,元流之子(坦克)
2026021203,48251408_30_1770903568,17,1,pick,姜子牙
2026021203,48251408_30_1770903568,18,1,pick,夏侯惇
2026021203,48251408_30_1770903568,19,2,pick,嬴政
2026021102,48251408_15_1770805059,0,1,ban,空空儿
2026021102,48251408_15_1770805059,1,2,ban,盾山
2026021102,48251408_15_1770805059,2,1,ban,元流之子(辅助)
2026021102,48251408_15_1770805059,3,2,ban,杨戬
2026021102,48251408_15_1770805059,4,1,pick,鲁班大师
2026021102,48251408_15_1770805059,5,2,pick,敖隐
2026021102,48251408_15_1770805059,6,2,pick,杨玉环
2026021102,48251408_15_1770805059,7,1,pick,小乔
2026021102,48251408_15_1770805059,8,1,pick,马超
2026021102,48251408_15_1770805059,9,2,pick,镜
2026021102,48251408_15_1770805059,10,2,ban,影
2026021102,48251408_15_1770805059,11,1,ban,女娲
2026021102,48251408_15_1770805059,12,2,ban,大司命
2026021102,48251408_15_1770805059,13,1,ban,不知火舞
2026021102,48251408_15_1770805059,14,2,ban,蚩奼
2026021102,48251408_15_1770805059,15,1,ban,夏洛特
2026021102,48251408_15_1770805059,16,2,pick,蒙恬
2026021102,48251408_15_1770805059,17,1,pick,猪八戒
2026021102,48251408_15_1770805059,18,1,pick,虞姬
2026021102,48251408_15_1770805059,19,2,pick,海月
2026021303,1272988176_5_1770989938,0,1,ban,盾山
2026021303,1272988176_5_1770989938,1,2,ban,沈梦溪
2026021303,1272988176_5_1770989938,2,1,ban,敖隐
2026021303,1272988176_5_1770989938,3,2,ban,关羽
2026021303,1272988176_5_1770989938,4,1,pick,鲁班大师
2026021303,1272988176_5_1770989938,5,2,pick,元流之子(辅助)
2026021303,1272988176_5_1770989938,6,2,pick,狄仁杰
2026021303,1272988176_5_1770989938,7,1,pick,狂铁
2026021303,1272988176_5_1770989938,8,1,pick,蚩奼
2026021303,1272988176_5_1770989938,9,2,pick,海月
2026021303,1272988176_5_1770989938,10,2,ban,阿古朵
2026021303,1272988176_5_1770989938,11,1,ban,夏洛特
2026021303,1272988176_5_1770989938,12,2,ban,嬴政
2026021303,1272988176_5_1770989938,13,1,ban,影
2026021303,1272988176_5_1770989938,14,2,ban,王昭君
2026021303,1272988176_5_1770989938,15,1,ban,马超
2026021303,1272988176_5_1770989938,16,2,pick,司空震
2026021303,1272988176_5_1770989938,17,1,pick,橘右京
2026021303,1272988176_5_1770989938,18,1,pick,甄姬
2026021303,1272988176_5_1770989938,19,2,pick,夏侯惇
2026021202,434127376_5_1770890135,0,1,ban,鲁班大师
2026021202,434127376_5_1770890135,1,2,ban,盾山
2026021202,434127376_5_1770890135,2,1,ban,苏烈
2026021202,434127376_5_1770890135,3,2,ban,空空儿
2026021202,434127376_5_1770890135,4,1,pick,少司缘
2026021202,434127376_5_1770890135,5,2,pick,狂铁
2026021202,434127376_5_1770890135,6,2,pick,沈梦溪
2026021202,434127376_5_1770890135,7,1,pick,大司命
2026021202,434127376_5_1770890135,8,1,pick,关羽
2026021202,434127376_5_1770890135,9,2,pick,阿古朵
2026021202,434127376_5_1770890135,10,2,ban,敖隐
2026021202,434127376_5_1770890135,11,1,ban,东皇太一
2026021202,434127376_5_1770890135,12,2,ban,不知火舞
2026021202,434127376_5_1770890135,13,1,ban,蚩奼
2026021202,434127376_5_1770890135,14,2,ban,苍
2026021202,434127376_5_1770890135,15,1,ban,张良
2026021202,434127376_5_1770890135,16,2,pick,戈娅
2026021202,434127376_5_1770890135,17,1,pick,孙权
2026021202,434127376_5_1770890135,18,1,pick,小乔
2026021202,434127376_5_1770890135,19,2,pick,张飞
2026021303,1272988176_2_1770984080,0,1,ban,鲁班大师
2026021303,1272988176_2_1770984080,1,2,ban,沈梦溪
2026021303,1272988176_2_1770984080,2,1,ban,太乙真人
2026021303,1272988176_2_1770984080,3,2,ban,盾山
2026021303,1272988176_2_1770984080,4,1,pick,苏烈
2026021303,1272988176_2_1770984080,5,2,pick,狂铁
2026021303,1272988176_2_1770984080,6,2,pick,张飞
2026021303,1272988176_2_1770984080,7,1,pick,吕布
2026021303,1272988176_2_1770984080,8,1,pick,戈娅
2026021303,1272988176_2_1770984080,9,2,pick,蚩奼
2026021303,1272988176_2_1770984080,10,2,ban,大司命
2026021303,1272988176_2_1770984080,11,1,ban,女娲
2026021303,1272988176_2_1770984080,12,2,ban,海月
2026021303,1272988176_2_1770984080,13,1,ban,哪吒
2026021303,1272988176_2_1770984080,14,2,ban,元流之子(坦克)
2026021303,1272988176_2_1770984080,15,1,ban,阿古朵
2026021303,1272988176_2_1770984080,16,2,pick,嬴政
2026021303,1272988176_2_1770984080,17,1,pick,不知火舞
2026021303,1272988176_2_1770984080,18,1,pick,裴擒虎
2026021303,1272988176_2_1770984080,19,2,pick,橘右京
2026011502,48251408_44_1768467734,0,1,ban,苏烈
2026011502,48251408_44_1768467734,1,2,ban,盾山
2026011502,48251408_44_1768467734,2,1,ban,元流之子(辅助)
2026011502,48251408_44_1768467734,3,2,ban,鲁班大师
2026011502,48251408_44_1768467734,4,1,pick,空空儿
2026011502,48251408_44_1768467734,5,2,pick,大司命
2026011502,48251408_44_1768467734,6,2,pick,公孙离
2026011502,48251408_44_1768467734,7,1,pick,橘右京
2026011502,48251408_44_1768467734,8,1,pick,戈娅
2026011502,48251408_44_1768467734,9,2,pick,狂铁
2026011502,48251408_44_1768467734,10,2,ban,吕布
2026011502,48251408_44_1768467734,11,1,ban,女娲
2026011502,48251408_44_1768467734,12,2,ban,关羽
2026011502,48251408_44_1768467734,13,1,ban,少司缘
2026011502,48251408_44_1768467734,14,2,ban,小乔
2026011502,48251408_44_1768467734,15,1,ban,张飞
2026011502,48251408_44_1768467734,16,2,pick,杨玉环
2026011502,48251408_44_1768467734,17,1,pick,曹操
2026011502,48251408_44_1768467734,18,1,pick,沈梦溪
2026011502,48251408_44_1768467734,19,2,pick,不知火舞
2026022403,48251408_7_1771934539,0,1,ban,苏烈
2026022403,48251408_7_1771934539,1,2,ban,鲁班大师
2026022403,48251408_7_1771934539,2,1,ban,敖隐
2026022403,48251408_7_1771934539,3,2,ban,沈梦溪
2026022403,48251408_7_1771934539,4,1,pick,盾山
2026022403,48251408_7_1771934539,5,2,pick,孙尚香
2026022403,48251408_7_1771934539,6,2,pick,太乙真人
2026022403,48251408_7_1771934539,7,1,pick,曹操
2026022403,48251408_7_1771934539,8,1,pick,艾琳
2026022403,48251408_7_1771934539,9,2,pick,西施
2026022403,48251408_7_1771934539,10,2,ban,镜
2026022403,48251408_7_1771934539,11,1,ban,大司命
2026022403,48251408_7_1771934539,12,2,ban,女娲
2026022403,48251408_7_1771934539,13,1,ban,元流之子(坦克)
2026022403,48251408_7_1771934539,14,2,ban,海月
2026022403,48251408_7_1771934539,15,1,ban,司空震
2026022403,48251408_7_1771934539,16,2,pick,关羽
2026022403,48251408_7_1771934539,17,1,pick,小乔
2026022403,48251408_7_1771934539,18,1,pick,马超
2026022403,48251408_7_1771934539,19,2,pick,宫本武藏
2026021303,1272988176_3_1770986151,0,1,ban,太乙真人
2026021303,1272988176_3_1770986151,1,2,ban,鲁班大师
2026021303,1272988176_3_1770986151,2,1,ban,空空儿
2026021303,1272988176_3_1770986151,3,2,ban,盾山
2026021303,1272988176_3_1770986151,4,1,pick,沈梦溪
2026021303,1272988176_3_1770986151,5,2,pick,少司缘
2026021303,1272988176_3_1770986151,6,2,pick,大司命
2026021303,1272988176_3_1770986151,7,1,pick,阿古朵
2026021303,1272988176_3_1770986151,8,1,pick,苏烈
2026021303,1272988176_3_1770986151,9,2,pick,海诺
2026021303,1272988176_3_1770986151,10,2,ban,戈娅
2026021303,1272988176_3_1770986151,11,1,ban,蚩奼
2026021303,1272988176_3_1770986151,12,2,ban,敖隐
2026021303,1272988176_3_1770986151,13,1,ban,关羽
2026021303,1272988176_3_1770986151,14,2,ban,苍
2026021303,1272988176_3_1770986151,15,1,ban,狂铁
2026021303,1272988176_3_1770986151,16,2,pick,公孙离
2026021303,1272988176_3_1770986151,17,1,pick,艾琳
2026021303,1272988176_3_1770986151,18,1,pick,曹操
2026021303,1272988176_3_1770986151,19,2,pick,司空震
2026021303,1272988176_6_1770991746,0,1,ban,鲁班大师
2026021303,1272988176_6_1770991746,1,2,ban,沈梦溪
2026021303,1272988176_6_1770991746,2,1,ban,盾山
2026021303,1272988176_6_1770991746,3,2,ban,嬴政
2026021303,1272988176_6_1770991746,4,1,pick,夏洛特
2026021303,1272988176_6_1770991746,5,2,pick,空空儿
2026021303,1272988176_6_1770991746,6,2,pick,敖隐
2026021303,1272988176_6_1770991746,7,1,pick,镜
2026021303,1272988176_6_1770991746,8,1,pick,张飞
2026021303,1272988176_6_1770991746,9,2,pick,马超
2026021303,1272988176_6_1770991746,10,2,ban,海月
2026021303,1272988176_6_1770991746,11,1,ban,女娲
2026021303,1272988176_6_1770991746,12,2,ban,杨玉环
2026021303,1272988176_6_1770991746,13,1,ban,大司命
2026021303,1272988176_6_1770991746,14,2,ban,虞姬
2026021303,1272988176_6_1770991746,15,1,ban,裴擒虎
2026021303,1272988176_6_1770991746,16,2,pick,武则天
2026021303,1272988176_6_1770991746,17,1,pick,小乔
2026021303,1272988176_6_1770991746,18,1,pick,苍
2026021303,1272988176_6_1770991746,19,2,pick,铠
2026021201,48251408_23_1770878212,0,1,ban,鲁班大师
2026021201,48251408_23_1770878212,1,2,ban,盾山
2026021201,48251408_23_1770878212,2,1,ban,苏烈
2026021201,48251408_23_1770878212,3,2,ban,沈梦溪
2026021201,48251408_23_1770878212,4,1,pick,空空儿
2026021201,48251408_23_1770878212,5,2,pick,少司缘
2026021201,48251408_23_1770878212,6,2,pick,小乔
2026021201,48251408_23_1770878212,7,1,pick,狂铁
2026021201,48251408_23_1770878212,8,1,pick,敖隐
2026021201,48251408_23_1770878212,9,2,pick,公孙离
2026021201,48251408_23_1770878212,10,2,ban,暃
2026021201,48251408_23_1770878212,11,1,ban,白起
2026021201,48251408_23_1770878212,12,2,ban,海月
2026021201,48251408_23_1770878212,13,1,ban,大司命
2026021201,48251408_23_1770878212,14,2,ban,橘右京
2026021201,48251408_23_1770878212,15,1,ban,马超
2026021201,48251408_23_1770878212,16,2,pick,曹操
2026021201,48251408_23_1770878212,17,1,pick,裴擒虎
2026021201,48251408_23_1770878212,18,1,pick,女娲
2026021201,48251408_23_1770878212,19,2,pick,铠
2026022403,48251408_10_1771940445,0,1,ban,苏烈
2026022403,48251408_10_1771940445,1,2,ban,鲁班大师
2026022403,48251408_10_1771940445,2,1,ban,沈梦溪
2026022403,48251408_10_1771940445,3,2,ban,狂铁
2026022403,48251408_10_1771940445,4,1,pick,敖隐
2026022403,48251408_10_1771940445,5,2,pick,空空儿
2026022403,48251408_10_1771940445,6,2,pick,公孙离
2026022403,48251408_10_1771940445,7,1,pick,杨玉环
2026022403,48251408_10_1771940445,8,1,pick,元流之子(坦克)
2026022403,48251408_10_1771940445,9,2,pick,女娲
2026022403,48251408_10_1771940445,10,2,ban,武则天
2026022403,48251408_10_1771940445,11,1,ban,裴擒虎
2026022403,48251408_10_1771940445,12,2,ban,关羽
2026022403,48251408_10_1771940445,13,1,ban,马超
2026022403,48251408_10_1771940445,14,2,ban,少司缘
2026022403,48251408_10_1771940445,15,1,ban,阿古朵
2026022403,48251408_10_1771940445,16,2,pick,夏洛特
2026022403,48251408_10_1771940445,17,1,pick,影
2026022403,48251408_10_1771940445,18,1,pick,海诺
2026022403,48251408_10_1771940445,19,2,pick,橘右京
2026011502,48251408_47_1768473631,0,1,ban,元流之子(坦克)
2026011502,48251408_47_1768473631,1,2,ban,杨戬
2026011502,48251408_47_1768473631,2,1,ban,元流之子(辅助)
2026011502,48251408_47_1768473631,3,2,ban,盾山
2026011502,48251408_47_1768473631,4,1,pick,鲁班大师
2026011502,48251408_47_1768473631,5,2,pick,镜
2026011502,48251408_47_1768473631,6,2,pick,杨玉环
2026011502,48251408_47_1768473631,7,1,pick,海月
2026011502,48251408_47_1768473631,8,1,pick,鲁班七号
2026011502,48251408_47_1768473631,9,2,pick,狄仁杰
2026011502,48251408_47_1768473631,10,2,ban,关羽
2026011502,48251408_47_1768473631,11,1,ban,狂铁
2026011502,48251408_47_1768473631,12,2,ban,曹操
2026011502,48251408_47_1768473631,13,1,ban,蒙恬
2026011502,48251408_47_1768473631,14,2,ban,蚩奼
2026011502,48251408_47_1768473631,15,1,ban,墨子
2026011502,48251408_47_1768473631,16,2,pick,达摩
2026011502,48251408_47_1768473631,17,1,pick,铠
2026011502,48251408_47_1768473631,18,1,pick,司空震
2026011502,48251408_47_1768473631,19,2,pick,张飞
2026021001,48251408_4_1770706005,0,1,ban,狄仁杰
2026021001,48251408_4_1770706005,1,2,ban,沈梦溪
2026021001,48251408_4_1770706005,2,1,ban,海月
2026021001,48251408_4_1770706005,3,2,ban,鲁班大师
2026021001,48251408_4_1770706005,4,1,pick,盾山
2026021001,48251408_4_1770706005,5,2,pick,苏烈
2026021001,48251408_4_1770706005,6,2,pick,蚩奼
2026021001,48251408_4_1770706005,7,1,pick,司空震
2026021001,48251408_4_1770706005,8,1,pick,敖隐
2026021001,48251408_4_1770706005,9,2,pick,白起
2026021001,48251408_4_1770706005,10,2,ban,元流之子(坦克)
2026021001,48251408_4_1770706005,11,1,ban,橘右京
2026021001,48251408_4_1770706005,12,2,ban,甄姬
2026021001,48251408_4_1770706005,13,1,ban,小乔
2026021001,48251408_4_1770706005,14,2,ban,西施
2026021001,48251408_4_1770706005,15,1,ban,安琪拉
2026021001,48251408_4_1770706005,16,2,pick,女娲
2026021001,48251408_4_1770706005,17,1,pick,海诺
2026021001,48251408_4_1770706005,18,1,pick,大司命
2026021001,48251408_4_1770706005,19,2,pick,阿古朵
2026022401,48251408_4_1771912953,0,1,ban,关羽
2026022401,48251408_4_1771912953,1,2,ban,鲁班大师
2026022401,48251408_4_1771912953,2,1,ban,狂铁
2026022401,48251408_4_1771912953,3,2,ban,盾山
2026022401,48251408_4_1771912953,4,1,pick,苏烈
2026022401,48251408_4_1771912953,5,2,pick,沈梦溪
2026022401,48251408_4_1771912953,6,2,pick,张飞
2026022401,48251408_4_1771912953,7,1,pick,夏洛特
2026022401,48251408_4_1771912953,8,1,pick,敖隐
2026022401,48251408_4_1771912953,9,2,pick,公孙离
2026022401,48251408_4_1771912953,10,2,ban,小乔
2026022401,48251408_4_1771912953,11,1,ban,蒙恬
2026022401,48251408_4_1771912953,12,2,ban,不知火舞
2026022401,48251408_4_1771912953,13,1,ban,马超
2026022401,48251408_4_1771912953,14,2,ban,阿古朵
2026022401,48251408_4_1771912953,15,1,ban,元流之子(坦克)
2026022401,48251408_4_1771912953,16,2,pick,大司命
2026022401,48251408_4_1771912953,17,1,pick,橘右京
2026022401,48251408_4_1771912953,18,1,pick,安琪拉
2026022401,48251408_4_1771912953,19,2,pick,曹操
2026021001,48251408_5_1770708105,0,1,ban,盾山
2026021001,48251408_5_1770708105,1,2,ban,蚩奼
2026021001,48251408_5_1770708105,2,1,ban,关羽
2026021001,48251408_5_1770708105,3,2,ban,女娲
2026021001,48251408_5_1770708105,4,1,pick,鲁班大师
2026021001,48251408_5_1770708105,5,2,pick,张飞
2026021001,48251408_5_1770708105,6,2,pick,狄仁杰
2026021001,48251408_5_1770708105,7,1,pick,元流之子(坦克)
2026021001,48251408_5_1770708105,8,1,pick,艾琳
2026021001,48251408_5_1770708105,9,2,pick,大司命
2026021001,48251408_5_1770708105,10,2,ban,王昭君
2026021001,48251408_5_1770708105,11,1,ban,西施
2026021001,48251408_5_1770708105,12,2,ban,吕布
2026021001,48251408_5_1770708105,13,1,ban,小乔
2026021001,48251408_5_1770708105,14,2,ban,安琪拉
2026021001,48251408_5_1770708105,15,1,ban,甄姬
2026021001,48251408_5_1770708105,16,2,pick,嬴政
2026021001,48251408_5_1770708105,17,1,pick,沈梦溪
2026021001,48251408_5_1770708105,18,1,pick,马超
2026021001,48251408_5_1770708105,19,2,pick,夏洛特
2026022403,48251408_9_1771938381,0,1,ban,张飞
2026022403,48251408_9_1771938381,1,2,ban,鲁班大师
2026022403,48251408_9_1771938381,2,1,ban,敖隐
2026022403,48251408_9_1771938381,3,2,ban,太乙真人
2026022403,48251408_9_1771938381,4,1,pick,苏烈
2026022403,48251408_9_1771938381,5,2,pick,盾山
2026022403,48251408_9_1771938381,6,2,pick,艾琳
2026022403,48251408_9_1771938381,7,1,pick,戈娅
2026022403,48251408_9_1771938381,8,1,pick,沈梦溪
2026022403,48251408_9_1771938381,9,2,pick,嫦娥
2026022403,48251408_9_1771938381,10,2,ban,关羽
2026022403,48251408_9_1771938381,11,1,ban,镜
2026022403,48251408_9_1771938381,12,2,ban,达摩
2026022403,48251408_9_1771938381,13,1,ban,裴擒虎
2026022403,48251408_9_1771938381,14,2,ban,阿古朵
2026022403,48251408_9_1771938381,15,1,ban,哪吒
2026022403,48251408_9_1771938381,16,2,pick,大司命
2026022403,48251408_9_1771938381,17,1,pick,橘右京
2026022403,48251408_9_1771938381,18,1,pick,司空震
2026022403,48251408_9_1771938381,19,2,pick,老夫子
2026022503,48251408_19_1772024940,0,1,ban,太乙真人
2026022503,48251408_19_1772024940,1,2,ban,盾山
2026022503,48251408_19_1772024940,2,1,ban,元流之子(坦克)
2026022503,48251408_19_1772024940,3,2,ban,鲁班大师
2026022503,48251408_19_1772024940,4,1,pick,苏烈
2026022503,48251408_19_1772024940,5,2,pick,沈梦溪
2026022503,48251408_19_1772024940,6,2,pick,敖隐
2026022503,48251408_19_1772024940,7,1,pick,苍
2026022503,48251408_19_1772024940,8,1,pick,狂铁
2026022503,48251408_19_1772024940,9,2,pick,关羽
2026022503,48251408_19_1772024940,10,2,ban,海月
2026022503,48251408_19_1772024940,11,1,ban,大司命
2026022503,48251408_19_1772024940,12,2,ban,不知火舞
2026022503,48251408_19_1772024940,13,1,ban,哪吒
2026022503,48251408_19_1772024940,14,2,ban,嫦娥
2026022503,48251408_19_1772024940,15,1,ban,镜
2026022503,48251408_19_1772024940,16,2,pick,张飞
2026022503,48251408_19_1772024940,17,1,pick,裴擒虎
2026022503,48251408_19_1772024940,18,1,pick,杨玉环
2026022503,48251408_19_1772024940,19,2,pick,橘右京
2026022503,48251408_17_1772020812,0,1,ban,太乙真人
2026022503,48251408_17_1772020812,1,2,ban,盾山
2026022503,48251408_17_1772020812,2,1,ban,敖隐
2026022503,48251408_17_1772020812,3,2,ban,鲁班大师
2026022503,48251408_17_1772020812,4,1,pick,苏烈
2026022503,48251408_17_1772020812,5,2,pick,张飞
2026022503,48251408_17_1772020812,6,2,pick,沈梦溪
2026022503,48251408_17_1772020812,7,1,pick,小乔
2026022503,48251408_17_1772020812,8,1,pick,蚩奼
2026022503,48251408_17_1772020812,9,2,pick,夏洛特
2026022503,48251408_17_1772020812,10,2,ban,司空震
2026022503,48251408_17_1772020812,11,1,ban,艾琳
2026022503,48251408_17_1772020812,12,2,ban,阿古朵
2026022503,48251408_17_1772020812,13,1,ban,大司命
2026022503,48251408_17_1772020812,14,2,ban,关羽
2026022503,48251408_17_1772020812,15,1,ban,公孙离
2026022503,48251408_17_1772020812,16,2,pick,孙权
2026022503,48251408_17_1772020812,17,1,pick,曹操
2026022503,48251408_17_1772020812,18,1,pick,夏侯惇
2026022503,48251408_17_1772020812,19,2,pick,橘右京
2026011502,48251408_46_1768471406,0,1,ban,元流之子(辅助)
2026011502,48251408_46_1768471406,1,2,ban,鲁班大师
2026011502,48251408_46_1768471406,2,1,ban,孙尚香
2026011502,48251408_46_1768471406,3,2,ban,盾山
2026011502,48251408_46_1768471406,4,1,pick,苏烈
2026011502,48251408_46_1768471406,5,2,pick,杨戬
2026011502,48251408_46_1768471406,6,2,pick,朵莉亚
2026011502,48251408_46_1768471406,7,1,pick,阿古朵
2026011502,48251408_46_1768471406,8,1,pick,沈梦溪
2026011502,48251408_46_1768471406,9,2,pick,女娲
2026011502,48251408_46_1768471406,10,2,ban,关羽
2026011502,48251408_46_1768471406,11,1,ban,狂铁
2026011502,48251408_46_1768471406,12,2,ban,曹操
2026011502,48251408_46_1768471406,13,1,ban,后羿
2026011502,48251408_46_1768471406,14,2,ban,司空震
2026011502,48251408_46_1768471406,15,1,ban,敖隐
2026011502,48251408_46_1768471406,16,2,pick,蚩奼
2026011502,48251408_46_1768471406,17,1,pick,戈娅
2026011502,48251408_46_1768471406,18,1,pick,马超
2026011502,48251408_46_1768471406,19,2,pick,孙权
2026020503,48251408_48_1770296525,0,1,ban,狄仁杰
2026020503,48251408_48_1770296525,1,2,ban,盾山
2026020503,48251408_48_1770296525,2,1,ban,空空儿
2026020503,48251408_48_1770296525,3,2,ban,鲁班大师
2026020503,48251408_48_1770296525,4,1,pick,女娲
2026020503,48251408_48_1770296525,5,2,pick,不知火舞
2026020503,48251408_48_1770296525,6,2,pick,苏烈
2026020503,48251408_48_1770296525,7,1,pick,少司缘
2026020503,48251408_48_1770296525,8,1,pick,元流之子(坦克)
2026020503,48251408_48_1770296525,9,2,pick,大司命
2026020503,48251408_48_1770296525,10,2,ban,戈娅
2026020503,48251408_48_1770296525,11,1,ban,公孙离
2026020503,48251408_48_1770296525,12,2,ban,狂铁
2026020503,48251408_48_1770296525,13,1,ban,蚩奼
2026020503,48251408_48_1770296525,14,2,ban,司空震
2026020503,48251408_48_1770296525,15,1,ban,马超
2026020503,48251408_48_1770296525,16,2,pick,艾琳
2026020503,48251408_48_1770296525,17,1,pick,关羽
2026020503,48251408_48_1770296525,18,1,pick,苍
2026020503,48251408_48_1770296525,19,2,pick,姬小满
2026022401,48251408_6_1771916703,0,1,ban,盾山
2026022401,48251408_6_1771916703,1,2,ban,苏烈
2026022401,48251408_6_1771916703,2,1,ban,大司命
2026022401,48251408_6_1771916703,3,2,ban,鲁班大师
2026022401,48251408_6_1771916703,4,1,pick,空空儿
2026022401,48251408_6_1771916703,5,2,pick,公孙离
2026022401,48251408_6_1771916703,6,2,pick,太乙真人
2026022401,48251408_6_1771916703,7,1,pick,橘右京
2026022401,48251408_6_1771916703,8,1,pick,小乔
2026022401,48251408_6_1771916703,9,2,pick,云缨
2026022401,48251408_6_1771916703,10,2,ban,狂铁
2026022401,48251408_6_1771916703,11,1,ban,关羽
2026022401,48251408_6_1771916703,12,2,ban,戈娅
2026022401,48251408_6_1771916703,13,1,ban,女娲
2026022401,48251408_6_1771916703,14,2,ban,敖隐
2026022401,48251408_6_1771916703,15,1,ban,武则天
2026022401,48251408_6_1771916703,16,2,pick,曹操
2026022401,48251408_6_1771916703,17,1,pick,元流之子(射手)
2026022401,48251408_6_1771916703,18,1,pick,达摩
2026022401,48251408_6_1771916703,19,2,pick,杨玉环
2026020803,48251408_66_1770560948,0,1,ban,苏烈
2026020803,48251408_66_1770560948,1,2,ban,沈梦溪
2026020803,48251408_66_1770560948,2,1,ban,空空儿
2026020803,48251408_66_1770560948,3,2,ban,镜
2026020803,48251408_66_1770560948,4,1,pick,太乙真人
2026020803,48251408_66_1770560948,5,2,pick,大司命
2026020803,48251408_66_1770560948,6,2,pick,少司缘
2026020803,48251408_66_1770560948,7,1,pick,西施
2026020803,48251408_66_1770560948,8,1,pick,孙尚香
2026020803,48251408_66_1770560948,9,2,pick,戈娅
2026020803,48251408_66_1770560948,10,2,ban,宫本武藏
2026020803,48251408_66_1770560948,11,1,ban,不知火舞
2026020803,48251408_66_1770560948,12,2,ban,关羽
2026020803,48251408_66_1770560948,13,1,ban,小乔
2026020803,48251408_66_1770560948,14,2,ban,曹操
2026020803,48251408_66_1770560948,15,1,ban,夏洛特
2026020803,48251408_66_1770560948,16,2,pick,嬴政
2026020803,48251408_66_1770560948,17,1,pick,达摩
2026020803,48251408_66_1770560948,18,1,pick,云缨
2026020803,48251408_66_1770560948,19,2,pick,司空震
2026020503,48251408_46_1770292840,0,1,ban,元流之子(辅助)
2026020503,48251408_46_1770292840,1,2,ban,空空儿
2026020503,48251408_46_1770292840,2,1,ban,海月
2026020503,48251408_46_1770292840,3,2,ban,沈梦溪
2026020503,48251408_46_1770292840,4,1,pick,盾山
2026020503,48251408_46_1770292840,5,2,pick,苏烈
2026020503,48251408_46_1770292840,6,2,pick,蚩奼
2026020503,48251408_46_1770292840,7,1,pick,司空震
2026020503,48251408_46_1770292840,8,1,pick,敖隐
2026020503,48251408_46_1770292840,9,2,pick,蒙恬
2026020503,48251408_46_1770292840,10,2,ban,阿古朵
2026020503,48251408_46_1770292840,11,1,ban,暃
2026020503,48251408_46_1770292840,12,2,ban,大司命
2026020503,48251408_46_1770292840,13,1,ban,宫本武藏
2026020503,48251408_46_1770292840,14,2,ban,镜
2026020503,48251408_46_1770292840,15,1,ban,女娲
2026020503,48251408_46_1770292840,16,2,pick,西施
2026020503,48251408_46_1770292840,17,1,pick,干将莫邪
2026020503,48251408_46_1770292840,18,1,pick,元流之子(坦克)
2026020503,48251408_46_1770292840,19,2,pick,橘右京
2026020803,48251408_63_1770554504,0,1,ban,狄仁杰
2026020803,48251408_63_1770554504,1,2,ban,空空儿
2026020803,48251408_63_1770554504,2,1,ban,敖隐
2026020803,48251408_63_1770554504,3,2,ban,鲁班大师
2026020803,48251408_63_1770554504,4,1,pick,蚩奼
2026020803,48251408_63_1770554504,5,2,pick,盾山
2026020803,48251408_63_1770554504,6,2,pick,元流之子(坦克)
2026020803,48251408_63_1770554504,7,1,pick,苏烈
2026020803,48251408_63_1770554504,8,1,pick,小乔
2026020803,48251408_63_1770554504,9,2,pick,艾琳
2026020803,48251408_63_1770554504,10,2,ban,阿古朵
2026020803,48251408_63_1770554504,11,1,ban,沈梦溪
2026020803,48251408_63_1770554504,12,2,ban,裴擒虎
2026020803,48251408_63_1770554504,13,1,ban,海月
2026020803,48251408_63_1770554504,14,2,ban,大司命
2026020803,48251408_63_1770554504,15,1,ban,曹操
2026020803,48251408_63_1770554504,16,2,pick,嫦娥
2026020803,48251408_63_1770554504,17,1,pick,白起
2026020803,48251408_63_1770554504,18,1,pick,橘右京
2026020803,48251408_63_1770554504,19,2,pick,关羽
2026020801,48251408_59_1770530561,0,1,ban,苏烈
2026020801,48251408_59_1770530561,1,2,ban,盾山
2026020801,48251408_59_1770530561,2,1,ban,元流之子(辅助)
2026020801,48251408_59_1770530561,3,2,ban,鲁班大师
2026020801,48251408_59_1770530561,4,1,pick,空空儿
2026020801,48251408_59_1770530561,5,2,pick,狂铁
2026020801,48251408_59_1770530561,6,2,pick,公孙离
2026020801,48251408_59_1770530561,7,1,pick,小乔
2026020801,48251408_59_1770530561,8,1,pick,戈娅
2026020801,48251408_59_1770530561,9,2,pick,沈梦溪
2026020801,48251408_59_1770530561,10,2,ban,关羽
2026020801,48251408_59_1770530561,11,1,ban,哪吒
2026020801,48251408_59_1770530561,12,2,ban,橘右京
2026020801,48251408_59_1770530561,13,1,ban,张飞
2026020801,48251408_59_1770530561,14,2,ban,大司命
2026020801,48251408_59_1770530561,15,1,ban,镜
2026020801,48251408_59_1770530561,16,2,pick,云缨
2026020801,48251408_59_1770530561,17,1,pick,暃
2026020801,48251408_59_1770530561,18,1,pick,曹操
2026020801,48251408_59_1770530561,19,2,pick,少司缘
2026022403,48251408_11_1771942218,0,1,ban,苏烈
2026022403,48251408_11_1771942218,1,2,ban,鲁班大师
2026022403,48251408_11_1771942218,2,1,ban,敖隐
2026022403,48251408_11_1771942218,3,2,ban,太乙真人
2026022403,48251408_11_1771942218,4,1,pick,海月
2026022403,48251408_11_1771942218,5,2,pick,曹操
2026022403,48251408_11_1771942218,6,2,pick,元流之子(坦克)
2026022403,48251408_11_1771942218,7,1,pick,少司缘
2026022403,48251408_11_1771942218,8,1,pick,大司命
2026022403,48251408_11_1771942218,9,2,pick,甄姬
2026022403,48251408_11_1771942218,10,2,ban,关羽
2026022403,48251408_11_1771942218,11,1,ban,戈娅
2026022403,48251408_11_1771942218,12,2,ban,狂铁
2026022403,48251408_11_1771942218,13,1,ban,张良
2026022403,48251408_11_1771942218,14,2,ban,蚩奼
2026022403,48251408_11_1771942218,15,1,ban,墨子
2026022403,48251408_11_1771942218,16,2,pick,苍
2026022403,48251408_11_1771942218,17,1,pick,后羿
2026022403,48251408_11_1771942218,18,1,pick,夏洛特
2026022403,48251408_11_1771942218,19,2,pick,大乔
2026020801,48251408_62_1770537210,0,1,ban,鲁班大师
2026020801,48251408_62_1770537210,1,2,ban,盾山
2026020801,48251408_62_1770537210,2,1,ban,空空儿
2026020801,48251408_62_1770537210,3,2,ban,沈梦溪
2026020801,48251408_62_1770537210,4,1,pick,海月
2026020801,48251408_62_1770537210,5,2,pick,苏烈
2026020801,48251408_62_1770537210,6,2,pick,蚩奼
2026020801,48251408_62_1770537210,7,1,pick,敖隐
2026020801,48251408_62_1770537210,8,1,pick,张飞
2026020801,48251408_62_1770537210,9,2,pick,阿古朵
2026020801,48251408_62_1770537210,10,2,ban,镜
2026020801,48251408_62_1770537210,11,1,ban,西施
2026020801,48251408_62_1770537210,12,2,ban,马超
2026020801,48251408_62_1770537210,13,1,ban,小乔
2026020801,48251408_62_1770537210,14,2,ban,关羽
2026020801,48251408_62_1770537210,15,1,ban,后羿
2026020801,48251408_62_1770537210,16,2,pick,夏洛特
2026020801,48251408_62_1770537210,17,1,pick,蒙恬
2026020801,48251408_62_1770537210,18,1,pick,裴擒虎
2026020801,48251408_62_1770537210,19,2,pick,王昭君
2026021103,48251408_18_1770814557,0,1,ban,空空儿
2026021103,48251408_18_1770814557,1,2,ban,鲁班大师
2026021103,48251408_18_1770814557,2,1,ban,大司命
2026021103,48251408_18_1770814557,3,2,ban,沈梦溪
2026021103,48251408_18_1770814557,4,1,pick,苏烈
2026021103,48251408_18_1770814557,5,2,pick,戈娅
2026021103,48251408_18_1770814557,6,2,pick,少司缘
2026021103,48251408_18_1770814557,7,1,pick,敖隐
2026021103,48251408_18_1770814557,8,1,pick,阿古朵
2026021103,48251408_18_1770814557,9,2,pick,夏洛特
2026021103,48251408_18_1770814557,10,2,ban,司空震
2026021103,48251408_18_1770814557,11,1,ban,女娲
2026021103,48251408_18_1770814557,12,2,ban,关羽
2026021103,48251408_18_1770814557,13,1,ban,猪八戒
2026021103,48251408_18_1770814557,14,2,ban,海月
2026021103,48251408_18_1770814557,15,1,ban,铠
2026021103,48251408_18_1770814557,16,2,pick,小乔
2026021103,48251408_18_1770814557,17,1,pick,达摩
2026021103,48251408_18_1770814557,18,1,pick,嬴政
2026021103,48251408_18_1770814557,19,2,pick,白起
2026022702,501236240_5_1772186693,0,1,ban,沈梦溪
2026022702,501236240_5_1772186693,1,2,ban,鲁班大师
2026022702,501236240_5_1772186693,2,1,ban,蚩奼
2026022702,501236240_5_1772186693,3,2,ban,马超
2026022702,501236240_5_1772186693,4,1,pick,盾山
2026022702,501236240_5_1772186693,5,2,pick,苏烈
2026022702,501236240_5_1772186693,6,2,pick,敖隐
2026022702,501236240_5_1772186693,7,1,pick,艾琳
2026022702,501236240_5_1772186693,8,1,pick,元流之子(坦克)
2026022702,501236240_5_1772186693,9,2,pick,大司命
2026022702,501236240_5_1772186693,10,2,ban,狂铁
2026022702,501236240_5_1772186693,11,1,ban,关羽
2026022702,501236240_5_1772186693,12,2,ban,曹操
2026022702,501236240_5_1772186693,13,1,ban,甄姬
2026022702,501236240_5_1772186693,14,2,ban,嬴政
2026022702,501236240_5_1772186693,15,1,ban,女娲
2026022702,501236240_5_1772186693,16,2,pick,小乔
2026022702,501236240_5_1772186693,17,1,pick,影
2026022702,501236240_5_1772186693,18,1,pick,海月
2026022702,501236240_5_1772186693,19,2,pick,夏洛特
2026020803,48251408_67_1770563260,0,1,ban,空空儿
2026020803,48251408_67_1770563260,1,2,ban,沈梦溪
2026020803,48251408_67_1770563260,2,1,ban,苏烈
2026020803,48251408_67_1770563260,3,2,ban,鲁班大师
2026020803,48251408_67_1770563260,4,1,pick,敖隐
2026020803,48251408_67_1770563260,5,2,pick,孙尚香
2026020803,48251408_67_1770563260,6,2,pick,太乙真人
2026020803,48251408_67_1770563260,7,1,pick,海月
2026020803,48251408_67_1770563260,8,1,pick,关羽
2026020803,48251408_67_1770563260,9,2,pick,西施
2026020803,48251408_67_1770563260,10,2,ban,盾山
2026020803,48251408_67_1770563260,11,1,ban,夏洛特
2026020803,48251408_67_1770563260,12,2,ban,镜
2026020803,48251408_67_1770563260,13,1,ban,夏侯惇
2026020803,48251408_67_1770563260,14,2,ban,杨戬
2026020803,48251408_67_1770563260,15,1,ban,裴擒虎
2026020803,48251408_67_1770563260,16,2,pick,狂铁
2026020803,48251408_67_1770563260,17,1,pick,廉颇
2026020803,48251408_67_1770563260,18,1,pick,哪吒
2026020803,48251408_67_1770563260,19,2,pick,橘右京
2026022502,1272988176_5_1772014117,0,1,ban,沈梦溪
2026022502,1272988176_5_1772014117,1,2,ban,鲁班大师
2026022502,1272988176_5_1772014117,2,1,ban,苏烈
2026022502,1272988176_5_1772014117,3,2,ban,女娲
2026022502,1272988176_5_1772014117,4,1,pick,狂铁
2026022502,1272988176_5_1772014117,5,2,pick,夏洛特
2026022502,1272988176_5_1772014117,6,2,pick,太乙真人
2026022502,1272988176_5_1772014117,7,1,pick,少司缘
2026022502,1272988176_5_1772014117,8,1,pick,公孙离
2026022502,1272988176_5_1772014117,9,2,pick,孙尚香
2026022502,1272988176_5_1772014117,10,2,ban,镜
2026022502,1272988176_5_1772014117,11,1,ban,暃
2026022502,1272988176_5_1772014117,12,2,ban,裴擒虎
2026022502,1272988176_5_1772014117,13,1,ban,小乔
2026022502,1272988176_5_1772014117,14,2,ban,云缨
2026022502,1272988176_5_1772014117,15,1,ban,西施
2026022502,1272988176_5_1772014117,16,2,pick,姜子牙
2026022502,1272988176_5_1772014117,17,1,pick,橘右京
2026022502,1272988176_5_1772014117,18,1,pick,嬴政
2026022502,1272988176_5_1772014117,19,2,pick,宫本武藏
2026022702,501236240_4_1772184441,0,1,ban,苏烈
2026022702,501236240_4_1772184441,1,2,ban,盾山
2026022702,501236240_4_1772184441,2,1,ban,元流之子(辅助)
2026022702,501236240_4_1772184441,3,2,ban,鲁班大师
2026022702,501236240_4_1772184441,4,1,pick,沈梦溪
2026022702,501236240_4_1772184441,5,2,pick,少司缘
2026022702,501236240_4_1772184441,6,2,pick,狂铁
2026022702,501236240_4_1772184441,7,1,pick,夏洛特
2026022702,501236240_4_1772184441,8,1,pick,张飞
2026022702,501236240_4_1772184441,9,2,pick,戈娅
2026022702,501236240_4_1772184441,10,2,ban,敖隐
2026022702,501236240_4_1772184441,11,1,ban,海月
2026022702,501236240_4_1772184441,12,2,ban,蚩奼
2026022702,501236240_4_1772184441,13,1,ban,大司命
2026022702,501236240_4_1772184441,14,2,ban,孙权
2026022702,501236240_4_1772184441,15,1,ban,嬴政
2026022702,501236240_4_1772184441,16,2,pick,不知火舞
2026022702,501236240_4_1772184441,17,1,pick,苍
2026022702,501236240_4_1772184441,18,1,pick,裴擒虎
2026022702,501236240_4_1772184441,19,2,pick,橘右京
2026022702,501236240_7_1772191052,0,1,ban,苏烈
2026022702,501236240_7_1772191052,1,2,ban,鲁班大师
2026022702,501236240_7_1772191052,2,1,ban,少司缘
2026022702,501236240_7_1772191052,3,2,ban,沈梦溪
2026022702,501236240_7_1772191052,4,1,pick,蚩奼
2026022702,501236240_7_1772191052,5,2,pick,敖隐
2026022702,501236240_7_1772191052,6,2,pick,太乙真人
2026022702,501236240_7_1772191052,7,1,pick,马超
2026022702,501236240_7_1772191052,8,1,pick,张飞
2026022702,501236240_7_1772191052,9,2,pick,司空震
2026022702,501236240_7_1772191052,10,2,ban,海月
2026022702,501236240_7_1772191052,11,1,ban,夏侯惇
2026022702,501236240_7_1772191052,12,2,ban,阿古朵
2026022702,501236240_7_1772191052,13,1,ban,大司命
2026022702,501236240_7_1772191052,14,2,ban,裴擒虎
2026022702,501236240_7_1772191052,15,1,ban,铠
2026022702,501236240_7_1772191052,16,2,pick,小乔
2026022702,501236240_7_1772191052,17,1,pick,云缨
2026022702,501236240_7_1772191052,18,1,pick,女娲
2026022702,501236240_7_1772191052,19,2,pick,哪吒
2026022703,1222656528_6_1772201842,0,1,ban,盾山
2026022703,1222656528_6_1772201842,1,2,ban,苏烈
2026022703,1222656528_6_1772201842,2,1,ban,少司缘
2026022703,1222656528_6_1772201842,3,2,ban,鲁班大师
2026022703,1222656528_6_1772201842,4,1,pick,戈娅
2026022703,1222656528_6_1772201842,5,2,pick,敖隐
2026022703,1222656528_6_1772201842,6,2,pick,沈梦溪
2026022703,1222656528_6_1772201842,7,1,pick,嫦娥
2026022703,1222656528_6_1772201842,8,1,pick,张飞
2026022703,1222656528_6_1772201842,9,2,pick,大司命
2026022703,1222656528_6_1772201842,10,2,ban,狂铁
2026022703,1222656528_6_1772201842,11,1,ban,关羽
2026022703,1222656528_6_1772201842,12,2,ban,宫本武藏
2026022703,1222656528_6_1772201842,13,1,ban,司空震
2026022703,1222656528_6_1772201842,14,2,ban,马超
2026022703,1222656528_6_1772201842,15,1,ban,墨子
2026022703,1222656528_6_1772201842,16,2,pick,曹操
2026022703,1222656528_6_1772201842,17,1,pick,蚩奼
2026022703,1222656528_6_1772201842,18,1,pick,裴擒虎
2026022703,1222656528_6_1772201842,19,2,pick,桑启
2026022703,1222656528_3_1772196128,0,1,ban,鲁班大师
2026022703,1222656528_3_1772196128,1,2,ban,盾山
2026022703,1222656528_3_1772196128,2,1,ban,沈梦溪
2026022703,1222656528_3_1772196128,3,2,ban,大司命
2026022703,1222656528_3_1772196128,4,1,pick,女娲
2026022703,1222656528_3_1772196128,5,2,pick,少司缘
2026022703,1222656528_3_1772196128,6,2,pick,敖隐
2026022703,1222656528_3_1772196128,7,1,pick,元流之子(坦克)
2026022703,1222656528_3_1772196128,8,1,pick,苏烈
2026022703,1222656528_3_1772196128,9,2,pick,白起
2026022703,1222656528_3_1772196128,10,2,ban,曹操
2026022703,1222656528_3_1772196128,11,1,ban,安琪拉
2026022703,1222656528_3_1772196128,12,2,ban,关羽
2026022703,1222656528_3_1772196128,13,1,ban,姜子牙
2026022703,1222656528_3_1772196128,14,2,ban,公孙离
2026022703,1222656528_3_1772196128,15,1,ban,裴擒虎
2026022703,1222656528_3_1772196128,16,2,pick,橘右京
2026022703,1222656528_3_1772196128,17,1,pick,狄仁杰
2026022703,1222656528_3_1772196128,18,1,pick,马超
2026022703,1222656528_3_1772196128,19,2,pick,嬴政
2026022401,48251408_5_1771914969,0,1,ban,太乙真人
2026022401,48251408_5_1771914969,1,2,ban,苏烈
2026022401,48251408_5_1771914969,2,1,ban,蚩奼
2026022401,48251408_5_1771914969,3,2,ban,鲁班大师
2026022401,48251408_5_1771914969,4,1,pick,盾山
2026022401,48251408_5_1771914969,5,2,pick,沈梦溪
2026022401,48251408_5_1771914969,6,2,pick,张飞
2026022401,48251408_5_1771914969,7,1,pick,艾琳
2026022401,48251408_5_1771914969,8,1,pick,司空震
2026022401,48251408_5_1771914969,9,2,pick,戈娅
2026022401,48251408_5_1771914969,10,2,ban,不知火舞
2026022401,48251408_5_1771914969,11,1,ban,关羽
2026022401,48251408_5_1771914969,12,2,ban,元流之子(坦克)
2026022401,48251408_5_1771914969,13,1,ban,哪吒
2026022401,48251408_5_1771914969,14,2,ban,女娲
2026022401,48251408_5_1771914969,15,1,ban,白起
2026022401,48251408_5_1771914969,16,2,pick,狂铁
2026022401,48251408_5_1771914969,17,1,pick,夏侯惇
2026022401,48251408_5_1771914969,18,1,pick,嫦娥
2026022401,48251408_5_1771914969,19,2,pick,阿古朵
2026022703,1222656528_7_1772203476,0,1,ban,狄仁杰
2026022703,1222656528_7_1772203476,1,2,ban,鲁班大师
2026022703,1222656528_7_1772203476,2,1,ban,苏烈
2026022703,1222656528_7_1772203476,3,2,ban,盾山
2026022703,1222656528_7_1772203476,4,1,pick,少司缘
2026022703,1222656528_7_1772203476,5,2,pick,关羽
2026022703,1222656528_7_1772203476,6,2,pick,海月
2026022703,1222656528_7_1772203476,7,1,pick,戈娅
2026022703,1222656528_7_1772203476,8,1,pick,白起
2026022703,1222656528_7_1772203476,9,2,pick,元流之子(射手)
2026022703,1222656528_7_1772203476,10,2,ban,宫本武藏
2026022703,1222656528_7_1772203476,11,1,ban,大司命
2026022703,1222656528_7_1772203476,12,2,ban,小乔
2026022703,1222656528_7_1772203476,13,1,ban,镜
2026022703,1222656528_7_1772203476,14,2,ban,阿古朵
2026022703,1222656528_7_1772203476,15,1,ban,铠
2026022703,1222656528_7_1772203476,16,2,pick,庄周
2026022703,1222656528_7_1772203476,17,1,pick,嬴政
2026022703,1222656528_7_1772203476,18,1,pick,云缨
2026022703,1222656528_7_1772203476,19,2,pick,娜可露露
2026020803,48251408_65_1770559059,0,1,ban,苏烈
2026020803,48251408_65_1770559059,1,2,ban,沈梦溪
2026020803,48251408_65_1770559059,2,1,ban,太乙真人
2026020803,48251408_65_1770559059,3,2,ban,盾山
2026020803,48251408_65_1770559059,4,1,pick,空空儿
2026020803,48251408_65_1770559059,5,2,pick,张飞
2026020803,48251408_65_1770559059,6,2,pick,公孙离
2026020803,48251408_65_1770559059,7,1,pick,姜子牙
2026020803,48251408_65_1770559059,8,1,pick,戈娅
2026020803,48251408_65_1770559059,9,2,pick,哪吒
2026020803,48251408_65_1770559059,10,2,ban,大司命
2026020803,48251408_65_1770559059,11,1,ban,海诺
2026020803,48251408_65_1770559059,12,2,ban,暃
2026020803,48251408_65_1770559059,13,1,ban,不知火舞
2026020803,48251408_65_1770559059,14,2,ban,老夫子
2026020803,48251408_65_1770559059,15,1,ban,杨玉环
2026020803,48251408_65_1770559059,16,2,pick,曹操
2026020803,48251408_65_1770559059,17,1,pick,阿古朵
2026020803,48251408_65_1770559059,18,1,pick,狂铁
2026020803,48251408_65_1770559059,19,2,pick,女娲
2026022702,501236240_8_1772193242,0,1,ban,盾山
2026022702,501236240_8_1772193242,1,2,ban,苏烈
2026022702,501236240_8_1772193242,2,1,ban,狄仁杰
2026022702,501236240_8_1772193242,3,2,ban,鲁班大师
2026022702,501236240_8_1772193242,4,1,pick,戈娅
2026022702,501236240_8_1772193242,5,2,pick,沈梦溪
2026022702,501236240_8_1772193242,6,2,pick,关羽
2026022702,501236240_8_1772193242,7,1,pick,马超
2026022702,501236240_8_1772193242,8,1,pick,少司缘
2026022702,501236240_8_1772193242,9,2,pick,孙权
2026022702,501236240_8_1772193242,10,2,ban,不知火舞
2026022702,501236240_8_1772193242,11,1,ban,宫本武藏
2026022702,501236240_8_1772193242,12,2,ban,铠
2026022702,501236240_8_1772193242,13,1,ban,裴擒虎
2026022702,501236240_8_1772193242,14,2,ban,大司命
2026022702,501236240_8_1772193242,15,1,ban,张良
2026022702,501236240_8_1772193242,16,2,pick,空空儿
2026022702,501236240_8_1772193242,17,1,pick,杨戬
2026022702,501236240_8_1772193242,18,1,pick,武则天
2026022702,501236240_8_1772193242,19,2,pick,阿古朵
2026022601,48251408_21_1772085734,0,1,ban,盾山
2026022601,48251408_21_1772085734,1,2,ban,鲁班大师
2026022601,48251408_21_1772085734,2,1,ban,公孙离
2026022601,48251408_21_1772085734,3,2,ban,敖隐
2026022601,48251408_21_1772085734,4,1,pick,空空儿
2026022601,48251408_21_1772085734,5,2,pick,苏烈
2026022601,48251408_21_1772085734,6,2,pick,沈梦溪
2026022601,48251408_21_1772085734,7,1,pick,大司命
2026022601,48251408_21_1772085734,8,1,pick,戈娅
2026022601,48251408_21_1772085734,9,2,pick,蚩奼
2026022601,48251408_21_1772085734,10,2,ban,小乔
2026022601,48251408_21_1772085734,11,1,ban,哪吒
2026022601,48251408_21_1772085734,12,2,ban,海月
2026022601,48251408_21_1772085734,13,1,ban,狂铁
2026022601,48251408_21_1772085734,14,2,ban,不知火舞
2026022601,48251408_21_1772085734,15,1,ban,阿古朵
2026022601,48251408_21_1772085734,16,2,pick,镜
2026022601,48251408_21_1772085734,17,1,pick,嫦娥
2026022601,48251408_21_1772085734,18,1,pick,司空震
2026022601,48251408_21_1772085734,19,2,pick,蒙恬
2026022601,48251408_22_1772087983,0,1,ban,苏烈
2026022601,48251408_22_1772087983,1,2,ban,盾山
2026022601,48251408_22_1772087983,2,1,ban,元流之子(辅助)
2026022601,48251408_22_1772087983,3,2,ban,橘右京
2026022601,48251408_22_1772087983,4,1,pick,鲁班大师
2026022601,48251408_22_1772087983,5,2,pick,敖隐
2026022601,48251408_22_1772087983,6,2,pick,裴擒虎
2026022601,48251408_22_1772087983,7,1,pick,杨戬
2026022601,48251408_22_1772087983,8,1,pick,公孙离
2026022601,48251408_22_1772087983,9,2,pick,沈梦溪
2026022601,48251408_22_1772087983,10,2,ban,不知火舞
2026022601,48251408_22_1772087983,11,1,ban,张飞
2026022601,48251408_22_1772087983,12,2,ban,海月
2026022601,48251408_22_1772087983,13,1,ban,墨子
2026022601,48251408_22_1772087983,14,2,ban,马超
2026022601,48251408_22_1772087983,15,1,ban,廉颇
2026022601,48251408_22_1772087983,16,2,pick,狂铁
2026022601,48251408_22_1772087983,17,1,pick,小乔
2026022601,48251408_22_1772087983,18,1,pick,夏洛特
2026022601,48251408_22_1772087983,19,2,pick,东皇太一
2026022503,48251408_18_1772023171,0,1,ban,苏烈
2026022503,48251408_18_1772023171,1,2,ban,鲁班大师
2026022503,48251408_18_1772023171,2,1,ban,太乙真人
2026022503,48251408_18_1772023171,3,2,ban,盾山
2026022503,48251408_18_1772023171,4,1,pick,少司缘
2026022503,48251408_18_1772023171,5,2,pick,马超
2026022503,48251408_18_1772023171,6,2,pick,张良
2026022503,48251408_18_1772023171,7,1,pick,苍
2026022503,48251408_18_1772023171,8,1,pick,海月
2026022503,48251408_18_1772023171,9,2,pick,王昭君
2026022503,48251408_18_1772023171,10,2,ban,白起
2026022503,48251408_18_1772023171,11,1,ban,敖隐
2026022503,48251408_18_1772023171,12,2,ban,关羽
2026022503,48251408_18_1772023171,13,1,ban,夏侯惇
2026022503,48251408_18_1772023171,14,2,ban,影
2026022503,48251408_18_1772023171,15,1,ban,元流之子(坦克)
2026022503,48251408_18_1772023171,16,2,pick,阿古朵
2026022503,48251408_18_1772023171,17,1,pick,铠
2026022503,48251408_18_1772023171,18,1,pick,孙策
2026022503,48251408_18_1772023171,19,2,pick,艾琳
2026021301,48251408_32_1770962570,0,1,ban,狄仁杰
2026021301,48251408_32_1770962570,1,2,ban,空空儿
2026021301,48251408_32_1770962570,2,1,ban,镜
2026021301,48251408_32_1770962570,3,2,ban,鲁班大师
2026021301,48251408_32_1770962570,4,1,pick,盾山
2026021301,48251408_32_1770962570,5,2,pick,孙尚香
2026021301,48251408_32_1770962570,6,2,pick,太乙真人
2026021301,48251408_32_1770962570,7,1,pick,艾琳
2026021301,48251408_32_1770962570,8,1,pick,沈梦溪
2026021301,48251408_32_1770962570,9,2,pick,关羽
2026021301,48251408_32_1770962570,10,2,ban,蒙恬
2026021301,48251408_32_1770962570,11,1,ban,西施
2026021301,48251408_32_1770962570,12,2,ban,元流之子(坦克)
2026021301,48251408_32_1770962570,13,1,ban,女娲
2026021301,48251408_32_1770962570,14,2,ban,阿古朵
2026021301,48251408_32_1770962570,15,1,ban,不知火舞
2026021301,48251408_32_1770962570,16,2,pick,海月
2026021301,48251408_32_1770962570,17,1,pick,娜可露露
2026021301,48251408_32_1770962570,18,1,pick,达摩
2026021301,48251408_32_1770962570,19,2,pick,夏侯惇
2026022802,434127376_13_1772270086,0,1,ban,元流之子(辅助)
2026022802,434127376_13_1772270086,1,2,ban,鲁班大师
2026022802,434127376_13_1772270086,2,1,ban,大司命
2026022802,434127376_13_1772270086,3,2,ban,沈梦溪
2026022802,434127376_13_1772270086,4,1,pick,盾山
2026022802,434127376_13_1772270086,5,2,pick,太乙真人
2026022802,434127376_13_1772270086,6,2,pick,孙尚香
2026022802,434127376_13_1772270086,7,1,pick,元流之子(坦克)
2026022802,434127376_13_1772270086,8,1,pick,敖隐
2026022802,434127376_13_1772270086,9,2,pick,夏侯惇
2026022802,434127376_13_1772270086,10,2,ban,曹操
2026022802,434127376_13_1772270086,11,1,ban,马超
2026022802,434127376_13_1772270086,12,2,ban,关羽
2026022802,434127376_13_1772270086,13,1,ban,狂铁
2026022802,434127376_13_1772270086,14,2,ban,司空震
2026022802,434127376_13_1772270086,15,1,ban,西施
2026022802,434127376_13_1772270086,16,2,pick,夏洛特
2026022802,434127376_13_1772270086,17,1,pick,蚩奼
2026022802,434127376_13_1772270086,18,1,pick,女娲
2026022802,434127376_13_1772270086,19,2,pick,嬴政
2026022601,48251408_23_1772089827,0,1,ban,蚩奼
2026022601,48251408_23_1772089827,1,2,ban,盾山
2026022601,48251408_23_1772089827,2,1,ban,鲁班大师
2026022601,48251408_23_1772089827,3,2,ban,空空儿
2026022601,48251408_23_1772089827,4,1,pick,少司缘
2026022601,48251408_23_1772089827,5,2,pick,张飞
2026022601,48251408_23_1772089827,6,2,pick,公孙离
2026022601,48251408_23_1772089827,7,1,pick,白起
2026022601,48251408_23_1772089827,8,1,pick,戈娅
2026022601,48251408_23_1772089827,9,2,pick,云缨
2026022601,48251408_23_1772089827,10,2,ban,大司命
2026022601,48251408_23_1772089827,11,1,ban,西施
2026022601,48251408_23_1772089827,12,2,ban,阿古朵
2026022601,48251408_23_1772089827,13,1,ban,关羽
2026022601,48251408_23_1772089827,14,2,ban,裴擒虎
2026022601,48251408_23_1772089827,15,1,ban,夏洛特
2026022601,48251408_23_1772089827,16,2,pick,曹操
2026022601,48251408_23_1772089827,17,1,pick,姜子牙
2026022601,48251408_23_1772089827,18,1,pick,暃
2026022601,48251408_23_1772089827,19,2,pick,海月
2026022702,501236240_6_1772188760,0,1,ban,苏烈
2026022702,501236240_6_1772188760,1,2,ban,鲁班大师
2026022702,501236240_6_1772188760,2,1,ban,少司缘
2026022702,501236240_6_1772188760,3,2,ban,沈梦溪
2026022702,501236240_6_1772188760,4,1,pick,太乙真人
2026022702,501236240_6_1772188760,5,2,pick,公孙离
2026022702,501236240_6_1772188760,6,2,pick,空空儿
2026022702,501236240_6_1772188760,7,1,pick,苍
2026022702,501236240_6_1772188760,8,1,pick,武则天
2026022702,501236240_6_1772188760,9,2,pick,镜
2026022702,501236240_6_1772188760,10,2,ban,元流之子(坦克)
2026022702,501236240_6_1772188760,11,1,ban,女娲
2026022702,501236240_6_1772188760,12,2,ban,裴擒虎
2026022702,501236240_6_1772188760,13,1,ban,关羽
2026022702,501236240_6_1772188760,14,2,ban,暃
2026022702,501236240_6_1772188760,15,1,ban,小乔
2026022702,501236240_6_1772188760,16,2,pick,嬴政
2026022702,501236240_6_1772188760,17,1,pick,达摩
2026022702,501236240_6_1772188760,18,1,pick,韩信
2026022702,501236240_6_1772188760,19,2,pick,蒙恬
2026022703,1222656528_5_1772199787,0,1,ban,少司缘
2026022703,1222656528_5_1772199787,1,2,ban,元流之子(坦克)
2026022703,1222656528_5_1772199787,2,1,ban,敖隐
2026022703,1222656528_5_1772199787,3,2,ban,鲁班大师
2026022703,1222656528_5_1772199787,4,1,pick,盾山
2026022703,1222656528_5_1772199787,5,2,pick,太乙真人
2026022703,1222656528_5_1772199787,6,2,pick,孙尚香
2026022703,1222656528_5_1772199787,7,1,pick,不知火舞
2026022703,1222656528_5_1772199787,8,1,pick,艾琳
2026022703,1222656528_5_1772199787,9,2,pick,西施
2026022703,1222656528_5_1772199787,10,2,ban,曹操
2026022703,1222656528_5_1772199787,11,1,ban,大司命
2026022703,1222656528_5_1772199787,12,2,ban,关羽
2026022703,1222656528_5_1772199787,13,1,ban,白起
2026022703,1222656528_5_1772199787,14,2,ban,暃
2026022703,1222656528_5_1772199787,15,1,ban,镜
2026022703,1222656528_5_1772199787,16,2,pick,狂铁
2026022703,1222656528_5_1772199787,17,1,pick,阿古朵
2026022703,1222656528_5_1772199787,18,1,pick,夏洛特
2026022703,1222656528_5_1772199787,19,2,pick,橘右京
2026030101,48251408_39_1772344911,0,1,ban,太乙真人
2026030101,48251408_39_1772344911,1,2,ban,敖隐
2026030101,48251408_39_1772344911,2,1,ban,鲁班大师
2026030101,48251408_39_1772344911,3,2,ban,公孙离
2026030101,48251408_39_1772344911,4,1,pick,盾山
2026030101,48251408_39_1772344911,5,2,pick,蚩奼
2026030101,48251408_39_1772344911,6,2,pick,苏烈
2026030101,48251408_39_1772344911,7,1,pick,狂铁
2026030101,48251408_39_1772344911,8,1,pick,艾琳
2026030101,48251408_39_1772344911,9,2,pick,关羽
2026030101,48251408_39_1772344911,10,2,ban,海月
2026030101,48251408_39_1772344911,11,1,ban,女娲
2026030101,48251408_39_1772344911,12,2,ban,大司命
2026030101,48251408_39_1772344911,13,1,ban,沈梦溪
2026030101,48251408_39_1772344911,14,2,ban,不知火舞
2026030101,48251408_39_1772344911,15,1,ban,西施
2026030101,48251408_39_1772344911,16,2,pick,小乔
2026030101,48251408_39_1772344911,17,1,pick,橘右京
2026030101,48251408_39_1772344911,18,1,pick,武则天
2026030101,48251408_39_1772344911,19,2,pick,暃
2026022803,48251408_35_1772280146,0,1,ban,敖隐
2026022803,48251408_35_1772280146,1,2,ban,鲁班大师
2026022803,48251408_35_1772280146,2,1,ban,太乙真人
2026022803,48251408_35_1772280146,3,2,ban,盾山
2026022803,48251408_35_1772280146,4,1,pick,苏烈
2026022803,48251408_35_1772280146,5,2,pick,张飞
2026022803,48251408_35_1772280146,6,2,pick,大司命
2026022803,48251408_35_1772280146,7,1,pick,戈娅
2026022803,48251408_35_1772280146,8,1,pick,小乔
2026022803,48251408_35_1772280146,9,2,pick,蚩奼
2026022803,48251408_35_1772280146,10,2,ban,阿古朵
2026022803,48251408_35_1772280146,11,1,ban,沈梦溪
2026022803,48251408_35_1772280146,12,2,ban,橘右京
2026022803,48251408_35_1772280146,13,1,ban,关羽
2026022803,48251408_35_1772280146,14,2,ban,老夫子
2026022803,48251408_35_1772280146,15,1,ban,不知火舞
2026022803,48251408_35_1772280146,16,2,pick,武则天
2026022803,48251408_35_1772280146,17,1,pick,云缨
2026022803,48251408_35_1772280146,18,1,pick,狂铁
2026022803,48251408_35_1772280146,19,2,pick,曹操
2026022803,48251408_37_1772284404,0,1,ban,关羽
2026022803,48251408_37_1772284404,1,2,ban,鲁班大师
2026022803,48251408_37_1772284404,2,1,ban,苏烈
2026022803,48251408_37_1772284404,3,2,ban,沈梦溪
2026022803,48251408_37_1772284404,4,1,pick,盾山
2026022803,48251408_37_1772284404,5,2,pick,孙尚香
2026022803,48251408_37_1772284404,6,2,pick,太乙真人
2026022803,48251408_37_1772284404,7,1,pick,狄仁杰
2026022803,48251408_37_1772284404,8,1,pick,西施
2026022803,48251408_37_1772284404,9,2,pick,女娲
2026022803,48251408_37_1772284404,10,2,ban,哪吒
2026022803,48251408_37_1772284404,11,1,ban,镜
2026022803,48251408_37_1772284404,12,2,ban,元流之子(坦克)
2026022803,48251408_37_1772284404,13,1,ban,云缨
2026022803,48251408_37_1772284404,14,2,ban,橘右京
2026022803,48251408_37_1772284404,15,1,ban,杨戬
2026022803,48251408_37_1772284404,16,2,pick,娜可露露
2026022803,48251408_37_1772284404,17,1,pick,裴擒虎
2026022803,48251408_37_1772284404,18,1,pick,白起
2026022803,48251408_37_1772284404,19,2,pick,蒙恬
2026030101,48251408_40_1772346577,0,1,ban,苏烈
2026030101,48251408_40_1772346577,1,2,ban,盾山
2026030101,48251408_40_1772346577,2,1,ban,元流之子(辅助)
2026030101,48251408_40_1772346577,3,2,ban,沈梦溪
2026030101,48251408_40_1772346577,4,1,pick,鲁班大师
2026030101,48251408_40_1772346577,5,2,pick,敖隐
2026030101,48251408_40_1772346577,6,2,pick,杨玉环
2026030101,48251408_40_1772346577,7,1,pick,元流之子(坦克)
2026030101,48251408_40_1772346577,8,1,pick,鲁班七号
2026030101,48251408_40_1772346577,9,2,pick,裴擒虎
2026030101,48251408_40_1772346577,10,2,ban,不知火舞
2026030101,48251408_40_1772346577,11,1,ban,西施
2026030101,48251408_40_1772346577,12,2,ban,马超
2026030101,48251408_40_1772346577,13,1,ban,女娲
2026030101,48251408_40_1772346577,14,2,ban,狂铁
2026030101,48251408_40_1772346577,15,1,ban,庄周
2026030101,48251408_40_1772346577,16,2,pick,小乔
2026030101,48251408_40_1772346577,17,1,pick,曹操
2026030101,48251408_40_1772346577,18,1,pick,武则天
2026030101,48251408_40_1772346577,19,2,pick,司空震
2026030101,48251408_42_1772350243,0,1,ban,盾山
2026030101,48251408_42_1772350243,1,2,ban,鲁班大师
2026030101,48251408_42_1772350243,2,1,ban,不知火舞
2026030101,48251408_42_1772350243,3,2,ban,空空儿
2026030101,48251408_42_1772350243,4,1,pick,沈梦溪
2026030101,48251408_42_1772350243,5,2,pick,公孙离
2026030101,48251408_42_1772350243,6,2,pick,少司缘
2026030101,48251408_42_1772350243,7,1,pick,苏烈
2026030101,48251408_42_1772350243,8,1,pick,戈娅
2026030101,48251408_42_1772350243,9,2,pick,大司命
2026030101,48251408_42_1772350243,10,2,ban,宫本武藏
2026030101,48251408_42_1772350243,11,1,ban,司空震
2026030101,48251408_42_1772350243,12,2,ban,暃
2026030101,48251408_42_1772350243,13,1,ban,夏洛特
2026030101,48251408_42_1772350243,14,2,ban,阿古朵
2026030101,48251408_42_1772350243,15,1,ban,女娲
2026030101,48251408_42_1772350243,16,2,pick,影
2026030101,48251408_42_1772350243,17,1,pick,镜
2026030101,48251408_42_1772350243,18,1,pick,曹操
2026030101,48251408_42_1772350243,19,2,pick,嫦娥
2026030301,48251408_48_1772517791,0,1,ban,太乙真人
2026030301,48251408_48_1772517791,1,2,ban,鲁班大师
2026030301,48251408_48_1772517791,2,1,ban,苏烈
2026030301,48251408_48_1772517791,3,2,ban,敖隐
2026030301,48251408_48_1772517791,4,1,pick,盾山
2026030301,48251408_48_1772517791,5,2,pick,张飞
2026030301,48251408_48_1772517791,6,2,pick,沈梦溪
2026030301,48251408_48_1772517791,7,1,pick,蚩奼
2026030301,48251408_48_1772517791,8,1,pick,曹操
2026030301,48251408_48_1772517791,9,2,pick,戈娅
2026030301,48251408_48_1772517791,10,2,ban,哪吒
2026030301,48251408_48_1772517791,11,1,ban,狂铁
2026030301,48251408_48_1772517791,12,2,ban,不知火舞
2026030301,48251408_48_1772517791,13,1,ban,铠
2026030301,48251408_48_1772517791,14,2,ban,海月
2026030301,48251408_48_1772517791,15,1,ban,司空震
2026030301,48251408_48_1772517791,16,2,pick,云缨
2026030301,48251408_48_1772517791,17,1,pick,大司命
2026030301,48251408_48_1772517791,18,1,pick,武则天
2026030301,48251408_48_1772517791,19,2,pick,关羽
2026030301,48251408_49_1772519890,0,1,ban,沈梦溪
2026030301,48251408_49_1772519890,1,2,ban,盾山
2026030301,48251408_49_1772519890,2,1,ban,鲁班大师
2026030301,48251408_49_1772519890,3,2,ban,曹操
2026030301,48251408_49_1772519890,4,1,pick,苏烈
2026030301,48251408_49_1772519890,5,2,pick,公孙离
2026030301,48251408_49_1772519890,6,2,pick,少司缘
2026030301,48251408_49_1772519890,7,1,pick,苍
2026030301,48251408_49_1772519890,8,1,pick,小乔
2026030301,48251408_49_1772519890,9,2,pick,狂铁
2026030301,48251408_49_1772519890,10,2,ban,夏洛特
2026030301,48251408_49_1772519890,11,1,ban,阿古朵
2026030301,48251408_49_1772519890,12,2,ban,白起
2026030301,48251408_49_1772519890,13,1,ban,镜
2026030301,48251408_49_1772519890,14,2,ban,大司命
2026030301,48251408_49_1772519890,15,1,ban,哪吒
2026030301,48251408_49_1772519890,16,2,pick,橘右京
2026030301,48251408_49_1772519890,17,1,pick,影
2026030301,48251408_49_1772519890,18,1,pick,夏侯惇
2026030301,48251408_49_1772519890,19,2,pick,姜子牙
2026022802,434127376_14_1772272415,0,1,ban,少司缘
2026022802,434127376_14_1772272415,1,2,ban,盾山
2026022802,434127376_14_1772272415,2,1,ban,狄仁杰
2026022802,434127376_14_1772272415,3,2,ban,鲁班大师
2026022802,434127376_14_1772272415,4,1,pick,沈梦溪
2026022802,434127376_14_1772272415,5,2,pick,阿古朵
2026022802,434127376_14_1772272415,6,2,pick,张飞
2026022802,434127376_14_1772272415,7,1,pick,裴擒虎
2026022802,434127376_14_1772272415,8,1,pick,狂铁
2026022802,434127376_14_1772272415,9,2,pick,夏洛特
2026022802,434127376_14_1772272415,10,2,ban,苏烈
2026022802,434127376_14_1772272415,11,1,ban,不知火舞
2026022802,434127376_14_1772272415,12,2,ban,敖隐
2026022802,434127376_14_1772272415,13,1,ban,小乔
2026022802,434127376_14_1772272415,14,2,ban,蚩奼
2026022802,434127376_14_1772272415,15,1,ban,戈娅
2026022802,434127376_14_1772272415,16,2,pick,嫦娥
2026022802,434127376_14_1772272415,17,1,pick,孙权
2026022802,434127376_14_1772272415,18,1,pick,赵怀真
2026022802,434127376_14_1772272415,19,2,pick,后羿
2026030301,48251408_52_1772525348,0,1,ban,苏烈
2026030301,48251408_52_1772525348,1,2,ban,盾山
2026030301,48251408_52_1772525348,2,1,ban,敖隐
2026030301,48251408_52_1772525348,3,2,ban,鲁班大师
2026030301,48251408_52_1772525348,4,1,pick,公孙离
2026030301,48251408_52_1772525348,5,2,pick,艾琳
2026030301,48251408_52_1772525348,6,2,pick,空空儿
2026030301,48251408_52_1772525348,7,1,pick,阿古朵
2026030301,48251408_52_1772525348,8,1,pick,武则天
2026030301,48251408_52_1772525348,9,2,pick,云缨
2026030301,48251408_52_1772525348,10,2,ban,少司缘
2026030301,48251408_52_1772525348,11,1,ban,关羽
2026030301,48251408_52_1772525348,12,2,ban,廉颇
2026030301,48251408_52_1772525348,13,1,ban,小乔
2026030301,48251408_52_1772525348,14,2,ban,庄周
2026030301,48251408_52_1772525348,15,1,ban,西施
2026030301,48251408_52_1772525348,16,2,pick,大乔
2026030301,48251408_52_1772525348,17,1,pick,蒙恬
2026030301,48251408_52_1772525348,18,1,pick,东皇太一
2026030301,48251408_52_1772525348,19,2,pick,影
2026021301,48251408_34_1770966324,0,1,ban,张飞
2026021301,48251408_34_1770966324,1,2,ban,鲁班大师
2026021301,48251408_34_1770966324,2,1,ban,公孙离
2026021301,48251408_34_1770966324,3,2,ban,盾山
2026021301,48251408_34_1770966324,4,1,pick,空空儿
2026021301,48251408_34_1770966324,5,2,pick,戈娅
2026021301,48251408_34_1770966324,6,2,pick,狂铁
2026021301,48251408_34_1770966324,7,1,pick,蚩奼
2026021301,48251408_34_1770966324,8,1,pick,小乔
2026021301,48251408_34_1770966324,9,2,pick,苏烈
2026021301,48251408_34_1770966324,10,2,ban,哪吒
2026021301,48251408_34_1770966324,11,1,ban,海月
2026021301,48251408_34_1770966324,12,2,ban,镜
2026021301,48251408_34_1770966324,13,1,ban,女娲
2026021301,48251408_34_1770966324,14,2,ban,吕布
2026021301,48251408_34_1770966324,15,1,ban,阿古朵
2026021301,48251408_34_1770966324,16,2,pick,大司命
2026021301,48251408_34_1770966324,17,1,pick,孙权
2026021301,48251408_34_1770966324,18,1,pick,橘右京
2026021301,48251408_34_1770966324,19,2,pick,武则天
2026030301,48251408_51_1772523467,0,1,ban,苏烈
2026030301,48251408_51_1772523467,1,2,ban,盾山
2026030301,48251408_51_1772523467,2,1,ban,敖隐
2026030301,48251408_51_1772523467,3,2,ban,鲁班大师
2026030301,48251408_51_1772523467,4,1,pick,太乙真人
2026030301,48251408_51_1772523467,5,2,pick,张飞
2026030301,48251408_51_1772523467,6,2,pick,戈娅
2026030301,48251408_51_1772523467,7,1,pick,西施
2026030301,48251408_51_1772523467,8,1,pick,孙尚香
2026030301,48251408_51_1772523467,9,2,pick,女娲
2026030301,48251408_51_1772523467,10,2,ban,哪吒
2026030301,48251408_51_1772523467,11,1,ban,关羽
2026030301,48251408_51_1772523467,12,2,ban,镜
2026030301,48251408_51_1772523467,13,1,ban,阿古朵
2026030301,48251408_51_1772523467,14,2,ban,曹操
2026030301,48251408_51_1772523467,15,1,ban,云缨
2026030301,48251408_51_1772523467,16,2,pick,司空震
2026030301,48251408_51_1772523467,17,1,pick,夏洛特
2026030301,48251408_51_1772523467,18,1,pick,元流之子(坦克)
2026030301,48251408_51_1772523467,19,2,pick,杨戬
2026022802,434127376_17_1772276560,0,1,ban,盾山
2026022802,434127376_17_1772276560,1,2,ban,沈梦溪
2026022802,434127376_17_1772276560,2,1,ban,鲁班大师
2026022802,434127376_17_1772276560,3,2,ban,白起
2026022802,434127376_17_1772276560,4,1,pick,苏烈
2026022802,434127376_17_1772276560,5,2,pick,张飞
2026022802,434127376_17_1772276560,6,2,pick,戈娅
2026022802,434127376_17_1772276560,7,1,pick,司空震
2026022802,434127376_17_1772276560,8,1,pick,武则天
2026022802,434127376_17_1772276560,9,2,pick,女娲
2026022802,434127376_17_1772276560,10,2,ban,哪吒
2026022802,434127376_17_1772276560,11,1,ban,大司命
2026022802,434127376_17_1772276560,12,2,ban,镜
2026022802,434127376_17_1772276560,13,1,ban,阿古朵
2026022802,434127376_17_1772276560,14,2,ban,裴擒虎
2026022802,434127376_17_1772276560,15,1,ban,元流之子(坦克)
2026022802,434127376_17_1772276560,16,2,pick,云缨
2026022802,434127376_17_1772276560,17,1,pick,公孙离
2026022802,434127376_17_1772276560,18,1,pick,夏侯惇
2026022802,434127376_17_1772276560,19,2,pick,关羽
2026030302,48251408_55_1772538573,0,1,ban,盾山
2026030302,48251408_55_1772538573,1,2,ban,苏烈
2026030302,48251408_55_1772538573,2,1,ban,海月
2026030302,48251408_55_1772538573,3,2,ban,鲁班大师
2026030302,48251408_55_1772538573,4,1,pick,少司缘
2026030302,48251408_55_1772538573,5,2,pick,沈梦溪
2026030302,48251408_55_1772538573,6,2,pick,张飞
2026030302,48251408_55_1772538573,7,1,pick,大司命
2026030302,48251408_55_1772538573,8,1,pick,戈娅
2026030302,48251408_55_1772538573,9,2,pick,阿古朵
2026030302,48251408_55_1772538573,10,2,ban,马超
2026030302,48251408_55_1772538573,11,1,ban,蚩奼
2026030302,48251408_55_1772538573,12,2,ban,小乔
2026030302,48251408_55_1772538573,13,1,ban,孙权
2026030302,48251408_55_1772538573,14,2,ban,大乔
2026030302,48251408_55_1772538573,15,1,ban,后羿
2026030302,48251408_55_1772538573,16,2,pick,关羽
2026030302,48251408_55_1772538573,17,1,pick,影
2026030302,48251408_55_1772538573,18,1,pick,武则天
2026030302,48251408_55_1772538573,19,2,pick,苍
2026030302,48251408_56_1772540310,0,1,ban,盾山
2026030302,48251408_56_1772540310,1,2,ban,苏烈
2026030302,48251408_56_1772540310,2,1,ban,少司缘
2026030302,48251408_56_1772540310,3,2,ban,鲁班大师
2026030302,48251408_56_1772540310,4,1,pick,沈梦溪
2026030302,48251408_56_1772540310,5,2,pick,夏洛特
2026030302,48251408_56_1772540310,6,2,pick,空空儿
2026030302,48251408_56_1772540310,7,1,pick,张飞
2026030302,48251408_56_1772540310,8,1,pick,蚩奼
2026030302,48251408_56_1772540310,9,2,pick,公孙离
2026030302,48251408_56_1772540310,10,2,ban,镜
2026030302,48251408_56_1772540310,11,1,ban,海月
2026030302,48251408_56_1772540310,12,2,ban,暃
2026030302,48251408_56_1772540310,13,1,ban,小乔
2026030302,48251408_56_1772540310,14,2,ban,杨戬
2026030302,48251408_56_1772540310,15,1,ban,不知火舞
2026030302,48251408_56_1772540310,16,2,pick,云缨
2026030302,48251408_56_1772540310,17,1,pick,曹操
2026030302,48251408_56_1772540310,18,1,pick,橘右京
2026030302,48251408_56_1772540310,19,2,pick,嫦娥
2026022802,434127376_16_1772274619,0,1,ban,沈梦溪
2026022802,434127376_16_1772274619,1,2,ban,盾山
2026022802,434127376_16_1772274619,2,1,ban,镜
2026022802,434127376_16_1772274619,3,2,ban,鲁班大师
2026022802,434127376_16_1772274619,4,1,pick,少司缘
2026022802,434127376_16_1772274619,5,2,pick,马超
2026022802,434127376_16_1772274619,6,2,pick,橘右京
2026022802,434127376_16_1772274619,7,1,pick,铠
2026022802,434127376_16_1772274619,8,1,pick,武则天
2026022802,434127376_16_1772274619,9,2,pick,王昭君
2026022802,434127376_16_1772274619,10,2,ban,白起
2026022802,434127376_16_1772274619,11,1,ban,大司命
2026022802,434127376_16_1772274619,12,2,ban,关羽
2026022802,434127376_16_1772274619,13,1,ban,公孙离
2026022802,434127376_16_1772274619,14,2,ban,蒙恬
2026022802,434127376_16_1772274619,15,1,ban,李元芳
2026022802,434127376_16_1772274619,16,2,pick,苍
2026022802,434127376_16_1772274619,17,1,pick,元歌
2026022802,434127376_16_1772274619,18,1,pick,敖隐
2026022802,434127376_16_1772274619,19,2,pick,张良
2026021001,48251408_3_1770703603,0,1,ban,元流之子(辅助)
2026021001,48251408_3_1770703603,1,2,ban,鲁班大师
2026021001,48251408_3_1770703603,2,1,ban,苏烈
2026021001,48251408_3_1770703603,3,2,ban,盾山
2026021001,48251408_3_1770703603,4,1,pick,沈梦溪
2026021001,48251408_3_1770703603,5,2,pick,空空儿
2026021001,48251408_3_1770703603,6,2,pick,小乔
2026021001,48251408_3_1770703603,7,1,pick,狂铁
2026021001,48251408_3_1770703603,8,1,pick,公孙离
2026021001,48251408_3_1770703603,9,2,pick,戈娅
2026021001,48251408_3_1770703603,10,2,ban,镜
2026021001,48251408_3_1770703603,11,1,ban,橘右京
2026021001,48251408_3_1770703603,12,2,ban,张飞
2026021001,48251408_3_1770703603,13,1,ban,裴擒虎
2026021001,48251408_3_1770703603,14,2,ban,杨戬
2026021001,48251408_3_1770703603,15,1,ban,夏侯惇
2026021001,48251408_3_1770703603,16,2,pick,暃
2026021001,48251408_3_1770703603,17,1,pick,廉颇
2026021001,48251408_3_1770703603,18,1,pick,哪吒
2026021001,48251408_3_1770703603,19,2,pick,曹操
2026030401,48251408_61_1772607823,0,1,ban,海月
2026030401,48251408_61_1772607823,1,2,ban,盾山
2026030401,48251408_61_1772607823,2,1,ban,蚩奼
2026030401,48251408_61_1772607823,3,2,ban,不知火舞
2026030401,48251408_61_1772607823,4,1,pick,敖隐
2026030401,48251408_61_1772607823,5,2,pick,鲁班大师
2026030401,48251408_61_1772607823,6,2,pick,杨戬
2026030401,48251408_61_1772607823,7,1,pick,夏洛特
2026030401,48251408_61_1772607823,8,1,pick,夏侯惇
2026030401,48251408_61_1772607823,9,2,pick,王昭君
2026030401,48251408_61_1772607823,10,2,ban,庄周
2026030401,48251408_61_1772607823,11,1,ban,鲁班七号
2026030401,48251408_61_1772607823,12,2,ban,元流之子(辅助)
2026030401,48251408_61_1772607823,13,1,ban,狂铁
2026030401,48251408_61_1772607823,14,2,ban,女娲
2026030401,48251408_61_1772607823,15,1,ban,马超
2026030401,48251408_61_1772607823,16,2,pick,姬小满
2026030401,48251408_61_1772607823,17,1,pick,嬴政
2026030401,48251408_61_1772607823,18,1,pick,朵莉亚
2026030401,48251408_61_1772607823,19,2,pick,苍
2026030401,48251408_64_1772613864,0,1,ban,鲁班大师
2026030401,48251408_64_1772613864,1,2,ban,蚩奼
2026030401,48251408_64_1772613864,2,1,ban,盾山
2026030401,48251408_64_1772613864,3,2,ban,镜
2026030401,48251408_64_1772613864,4,1,pick,女娲
2026030401,48251408_64_1772613864,5,2,pick,苍
2026030401,48251408_64_1772613864,6,2,pick,马超
2026030401,48251408_64_1772613864,7,1,pick,夏洛特
2026030401,48251408_64_1772613864,8,1,pick,元流之子(射手)
2026030401,48251408_64_1772613864,9,2,pick,哪吒
2026030401,48251408_64_1772613864,10,2,ban,太乙真人
2026030401,48251408_64_1772613864,11,1,ban,少司缘
2026030401,48251408_64_1772613864,12,2,ban,空空儿
2026030401,48251408_64_1772613864,13,1,ban,海月
2026030401,48251408_64_1772613864,14,2,ban,张飞
2026030401,48251408_64_1772613864,15,1,ban,墨子
2026030401,48251408_64_1772613864,16,2,pick,张良
2026030401,48251408_64_1772613864,17,1,pick,阿古朵
2026030401,48251408_64_1772613864,18,1,pick,廉颇
2026030401,48251408_64_1772613864,19,2,pick,王昭君
2026022502,1272988176_3_1772010089,0,1,ban,元流之子(坦克)
2026022502,1272988176_3_1772010089,1,2,ban,沈梦溪
2026022502,1272988176_3_1772010089,2,1,ban,孙尚香
2026022502,1272988176_3_1772010089,3,2,ban,夏洛特
2026022502,1272988176_3_1772010089,4,1,pick,盾山
2026022502,1272988176_3_1772010089,5,2,pick,苏烈
2026022502,1272988176_3_1772010089,6,2,pick,蚩奼
2026022502,1272988176_3_1772010089,7,1,pick,狂铁
2026022502,1272988176_3_1772010089,8,1,pick,敖隐
2026022502,1272988176_3_1772010089,9,2,pick,马超
2026022502,1272988176_3_1772010089,10,2,ban,海月
2026022502,1272988176_3_1772010089,11,1,ban,女娲
2026022502,1272988176_3_1772010089,12,2,ban,宫本武藏
2026022502,1272988176_3_1772010089,13,1,ban,大司命
2026022502,1272988176_3_1772010089,14,2,ban,武则天
2026022502,1272988176_3_1772010089,15,1,ban,西施
2026022502,1272988176_3_1772010089,16,2,pick,小乔
2026022502,1272988176_3_1772010089,17,1,pick,不知火舞
2026022502,1272988176_3_1772010089,18,1,pick,杨戬
2026022502,1272988176_3_1772010089,19,2,pick,夏侯惇
2026030401,48251408_63_1772611839,0,1,ban,鲁班大师
2026030401,48251408_63_1772611839,1,2,ban,镜
2026030401,48251408_63_1772611839,2,1,ban,盾山
2026030401,48251408_63_1772611839,3,2,ban,太乙真人
2026030401,48251408_63_1772611839,4,1,pick,马超
2026030401,48251408_63_1772611839,5,2,pick,公孙离
2026030401,48251408_63_1772611839,6,2,pick,阿古朵
2026030401,48251408_63_1772611839,7,1,pick,沈梦溪
2026030401,48251408_63_1772611839,8,1,pick,橘右京
2026030401,48251408_63_1772611839,9,2,pick,不知火舞
2026030401,48251408_63_1772611839,10,2,ban,蚩奼
2026030401,48251408_63_1772611839,11,1,ban,老夫子
2026030401,48251408_63_1772611839,12,2,ban,张飞
2026030401,48251408_63_1772611839,13,1,ban,少司缘
2026030401,48251408_63_1772611839,14,2,ban,元流之子(辅助)
2026030401,48251408_63_1772611839,15,1,ban,司空震
2026030401,48251408_63_1772611839,16,2,pick,空空儿
2026030401,48251408_63_1772611839,17,1,pick,赵怀真
2026030401,48251408_63_1772611839,18,1,pick,敖隐
2026030401,48251408_63_1772611839,19,2,pick,影
2026030401,48251408_65_1772616004,0,1,pick,盾山
2026030401,48251408_65_1772616004,1,2,pick,曹操
2026030401,48251408_65_1772616004,2,2,pick,沈梦溪
2026030401,48251408_65_1772616004,3,1,pick,夏洛特
2026030401,48251408_65_1772616004,4,1,pick,元流之子(坦克)
2026030401,48251408_65_1772616004,5,1,pick,艾琳
2026030401,48251408_65_1772616004,6,2,pick,蚩奼
2026030401,48251408_65_1772616004,7,2,pick,鲁班大师
2026030402,48251408_69_1772625796,0,1,ban,张飞
2026030402,48251408_69_1772625796,1,2,ban,盾山
2026030402,48251408_69_1772625796,2,1,ban,太乙真人
2026030402,48251408_69_1772625796,3,2,ban,蚩奼
2026030402,48251408_69_1772625796,4,1,pick,鲁班大师
2026030402,48251408_69_1772625796,5,2,pick,狄仁杰
2026030402,48251408_69_1772625796,6,2,pick,杨玉环
2026030402,48251408_69_1772625796,7,1,pick,海月
2026030402,48251408_69_1772625796,8,1,pick,裴擒虎
2026030402,48251408_69_1772625796,9,2,pick,铠
2026030402,48251408_69_1772625796,10,2,ban,艾琳
2026030402,48251408_69_1772625796,11,1,ban,女娲
2026030402,48251408_69_1772625796,12,2,ban,关羽
2026030402,48251408_69_1772625796,13,1,ban,西施
2026030402,48251408_69_1772625796,14,2,ban,鲁班七号
2026030402,48251408_69_1772625796,15,1,ban,小乔
2026030402,48251408_69_1772625796,16,2,pick,墨子
2026030402,48251408_69_1772625796,17,1,pick,苍
2026030402,48251408_69_1772625796,18,1,pick,蒙恬
2026030402,48251408_69_1772625796,19,2,pick,白起
2026030301,48251408_50_1772521643,0,1,ban,盾山
2026030301,48251408_50_1772521643,1,2,ban,苏烈
2026030301,48251408_50_1772521643,2,1,ban,海月
2026030301,48251408_50_1772521643,3,2,ban,鲁班大师
2026030301,48251408_50_1772521643,4,1,pick,沈梦溪
2026030301,48251408_50_1772521643,5,2,pick,狂铁
2026030301,48251408_50_1772521643,6,2,pick,敖隐
2026030301,48251408_50_1772521643,7,1,pick,元流之子(辅助)
2026030301,48251408_50_1772521643,8,1,pick,狄仁杰
2026030301,48251408_50_1772521643,9,2,pick,女娲
2026030301,48251408_50_1772521643,10,2,ban,关羽
2026030301,48251408_50_1772521643,11,1,ban,少司缘
2026030301,48251408_50_1772521643,12,2,ban,哪吒
2026030301,48251408_50_1772521643,13,1,ban,空空儿
2026030301,48251408_50_1772521643,14,2,ban,裴擒虎
2026030301,48251408_50_1772521643,15,1,ban,太乙真人
2026030301,48251408_50_1772521643,16,2,pick,墨子
2026030301,48251408_50_1772521643,17,1,pick,镜
2026030301,48251408_50_1772521643,18,1,pick,白起
2026030301,48251408_50_1772521643,19,2,pick,杨戬
2026030401,48251408_60_1772605891,0,1,ban,元流之子(辅助)
2026030401,48251408_60_1772605891,1,2,ban,盾山
2026030401,48251408_60_1772605891,2,1,ban,海月
2026030401,48251408_60_1772605891,3,2,ban,鲁班大师
2026030401,48251408_60_1772605891,4,1,pick,沈梦溪
2026030401,48251408_60_1772605891,5,2,pick,少司缘
2026030401,48251408_60_1772605891,6,2,pick,公孙离
2026030401,48251408_60_1772605891,7,1,pick,戈娅
2026030401,48251408_60_1772605891,8,1,pick,苏烈
2026030401,48251408_60_1772605891,9,2,pick,大司命
2026030401,48251408_60_1772605891,10,2,ban,阿古朵
2026030401,48251408_60_1772605891,11,1,ban,嫦娥
2026030401,48251408_60_1772605891,12,2,ban,橘右京
2026030401,48251408_60_1772605891,13,1,ban,不知火舞
2026030401,48251408_60_1772605891,14,2,ban,宫本武藏
2026030401,48251408_60_1772605891,15,1,ban,关羽
2026030401,48251408_60_1772605891,16,2,pick,杨玉环
2026030401,48251408_60_1772605891,17,1,pick,裴擒虎
2026030401,48251408_60_1772605891,18,1,pick,曹操
2026030401,48251408_60_1772605891,19,2,pick,司空震
2026030402,48251408_71_1772629987,0,1,ban,鲁班大师
2026030402,48251408_71_1772629987,1,2,ban,苏烈
2026030402,48251408_71_1772629987,2,1,ban,太乙真人
2026030402,48251408_71_1772629987,3,2,ban,盾山
2026030402,48251408_71_1772629987,4,1,pick,狂铁
2026030402,48251408_71_1772629987,5,2,pick,影
2026030402,48251408_71_1772629987,6,2,pick,空空儿
2026030402,48251408_71_1772629987,7,1,pick,杨玉环
2026030402,48251408_71_1772629987,8,1,pick,武则天
2026030402,48251408_71_1772629987,9,2,pick,戈娅
2026030402,48251408_71_1772629987,10,2,ban,蚩奼
2026030402,48251408_71_1772629987,11,1,ban,小乔
2026030402,48251408_71_1772629987,12,2,ban,哪吒
2026030402,48251408_71_1772629987,13,1,ban,海月
2026030402,48251408_71_1772629987,14,2,ban,杨戬
2026030402,48251408_71_1772629987,15,1,ban,嬴政
2026030402,48251408_71_1772629987,16,2,pick,镜
2026030402,48251408_71_1772629987,17,1,pick,韩信
2026030402,48251408_71_1772629987,18,1,pick,孙权
2026030402,48251408_71_1772629987,19,2,pick,不知火舞
2026030402,48251408_66_1772622151,0,1,ban,苏烈
2026030402,48251408_66_1772622151,1,2,ban,盾山
2026030402,48251408_66_1772622151,2,1,ban,元流之子(坦克)
2026030402,48251408_66_1772622151,3,2,ban,鲁班大师
2026030402,48251408_66_1772622151,4,1,pick,少司缘
2026030402,48251408_66_1772622151,5,2,pick,敖隐
2026030402,48251408_66_1772622151,6,2,pick,沈梦溪
2026030402,48251408_66_1772622151,7,1,pick,嫦娥
2026030402,48251408_66_1772622151,8,1,pick,公孙离
2026030402,48251408_66_1772622151,9,2,pick,元流之子(辅助)
2026030402,48251408_66_1772622151,10,2,ban,白起
2026030402,48251408_66_1772622151,11,1,ban,阿古朵
2026030402,48251408_66_1772622151,12,2,ban,蒙恬
2026030402,48251408_66_1772622151,13,1,ban,老夫子
2026030402,48251408_66_1772622151,14,2,ban,马超
2026030402,48251408_66_1772622151,15,1,ban,狂铁
2026030402,48251408_66_1772622151,16,2,pick,达摩
2026030402,48251408_66_1772622151,17,1,pick,夏洛特
2026030402,48251408_66_1772622151,18,1,pick,大司命
2026030402,48251408_66_1772622151,19,2,pick,橘右京
2026021301,48251408_33_1770964277,0,1,ban,狄仁杰
2026021301,48251408_33_1770964277,1,2,ban,空空儿
2026021301,48251408_33_1770964277,2,1,ban,镜
2026021301,48251408_33_1770964277,3,2,ban,橘右京
2026021301,48251408_33_1770964277,4,1,pick,鲁班大师
2026021301,48251408_33_1770964277,5,2,pick,敖隐
2026021301,48251408_33_1770964277,6,2,pick,元流之子(辅助)
2026021301,48251408_33_1770964277,7,1,pick,杨戬
2026021301,48251408_33_1770964277,8,1,pick,王昭君
2026021301,48251408_33_1770964277,9,2,pick,沈梦溪
2026021301,48251408_33_1770964277,10,2,ban,狂铁
2026021301,48251408_33_1770964277,11,1,ban,阿古朵
2026021301,48251408_33_1770964277,12,2,ban,公孙离
2026021301,48251408_33_1770964277,13,1,ban,蒙恬
2026021301,48251408_33_1770964277,14,2,ban,关羽
2026021301,48251408_33_1770964277,15,1,ban,大司命
2026021301,48251408_33_1770964277,16,2,pick,司空震
2026021301,48251408_33_1770964277,17,1,pick,老夫子
2026021301,48251408_33_1770964277,18,1,pick,后羿
2026021301,48251408_33_1770964277,19,2,pick,铠
2026030702,836780560_19_1772877676,0,1,ban,苏烈
2026030702,836780560_19_1772877676,1,2,ban,盾山
2026030702,836780560_19_1772877676,2,1,ban,鲁班大师
2026030702,836780560_19_1772877676,3,2,ban,少司缘
2026030702,836780560_19_1772877676,4,1,pick,狂铁
2026030702,836780560_19_1772877676,5,2,pick,沈梦溪
2026030702,836780560_19_1772877676,6,2,pick,张飞
2026030702,836780560_19_1772877676,7,1,pick,太乙真人
2026030702,836780560_19_1772877676,8,1,pick,孙尚香
2026030702,836780560_19_1772877676,9,2,pick,戈娅
2026030702,836780560_19_1772877676,10,2,ban,不知火舞
2026030702,836780560_19_1772877676,11,1,ban,关羽
2026030702,836780560_19_1772877676,12,2,ban,西施
2026030702,836780560_19_1772877676,13,1,ban,哪吒
2026030702,836780560_19_1772877676,14,2,ban,海月
2026030702,836780560_19_1772877676,15,1,ban,镜
2026030702,836780560_19_1772877676,16,2,pick,马超
2026030702,836780560_19_1772877676,17,1,pick,橘右京
2026030702,836780560_19_1772877676,18,1,pick,小乔
2026030702,836780560_19_1772877676,19,2,pick,宫本武藏
2026030701,48251408_78_1772869071,0,1,ban,元流之子(坦克)
2026030701,48251408_78_1772869071,1,2,ban,沈梦溪
2026030701,48251408_78_1772869071,2,1,ban,大司命
2026030701,48251408_78_1772869071,3,2,ban,狂铁
2026030701,48251408_78_1772869071,4,1,pick,关羽
2026030701,48251408_78_1772869071,5,2,pick,蚩奼
2026030701,48251408_78_1772869071,6,2,pick,少司缘
2026030701,48251408_78_1772869071,7,1,pick,橘右京
2026030701,48251408_78_1772869071,8,1,pick,苏烈
2026030701,48251408_78_1772869071,9,2,pick,铠
2026030701,48251408_78_1772869071,10,2,ban,戈娅
2026030701,48251408_78_1772869071,11,1,ban,马超
2026030701,48251408_78_1772869071,12,2,ban,公孙离
2026030701,48251408_78_1772869071,13,1,ban,夏洛特
2026030701,48251408_78_1772869071,14,2,ban,西施
2026030701,48251408_78_1772869071,15,1,ban,女娲
2026030701,48251408_78_1772869071,16,2,pick,司空震
2026030701,48251408_78_1772869071,17,1,pick,孙权
2026030701,48251408_78_1772869071,18,1,pick,不知火舞
2026030701,48251408_78_1772869071,19,2,pick,嫦娥
2026030702,836780560_21_1772881026,0,1,ban,盾山
2026030702,836780560_21_1772881026,1,2,ban,苏烈
2026030702,836780560_21_1772881026,2,1,ban,戈娅
2026030702,836780560_21_1772881026,3,2,ban,鲁班大师
2026030702,836780560_21_1772881026,4,1,pick,蚩奼
2026030702,836780560_21_1772881026,5,2,pick,苍
2026030702,836780560_21_1772881026,6,2,pick,张飞
2026030702,836780560_21_1772881026,7,1,pick,狂铁
2026030702,836780560_21_1772881026,8,1,pick,阿古朵
2026030702,836780560_21_1772881026,9,2,pick,女娲
2026030702,836780560_21_1772881026,10,2,ban,空空儿
2026030702,836780560_21_1772881026,11,1,ban,云缨
2026030702,836780560_21_1772881026,12,2,ban,姜子牙
2026030702,836780560_21_1772881026,13,1,ban,夏洛特
2026030702,836780560_21_1772881026,14,2,ban,墨子
2026030702,836780560_21_1772881026,15,1,ban,司空震
2026030702,836780560_21_1772881026,16,2,pick,曹操
2026030702,836780560_21_1772881026,17,1,pick,廉颇
2026030702,836780560_21_1772881026,18,1,pick,嬴政
2026030702,836780560_21_1772881026,19,2,pick,杨戬
2026030103,501236240_11_1772366522,0,1,ban,元流之子(辅助)
2026030103,501236240_11_1772366522,1,2,ban,鲁班大师
2026030103,501236240_11_1772366522,2,1,ban,苏烈
2026030103,501236240_11_1772366522,3,2,ban,沈梦溪
2026030103,501236240_11_1772366522,4,1,pick,盾山
2026030103,501236240_11_1772366522,5,2,pick,太乙真人
2026030103,501236240_11_1772366522,6,2,pick,孙尚香
2026030103,501236240_11_1772366522,7,1,pick,艾琳
2026030103,501236240_11_1772366522,8,1,pick,嬴政
2026030103,501236240_11_1772366522,9,2,pick,关羽
2026030103,501236240_11_1772366522,10,2,ban,马超
2026030103,501236240_11_1772366522,11,1,ban,西施
2026030103,501236240_11_1772366522,12,2,ban,元流之子(坦克)
2026030103,501236240_11_1772366522,13,1,ban,镜
2026030103,501236240_11_1772366522,14,2,ban,蚩奼
2026030103,501236240_11_1772366522,15,1,ban,海月
2026030103,501236240_11_1772366522,16,2,pick,安琪拉
2026030103,501236240_11_1772366522,17,1,pick,影
2026030103,501236240_11_1772366522,18,1,pick,夏侯惇
2026030103,501236240_11_1772366522,19,2,pick,铠
2026030702,836780560_18_1772875794,0,1,ban,盾山
2026030702,836780560_18_1772875794,1,2,ban,苏烈
2026030702,836780560_18_1772875794,2,1,ban,海月
2026030702,836780560_18_1772875794,3,2,ban,鲁班大师
2026030702,836780560_18_1772875794,4,1,pick,少司缘
2026030702,836780560_18_1772875794,5,2,pick,张良
2026030702,836780560_18_1772875794,6,2,pick,王昭君
2026030702,836780560_18_1772875794,7,1,pick,武则天
2026030702,836780560_18_1772875794,8,1,pick,苍
2026030702,836780560_18_1772875794,9,2,pick,马超
2026030702,836780560_18_1772875794,10,2,ban,关羽
2026030702,836780560_18_1772875794,11,1,ban,大司命
2026030702,836780560_18_1772875794,12,2,ban,影
2026030702,836780560_18_1772875794,13,1,ban,后羿
2026030702,836780560_18_1772875794,14,2,ban,铠
2026030702,836780560_18_1772875794,15,1,ban,宫本武藏
2026030702,836780560_18_1772875794,16,2,pick,艾琳
2026030702,836780560_18_1772875794,17,1,pick,夏侯惇
2026030702,836780560_18_1772875794,18,1,pick,元歌
2026030702,836780560_18_1772875794,19,2,pick,哪吒
2026030103,501236240_12_1772368682,0,1,ban,元流之子(辅助)
2026030103,501236240_12_1772368682,1,2,ban,鲁班大师
2026030103,501236240_12_1772368682,2,1,ban,少司缘
2026030103,501236240_12_1772368682,3,2,ban,盾山
2026030103,501236240_12_1772368682,4,1,pick,苏烈
2026030103,501236240_12_1772368682,5,2,pick,沈梦溪
2026030103,501236240_12_1772368682,6,2,pick,张飞
2026030103,501236240_12_1772368682,7,1,pick,嫦娥
2026030103,501236240_12_1772368682,8,1,pick,蚩奼
2026030103,501236240_12_1772368682,9,2,pick,公孙离
2026030103,501236240_12_1772368682,10,2,ban,裴擒虎
2026030103,501236240_12_1772368682,11,1,ban,司空震
2026030103,501236240_12_1772368682,12,2,ban,阿古朵
2026030103,501236240_12_1772368682,13,1,ban,大司命
2026030103,501236240_12_1772368682,14,2,ban,橘右京
2026030103,501236240_12_1772368682,15,1,ban,元流之子(坦克)
2026030103,501236240_12_1772368682,16,2,pick,曹操
2026030103,501236240_12_1772368682,17,1,pick,云缨
2026030103,501236240_12_1772368682,18,1,pick,夏洛特
2026030103,501236240_12_1772368682,19,2,pick,杨戬
2026030701,48251408_76_1772865605,0,1,ban,鲁班大师
2026030701,48251408_76_1772865605,1,2,ban,沈梦溪
2026030701,48251408_76_1772865605,2,1,ban,狂铁
2026030701,48251408_76_1772865605,3,2,ban,元流之子(坦克)
2026030701,48251408_76_1772865605,4,1,pick,苏烈
2026030701,48251408_76_1772865605,5,2,pick,女娲
2026030701,48251408_76_1772865605,6,2,pick,张飞
2026030701,48251408_76_1772865605,7,1,pick,镜
2026030701,48251408_76_1772865605,8,1,pick,戈娅
2026030701,48251408_76_1772865605,9,2,pick,艾琳
2026030701,48251408_76_1772865605,10,2,ban,关羽
2026030701,48251408_76_1772865605,11,1,ban,暃
2026030701,48251408_76_1772865605,12,2,ban,不知火舞
2026030701,48251408_76_1772865605,13,1,ban,哪吒
2026030701,48251408_76_1772865605,14,2,ban,蚩奼
2026030701,48251408_76_1772865605,15,1,ban,杨戬
2026030701,48251408_76_1772865605,16,2,pick,云缨
2026030701,48251408_76_1772865605,17,1,pick,达摩
2026030701,48251408_76_1772865605,18,1,pick,海月
2026030701,48251408_76_1772865605,19,2,pick,夏洛特
2026030701,48251408_75_1772863358,0,1,ban,苏烈
2026030701,48251408_75_1772863358,1,2,ban,沈梦溪
2026030701,48251408_75_1772863358,2,1,ban,太乙真人
2026030701,48251408_75_1772863358,3,2,ban,盾山
2026030701,48251408_75_1772863358,4,1,pick,鲁班大师
2026030701,48251408_75_1772863358,5,2,pick,元流之子(辅助)
2026030701,48251408_75_1772863358,6,2,pick,敖隐
2026030701,48251408_75_1772863358,7,1,pick,杨戬
2026030701,48251408_75_1772863358,8,1,pick,狂铁
2026030701,48251408_75_1772863358,9,2,pick,大司命
2026030701,48251408_75_1772863358,10,2,ban,鲁班七号
2026030701,48251408_75_1772863358,11,1,ban,杨玉环
2026030701,48251408_75_1772863358,12,2,ban,王昭君
2026030701,48251408_75_1772863358,13,1,ban,海月
2026030701,48251408_75_1772863358,14,2,ban,女娲
2026030701,48251408_75_1772863358,15,1,ban,甄姬
2026030701,48251408_75_1772863358,16,2,pick,小乔
2026030701,48251408_75_1772863358,17,1,pick,虞姬
2026030701,48251408_75_1772863358,18,1,pick,嬴政
2026030701,48251408_75_1772863358,19,2,pick,曹操
2026030402,48251408_68_1772623933,0,1,ban,鲁班大师
2026030402,48251408_68_1772623933,1,2,ban,少司缘
2026030402,48251408_68_1772623933,2,1,ban,盾山
2026030402,48251408_68_1772623933,3,2,ban,不知火舞
2026030402,48251408_68_1772623933,4,1,pick,苏烈
2026030402,48251408_68_1772623933,5,2,pick,张飞
2026030402,48251408_68_1772623933,6,2,pick,沈梦溪
2026030402,48251408_68_1772623933,7,1,pick,蚩奼
2026030402,48251408_68_1772623933,8,1,pick,嫦娥
2026030402,48251408_68_1772623933,9,2,pick,敖隐
2026030402,48251408_68_1772623933,10,2,ban,大司命
2026030402,48251408_68_1772623933,11,1,ban,司空震
2026030402,48251408_68_1772623933,12,2,ban,铠
2026030402,48251408_68_1772623933,13,1,ban,杨戬
2026030402,48251408_68_1772623933,14,2,ban,云缨
2026030402,48251408_68_1772623933,15,1,ban,老夫子
2026030402,48251408_68_1772623933,16,2,pick,曹操
2026030402,48251408_68_1772623933,17,1,pick,狂铁
2026030402,48251408_68_1772623933,18,1,pick,阿古朵
2026030402,48251408_68_1772623933,19,2,pick,宫本武藏
2026030801,48251408_83_1772955452,0,1,ban,元流之子(辅助)
2026030801,48251408_83_1772955452,1,2,ban,鲁班大师
2026030801,48251408_83_1772955452,2,1,ban,阿古朵
2026030801,48251408_83_1772955452,3,2,ban,盾山
2026030801,48251408_83_1772955452,4,1,pick,蚩奼
2026030801,48251408_83_1772955452,5,2,pick,公孙离
2026030801,48251408_83_1772955452,6,2,pick,苏烈
2026030801,48251408_83_1772955452,7,1,pick,张飞
2026030801,48251408_83_1772955452,8,1,pick,戈娅
2026030801,48251408_83_1772955452,9,2,pick,司空震
2026030801,48251408_83_1772955452,10,2,ban,不知火舞
2026030801,48251408_83_1772955452,11,1,ban,宫本武藏
2026030801,48251408_83_1772955452,12,2,ban,小乔
2026030801,48251408_83_1772955452,13,1,ban,女娲
2026030801,48251408_83_1772955452,14,2,ban,镜
2026030801,48251408_83_1772955452,15,1,ban,沈梦溪
2026030801,48251408_83_1772955452,16,2,pick,嫦娥
2026030801,48251408_83_1772955452,17,1,pick,元流之子(坦克)
2026030801,48251408_83_1772955452,18,1,pick,姜子牙
2026030801,48251408_83_1772955452,19,2,pick,夏侯惇
2026030702,836780560_17_1772873984,0,1,ban,张飞
2026030702,836780560_17_1772873984,1,2,ban,鲁班大师
2026030702,836780560_17_1772873984,2,1,ban,关羽
2026030702,836780560_17_1772873984,3,2,ban,狂铁
2026030702,836780560_17_1772873984,4,1,pick,盾山
2026030702,836780560_17_1772873984,5,2,pick,沈梦溪
2026030702,836780560_17_1772873984,6,2,pick,苏烈
2026030702,836780560_17_1772873984,7,1,pick,不知火舞
2026030702,836780560_17_1772873984,8,1,pick,艾琳
2026030702,836780560_17_1772873984,9,2,pick,敖隐
2026030702,836780560_17_1772873984,10,2,ban,马超
2026030702,836780560_17_1772873984,11,1,ban,大司命
2026030702,836780560_17_1772873984,12,2,ban,曹操
2026030702,836780560_17_1772873984,13,1,ban,哪吒
2026030702,836780560_17_1772873984,14,2,ban,蚩奼
2026030702,836780560_17_1772873984,15,1,ban,阿古朵
2026030702,836780560_17_1772873984,16,2,pick,蒙恬
2026030702,836780560_17_1772873984,17,1,pick,云缨
2026030702,836780560_17_1772873984,18,1,pick,吕布
2026030702,836780560_17_1772873984,19,2,pick,裴擒虎
2026030801,48251408_81_1772951417,0,1,ban,苏烈
2026030801,48251408_81_1772951417,1,2,ban,少司缘
2026030801,48251408_81_1772951417,2,1,ban,沈梦溪
2026030801,48251408_81_1772951417,3,2,ban,女娲
2026030801,48251408_81_1772951417,4,1,pick,敖隐
2026030801,48251408_81_1772951417,5,2,pick,盾山
2026030801,48251408_81_1772951417,6,2,pick,曹操
2026030801,48251408_81_1772951417,7,1,pick,阿古朵
2026030801,48251408_81_1772951417,8,1,pick,海月
2026030801,48251408_81_1772951417,9,2,pick,武则天
2026030801,48251408_81_1772951417,10,2,ban,司空震
2026030801,48251408_81_1772951417,11,1,ban,艾琳
2026030801,48251408_81_1772951417,12,2,ban,狂铁
2026030801,48251408_81_1772951417,13,1,ban,蚩奼
2026030801,48251408_81_1772951417,14,2,ban,关羽
2026030801,48251408_81_1772951417,15,1,ban,狄仁杰
2026030801,48251408_81_1772951417,16,2,pick,后羿
2026030801,48251408_81_1772951417,17,1,pick,马超
2026030801,48251408_81_1772951417,18,1,pick,庄周
2026030801,48251408_81_1772951417,19,2,pick,杨戬
2026030801,48251408_82_1772953194,0,1,ban,沈梦溪
2026030801,48251408_82_1772953194,1,2,ban,盾山
2026030801,48251408_82_1772953194,2,1,ban,元流之子(辅助)
2026030801,48251408_82_1772953194,3,2,ban,鲁班大师
2026030801,48251408_82_1772953194,4,1,pick,女娲
2026030801,48251408_82_1772953194,5,2,pick,敖隐
2026030801,48251408_82_1772953194,6,2,pick,张飞
2026030801,48251408_82_1772953194,7,1,pick,少司缘
2026030801,48251408_82_1772953194,8,1,pick,苍
2026030801,48251408_82_1772953194,9,2,pick,哪吒
2026030801,48251408_82_1772953194,10,2,ban,裴擒虎
2026030801,48251408_82_1772953194,11,1,ban,马超
2026030801,48251408_82_1772953194,12,2,ban,大司命
2026030801,48251408_82_1772953194,13,1,ban,关羽
2026030801,48251408_82_1772953194,14,2,ban,狂铁
2026030801,48251408_82_1772953194,15,1,ban,蚩奼
2026030801,48251408_82_1772953194,16,2,pick,嬴政
2026030801,48251408_82_1772953194,17,1,pick,夏侯惇
2026030801,48251408_82_1772953194,18,1,pick,曹操
2026030801,48251408_82_1772953194,19,2,pick,夏洛特
2026030802,48251408_87_1772966624,0,1,ban,盾山
2026030802,48251408_87_1772966624,1,2,ban,鲁班大师
2026030802,48251408_87_1772966624,2,1,ban,关羽
2026030802,48251408_87_1772966624,3,2,ban,沈梦溪
2026030802,48251408_87_1772966624,4,1,pick,阿古朵
2026030802,48251408_87_1772966624,5,2,pick,小乔
2026030802,48251408_87_1772966624,6,2,pick,空空儿
2026030802,48251408_87_1772966624,7,1,pick,夏洛特
2026030802,48251408_87_1772966624,8,1,pick,张飞
2026030802,48251408_87_1772966624,9,2,pick,司空震
2026030802,48251408_87_1772966624,10,2,ban,武则天
2026030802,48251408_87_1772966624,11,1,ban,裴擒虎
2026030802,48251408_87_1772966624,12,2,ban,海诺
2026030802,48251408_87_1772966624,13,1,ban,公孙离
2026030802,48251408_87_1772966624,14,2,ban,海月
2026030802,48251408_87_1772966624,15,1,ban,橘右京
2026030802,48251408_87_1772966624,16,2,pick,云缨
2026030802,48251408_87_1772966624,17,1,pick,宫本武藏
2026030802,48251408_87_1772966624,18,1,pick,安琪拉
2026030802,48251408_87_1772966624,19,2,pick,虞姬
2026030802,48251408_86_1772964840,0,1,ban,鲁班大师
2026030802,48251408_86_1772964840,1,2,ban,盾山
2026030802,48251408_86_1772964840,2,1,ban,沈梦溪
2026030802,48251408_86_1772964840,3,2,ban,关羽
2026030802,48251408_86_1772964840,4,1,pick,蚩奼
2026030802,48251408_86_1772964840,5,2,pick,少司缘
2026030802,48251408_86_1772964840,6,2,pick,敖隐
2026030802,48251408_86_1772964840,7,1,pick,苏烈
2026030802,48251408_86_1772964840,8,1,pick,武则天
2026030802,48251408_86_1772964840,9,2,pick,女娲
2026030802,48251408_86_1772964840,10,2,ban,后羿
2026030802,48251408_86_1772964840,11,1,ban,元流之子(坦克)
2026030802,48251408_86_1772964840,12,2,ban,镜
2026030802,48251408_86_1772964840,13,1,ban,司空震
2026030802,48251408_86_1772964840,14,2,ban,马超
2026030802,48251408_86_1772964840,15,1,ban,夏洛特
2026030802,48251408_86_1772964840,16,2,pick,蒙恬
2026030802,48251408_86_1772964840,17,1,pick,哪吒
2026030802,48251408_86_1772964840,18,1,pick,李元芳
2026030802,48251408_86_1772964840,19,2,pick,裴擒虎
2026030701,48251408_77_1772867432,0,1,ban,鲁班大师
2026030701,48251408_77_1772867432,1,2,ban,沈梦溪
2026030701,48251408_77_1772867432,2,1,ban,狂铁
2026030701,48251408_77_1772867432,3,2,ban,元流之子(坦克)
2026030701,48251408_77_1772867432,4,1,pick,盾山
2026030701,48251408_77_1772867432,5,2,pick,太乙真人
2026030701,48251408_77_1772867432,6,2,pick,孙尚香
2026030701,48251408_77_1772867432,7,1,pick,曹操
2026030701,48251408_77_1772867432,8,1,pick,敖隐
2026030701,48251408_77_1772867432,9,2,pick,海月
2026030701,48251408_77_1772867432,10,2,ban,小乔
2026030701,48251408_77_1772867432,11,1,ban,宫本武藏
2026030701,48251408_77_1772867432,12,2,ban,阿古朵
2026030701,48251408_77_1772867432,13,1,ban,镜
2026030701,48251408_77_1772867432,14,2,ban,女娲
2026030701,48251408_77_1772867432,15,1,ban,蒙恬
2026030701,48251408_77_1772867432,16,2,pick,马超
2026030701,48251408_77_1772867432,17,1,pick,关羽
2026030701,48251408_77_1772867432,18,1,pick,武则天
2026030701,48251408_77_1772867432,19,2,pick,杨戬
2026030803,1272988176_7_1772971298,0,1,ban,关羽
2026030803,1272988176_7_1772971298,1,2,ban,鲁班大师
2026030803,1272988176_7_1772971298,2,1,ban,不知火舞
2026030803,1272988176_7_1772971298,3,2,ban,沈梦溪
2026030803,1272988176_7_1772971298,4,1,pick,盾山
2026030803,1272988176_7_1772971298,5,2,pick,苏烈
2026030803,1272988176_7_1772971298,6,2,pick,小乔
2026030803,1272988176_7_1772971298,7,1,pick,艾琳
2026030803,1272988176_7_1772971298,8,1,pick,曹操
2026030803,1272988176_7_1772971298,9,2,pick,戈娅
2026030803,1272988176_7_1772971298,10,2,ban,武则天
2026030803,1272988176_7_1772971298,11,1,ban,老夫子
2026030803,1272988176_7_1772971298,12,2,ban,镜
2026030803,1272988176_7_1772971298,13,1,ban,哪吒
2026030803,1272988176_7_1772971298,14,2,ban,女娲
2026030803,1272988176_7_1772971298,15,1,ban,狂铁
2026030803,1272988176_7_1772971298,16,2,pick,白起
2026030803,1272988176_7_1772971298,17,1,pick,杨戬
2026030803,1272988176_7_1772971298,18,1,pick,安琪拉
2026030803,1272988176_7_1772971298,19,2,pick,娜可露露
2026030803,1272988176_10_1772977573,0,1,ban,苏烈
2026030803,1272988176_10_1772977573,1,2,ban,鲁班大师
2026030803,1272988176_10_1772977573,2,1,ban,张飞
2026030803,1272988176_10_1772977573,3,2,ban,盾山
2026030803,1272988176_10_1772977573,4,1,pick,沈梦溪
2026030803,1272988176_10_1772977573,5,2,pick,蚩奼
2026030803,1272988176_10_1772977573,6,2,pick,空空儿
2026030803,1272988176_10_1772977573,7,1,pick,公孙离
2026030803,1272988176_10_1772977573,8,1,pick,少司缘
2026030803,1272988176_10_1772977573,9,2,pick,小乔
2026030803,1272988176_10_1772977573,10,2,ban,曹操
2026030803,1272988176_10_1772977573,11,1,ban,镜
2026030803,1272988176_10_1772977573,12,2,ban,夏洛特
2026030803,1272988176_10_1772977573,13,1,ban,大司命
2026030803,1272988176_10_1772977573,14,2,ban,司空震
2026030803,1272988176_10_1772977573,15,1,ban,橘右京
2026030803,1272988176_10_1772977573,16,2,pick,裴擒虎
2026030803,1272988176_10_1772977573,17,1,pick,杨戬
2026030803,1272988176_10_1772977573,18,1,pick,关羽
2026030803,1272988176_10_1772977573,19,2,pick,达摩
2026030402,48251408_70_1772627585,0,1,ban,鲁班大师
2026030402,48251408_70_1772627585,1,2,ban,苏烈
2026030402,48251408_70_1772627585,2,1,ban,太乙真人
2026030402,48251408_70_1772627585,3,2,ban,盾山
2026030402,48251408_70_1772627585,4,1,pick,戈娅
2026030402,48251408_70_1772627585,5,2,pick,少司缘
2026030402,48251408_70_1772627585,6,2,pick,关羽
2026030402,48251408_70_1772627585,7,1,pick,张良
2026030402,48251408_70_1772627585,8,1,pick,王昭君
2026030402,48251408_70_1772627585,9,2,pick,女娲
2026030402,48251408_70_1772627585,10,2,ban,马超
2026030402,48251408_70_1772627585,11,1,ban,后羿
2026030402,48251408_70_1772627585,12,2,ban,镜
2026030402,48251408_70_1772627585,13,1,ban,大司命
2026030402,48251408_70_1772627585,14,2,ban,哪吒
2026030402,48251408_70_1772627585,15,1,ban,苍
2026030402,48251408_70_1772627585,16,2,pick,梦奇
2026030402,48251408_70_1772627585,17,1,pick,影
2026030402,48251408_70_1772627585,18,1,pick,夏侯惇
2026030402,48251408_70_1772627585,19,2,pick,孙权
2026030401,48251408_62_1772610105,0,1,ban,海月
2026030401,48251408_62_1772610105,1,2,ban,鲁班大师
2026030401,48251408_62_1772610105,2,1,ban,敖隐
2026030401,48251408_62_1772610105,3,2,ban,盾山
2026030401,48251408_62_1772610105,4,1,pick,蚩奼
2026030401,48251408_62_1772610105,5,2,pick,戈娅
2026030401,48251408_62_1772610105,6,2,pick,苏烈
2026030401,48251408_62_1772610105,7,1,pick,小乔
2026030401,48251408_62_1772610105,8,1,pick,张飞
2026030401,48251408_62_1772610105,9,2,pick,武则天
2026030401,48251408_62_1772610105,10,2,ban,司空震
2026030401,48251408_62_1772610105,11,1,ban,阿古朵
2026030401,48251408_62_1772610105,12,2,ban,大司命
2026030401,48251408_62_1772610105,13,1,ban,狂铁
2026030401,48251408_62_1772610105,14,2,ban,关羽
2026030401,48251408_62_1772610105,15,1,ban,蒙恬
2026030401,48251408_62_1772610105,16,2,pick,裴擒虎
2026030401,48251408_62_1772610105,17,1,pick,孙权
2026030401,48251408_62_1772610105,18,1,pick,元流之子(坦克)
2026030401,48251408_62_1772610105,19,2,pick,影
2026030803,1272988176_8_1772973086,0,1,ban,苏烈
2026030803,1272988176_8_1772973086,1,2,ban,盾山
2026030803,1272988176_8_1772973086,2,1,ban,阿古朵
2026030803,1272988176_8_1772973086,3,2,ban,沈梦溪
2026030803,1272988176_8_1772973086,4,1,pick,敖隐
2026030803,1272988176_8_1772973086,5,2,pick,鲁班大师
2026030803,1272988176_8_1772973086,6,2,pick,元流之子(坦克)
2026030803,1272988176_8_1772973086,7,1,pick,墨子
2026030803,1272988176_8_1772973086,8,1,pick,女娲
2026030803,1272988176_8_1772973086,9,2,pick,公孙离
2026030803,1272988176_8_1772973086,10,2,ban,夏侯惇
2026030803,1272988176_8_1772973086,11,1,ban,不知火舞
2026030803,1272988176_8_1772973086,12,2,ban,裴擒虎
2026030803,1272988176_8_1772973086,13,1,ban,关羽
2026030803,1272988176_8_1772973086,14,2,ban,大司命
2026030803,1272988176_8_1772973086,15,1,ban,马超
2026030803,1272988176_8_1772973086,16,2,pick,嬴政
2026030803,1272988176_8_1772973086,17,1,pick,狂铁
2026030803,1272988176_8_1772973086,18,1,pick,哪吒
2026030803,1272988176_8_1772973086,19,2,pick,夏洛特
2026031101,1272988176_4_1773222058,0,1,ban,鲁班大师
2026031101,1272988176_4_1773222058,1,2,ban,沈梦溪
2026031101,1272988176_4_1773222058,2,1,ban,关羽
2026031101,1272988176_4_1773222058,3,2,ban,艾琳
2026031101,1272988176_4_1773222058,4,1,pick,盾山
2026031101,1272988176_4_1773222058,5,2,pick,孙尚香
2026031101,1272988176_4_1773222058,6,2,pick,太乙真人
2026031101,1272988176_4_1773222058,7,1,pick,阿古朵
2026031101,1272988176_4_1773222058,8,1,pick,曹操
2026031101,1272988176_4_1773222058,9,2,pick,狂铁
2026031101,1272988176_4_1773222058,10,2,ban,女娲
2026031101,1272988176_4_1773222058,11,1,ban,裴擒虎
2026031101,1272988176_4_1773222058,12,2,ban,嬴政
2026031101,1272988176_4_1773222058,13,1,ban,杨戬
2026031101,1272988176_4_1773222058,14,2,ban,海月
2026031101,1272988176_4_1773222058,15,1,ban,西施
2026031101,1272988176_4_1773222058,16,2,pick,小乔
2026031101,1272988176_4_1773222058,17,1,pick,敖隐
2026031101,1272988176_4_1773222058,18,1,pick,武则天
2026031101,1272988176_4_1773222058,19,2,pick,云缨
2026030803,1272988176_9_1772975215,0,1,ban,鲁班大师
2026030803,1272988176_9_1772975215,1,2,ban,苏烈
2026030803,1272988176_9_1772975215,2,1,ban,盾山
2026030803,1272988176_9_1772975215,3,2,ban,狂铁
2026030803,1272988176_9_1772975215,4,1,pick,少司缘
2026030803,1272988176_9_1772975215,5,2,pick,王昭君
2026030803,1272988176_9_1772975215,6,2,pick,张良
2026030803,1272988176_9_1772975215,7,1,pick,关羽
2026030803,1272988176_9_1772975215,8,1,pick,海月
2026030803,1272988176_9_1772975215,9,2,pick,元流之子(坦克)
2026030803,1272988176_9_1772975215,10,2,ban,阿古朵
2026030803,1272988176_9_1772975215,11,1,ban,公孙离
2026030803,1272988176_9_1772975215,12,2,ban,铠
2026030803,1272988176_9_1772975215,13,1,ban,夏洛特
2026030803,1272988176_9_1772975215,14,2,ban,后羿
2026030803,1272988176_9_1772975215,15,1,ban,蚩奼
2026030803,1272988176_9_1772975215,16,2,pick,苍
2026030803,1272988176_9_1772975215,17,1,pick,夏侯惇
2026030803,1272988176_9_1772975215,18,1,pick,戈娅
2026030803,1272988176_9_1772975215,19,2,pick,马超
2026031101,1272988176_6_1773226213,0,1,ban,沈梦溪
2026031101,1272988176_6_1773226213,1,2,ban,鲁班大师
2026031101,1272988176_6_1773226213,2,1,ban,女娲
2026031101,1272988176_6_1773226213,3,2,ban,盾山
2026031101,1272988176_6_1773226213,4,1,pick,苏烈
2026031101,1272988176_6_1773226213,5,2,pick,夏洛特
2026031101,1272988176_6_1773226213,6,2,pick,张飞
2026031101,1272988176_6_1773226213,7,1,pick,阿古朵
2026031101,1272988176_6_1773226213,8,1,pick,蚩奼
2026031101,1272988176_6_1773226213,9,2,pick,公孙离
2026031101,1272988176_6_1773226213,10,2,ban,曹操
2026031101,1272988176_6_1773226213,11,1,ban,云缨
2026031101,1272988176_6_1773226213,12,2,ban,关羽
2026031101,1272988176_6_1773226213,13,1,ban,宫本武藏
2026031101,1272988176_6_1773226213,14,2,ban,不知火舞
2026031101,1272988176_6_1773226213,15,1,ban,海月
2026031101,1272988176_6_1773226213,16,2,pick,铠
2026031101,1272988176_6_1773226213,17,1,pick,马超
2026031101,1272988176_6_1773226213,18,1,pick,姜子牙
2026031101,1272988176_6_1773226213,19,2,pick,海诺
2026030703,501236240_16_1772885042,0,1,ban,苏烈
2026030703,501236240_16_1772885042,1,2,ban,沈梦溪
2026030703,501236240_16_1772885042,2,1,ban,太乙真人
2026030703,501236240_16_1772885042,3,2,ban,盾山
2026030703,501236240_16_1772885042,4,1,pick,敖隐
2026030703,501236240_16_1772885042,5,2,pick,元流之子(射手)
2026030703,501236240_16_1772885042,6,2,pick,鲁班大师
2026030703,501236240_16_1772885042,7,1,pick,杨玉环
2026030703,501236240_16_1772885042,8,1,pick,裴擒虎
2026030703,501236240_16_1772885042,9,2,pick,杨戬
2026030703,501236240_16_1772885042,10,2,ban,海月
2026030703,501236240_16_1772885042,11,1,ban,不知火舞
2026030703,501236240_16_1772885042,12,2,ban,关羽
2026030703,501236240_16_1772885042,13,1,ban,王昭君
2026030703,501236240_16_1772885042,14,2,ban,女娲
2026030703,501236240_16_1772885042,15,1,ban,老夫子
2026030703,501236240_16_1772885042,16,2,pick,小乔
2026030703,501236240_16_1772885042,17,1,pick,嬴政
2026030703,501236240_16_1772885042,18,1,pick,狂铁
2026030703,501236240_16_1772885042,19,2,pick,马超
2026030703,501236240_18_1772888789,0,1,ban,鲁班大师
2026030703,501236240_18_1772888789,1,2,ban,盾山
2026030703,501236240_18_1772888789,2,1,ban,少司缘
2026030703,501236240_18_1772888789,3,2,ban,苏烈
2026030703,501236240_18_1772888789,4,1,pick,沈梦溪
2026030703,501236240_18_1772888789,5,2,pick,不知火舞
2026030703,501236240_18_1772888789,6,2,pick,张飞
2026030703,501236240_18_1772888789,7,1,pick,孙尚香
2026030703,501236240_18_1772888789,8,1,pick,太乙真人
2026030703,501236240_18_1772888789,9,2,pick,蚩奼
2026030703,501236240_18_1772888789,10,2,ban,司空震
2026030703,501236240_18_1772888789,11,1,ban,关羽
2026030703,501236240_18_1772888789,12,2,ban,蒙恬
2026030703,501236240_18_1772888789,13,1,ban,阿古朵
2026030703,501236240_18_1772888789,14,2,ban,狂铁
2026030703,501236240_18_1772888789,15,1,ban,戈娅
2026030703,501236240_18_1772888789,16,2,pick,曹操
2026030703,501236240_18_1772888789,17,1,pick,老夫子
2026030703,501236240_18_1772888789,18,1,pick,大司命
2026030703,501236240_18_1772888789,19,2,pick,橘右京
2026030802,48251408_84_1772960712,0,1,ban,敖隐
2026030802,48251408_84_1772960712,1,2,ban,沈梦溪
2026030802,48251408_84_1772960712,2,1,ban,苏烈
2026030802,48251408_84_1772960712,3,2,ban,曹操
2026030802,48251408_84_1772960712,4,1,pick,鲁班大师
2026030802,48251408_84_1772960712,5,2,pick,狄仁杰
2026030802,48251408_84_1772960712,6,2,pick,盾山
2026030802,48251408_84_1772960712,7,1,pick,杨戬
2026030802,48251408_84_1772960712,8,1,pick,狂铁
2026030802,48251408_84_1772960712,9,2,pick,大司命
2026030802,48251408_84_1772960712,10,2,ban,王昭君
2026030802,48251408_84_1772960712,11,1,ban,女娲
2026030802,48251408_84_1772960712,12,2,ban,蚩奼
2026030802,48251408_84_1772960712,13,1,ban,甄姬
2026030802,48251408_84_1772960712,14,2,ban,安琪拉
2026030802,48251408_84_1772960712,15,1,ban,海月
2026030802,48251408_84_1772960712,16,2,pick,西施
2026030802,48251408_84_1772960712,17,1,pick,姜子牙
2026030802,48251408_84_1772960712,18,1,pick,戈娅
2026030802,48251408_84_1772960712,19,2,pick,关羽
2026030803,1272988176_11_1772979888,0,1,ban,苏烈
2026030803,1272988176_11_1772979888,1,2,ban,鲁班大师
2026030803,1272988176_11_1772979888,2,1,ban,狂铁
2026030803,1272988176_11_1772979888,3,2,ban,盾山
2026030803,1272988176_11_1772979888,4,1,pick,张飞
2026030803,1272988176_11_1772979888,5,2,pick,敖隐
2026030803,1272988176_11_1772979888,6,2,pick,沈梦溪
2026030803,1272988176_11_1772979888,7,1,pick,海月
2026030803,1272988176_11_1772979888,8,1,pick,蚩奼
2026030803,1272988176_11_1772979888,9,2,pick,司空震
2026030803,1272988176_11_1772979888,10,2,ban,裴擒虎
2026030803,1272988176_11_1772979888,11,1,ban,太乙真人
2026030803,1272988176_11_1772979888,12,2,ban,老夫子
2026030803,1272988176_11_1772979888,13,1,ban,大司命
2026030803,1272988176_11_1772979888,14,2,ban,夏侯惇
2026030803,1272988176_11_1772979888,15,1,ban,铠
2026030803,1272988176_11_1772979888,16,2,pick,云缨
2026030803,1272988176_11_1772979888,17,1,pick,蒙恬
2026030803,1272988176_11_1772979888,18,1,pick,镜
2026030803,1272988176_11_1772979888,19,2,pick,赵怀真
2026030703,501236240_20_1772892297,0,1,ban,盾山
2026030703,501236240_20_1772892297,1,2,ban,鲁班大师
2026030703,501236240_20_1772892297,2,1,ban,张飞
2026030703,501236240_20_1772892297,3,2,ban,少司缘
2026030703,501236240_20_1772892297,4,1,pick,苏烈
2026030703,501236240_20_1772892297,5,2,pick,司空震
2026030703,501236240_20_1772892297,6,2,pick,阿古朵
2026030703,501236240_20_1772892297,7,1,pick,公孙离
2026030703,501236240_20_1772892297,8,1,pick,沈梦溪
2026030703,501236240_20_1772892297,9,2,pick,嫦娥
2026030703,501236240_20_1772892297,10,2,ban,蒙恬
2026030703,501236240_20_1772892297,11,1,ban,苍
2026030703,501236240_20_1772892297,12,2,ban,关羽
2026030703,501236240_20_1772892297,13,1,ban,蚩奼
2026030703,501236240_20_1772892297,14,2,ban,老夫子
2026030703,501236240_20_1772892297,15,1,ban,庄周
2026030703,501236240_20_1772892297,16,2,pick,狄仁杰
2026030703,501236240_20_1772892297,17,1,pick,影
2026030703,501236240_20_1772892297,18,1,pick,诸葛亮
2026030703,501236240_20_1772892297,19,2,pick,墨子
2026030703,501236240_19_1772890617,0,1,ban,蚩奼
2026030703,501236240_19_1772890617,1,2,ban,沈梦溪
2026030703,501236240_19_1772890617,2,1,ban,女娲
2026030703,501236240_19_1772890617,3,2,ban,关羽
2026030703,501236240_19_1772890617,4,1,pick,盾山
2026030703,501236240_19_1772890617,5,2,pick,戈娅
2026030703,501236240_19_1772890617,6,2,pick,苏烈
2026030703,501236240_19_1772890617,7,1,pick,艾琳
2026030703,501236240_19_1772890617,8,1,pick,铠
2026030703,501236240_19_1772890617,9,2,pick,狂铁
2026030703,501236240_19_1772890617,10,2,ban,小乔
2026030703,501236240_19_1772890617,11,1,ban,海月
2026030703,501236240_19_1772890617,12,2,ban,夏洛特
2026030703,501236240_19_1772890617,13,1,ban,不知火舞
2026030703,501236240_19_1772890617,14,2,ban,西施
2026030703,501236240_19_1772890617,15,1,ban,嬴政
2026030703,501236240_19_1772890617,16,2,pick,甄姬
2026030703,501236240_19_1772890617,17,1,pick,干将莫邪
2026030703,501236240_19_1772890617,18,1,pick,马超
2026030703,501236240_19_1772890617,19,2,pick,裴擒虎
2026030302,48251408_57_1772542217,0,1,ban,盾山
2026030302,48251408_57_1772542217,1,2,ban,苏烈
2026030302,48251408_57_1772542217,2,1,ban,少司缘
2026030302,48251408_57_1772542217,3,2,ban,鲁班大师
2026030302,48251408_57_1772542217,4,1,pick,太乙真人
2026030302,48251408_57_1772542217,5,2,pick,狂铁
2026030302,48251408_57_1772542217,6,2,pick,戈娅
2026030302,48251408_57_1772542217,7,1,pick,海月
2026030302,48251408_57_1772542217,8,1,pick,孙尚香
2026030302,48251408_57_1772542217,9,2,pick,西施
2026030302,48251408_57_1772542217,10,2,ban,镜
2026030302,48251408_57_1772542217,11,1,ban,宫本武藏
2026030302,48251408_57_1772542217,12,2,ban,关羽
2026030302,48251408_57_1772542217,13,1,ban,墨子
2026030302,48251408_57_1772542217,14,2,ban,云缨
2026030302,48251408_57_1772542217,15,1,ban,橘右京
2026030302,48251408_57_1772542217,16,2,pick,朵莉亚
2026030302,48251408_57_1772542217,17,1,pick,马超
2026030302,48251408_57_1772542217,18,1,pick,夏侯惇
2026030302,48251408_57_1772542217,19,2,pick,杨戬
2026030401,48251408_59_1772604144,0,1,ban,关羽
2026030401,48251408_59_1772604144,1,2,ban,鲁班大师
2026030401,48251408_59_1772604144,2,1,ban,少司缘
2026030401,48251408_59_1772604144,3,2,ban,沈梦溪
2026030401,48251408_59_1772604144,4,1,pick,盾山
2026030401,48251408_59_1772604144,5,2,pick,孙尚香
2026030401,48251408_59_1772604144,6,2,pick,太乙真人
2026030401,48251408_59_1772604144,7,1,pick,曹操
2026030401,48251408_59_1772604144,8,1,pick,艾琳
2026030401,48251408_59_1772604144,9,2,pick,西施
2026030401,48251408_59_1772604144,10,2,ban,女娲
2026030401,48251408_59_1772604144,11,1,ban,夏洛特
2026030401,48251408_59_1772604144,12,2,ban,不知火舞
2026030401,48251408_59_1772604144,13,1,ban,元流之子(坦克)
2026030401,48251408_59_1772604144,14,2,ban,海月
2026030401,48251408_59_1772604144,15,1,ban,杨戬
2026030401,48251408_59_1772604144,16,2,pick,镜
2026030401,48251408_59_1772604144,17,1,pick,夏侯惇
2026030401,48251408_59_1772604144,18,1,pick,嬴政
2026030401,48251408_59_1772604144,19,2,pick,狂铁
2026022501,48251408_13_1771999306,0,1,ban,苏烈
2026022501,48251408_13_1771999306,1,2,ban,盾山
2026022501,48251408_13_1771999306,2,1,ban,鲁班大师
2026022501,48251408_13_1771999306,3,2,ban,空空儿
2026022501,48251408_13_1771999306,4,1,pick,少司缘
2026022501,48251408_13_1771999306,5,2,pick,张飞
2026022501,48251408_13_1771999306,6,2,pick,戈娅
2026022501,48251408_13_1771999306,7,1,pick,白起
2026022501,48251408_13_1771999306,8,1,pick,敖隐
2026022501,48251408_13_1771999306,9,2,pick,海月
2026022501,48251408_13_1771999306,10,2,ban,阿古朵
2026022501,48251408_13_1771999306,11,1,ban,关羽
2026022501,48251408_13_1771999306,12,2,ban,女娲
2026022501,48251408_13_1771999306,13,1,ban,大司命
2026022501,48251408_13_1771999306,14,2,ban,橘右京
2026022501,48251408_13_1771999306,15,1,ban,曹操
2026022501,48251408_13_1771999306,16,2,pick,狂铁
2026022501,48251408_13_1771999306,17,1,pick,姜子牙
2026022501,48251408_13_1771999306,18,1,pick,云缨
2026022501,48251408_13_1771999306,19,2,pick,马超
2026022501,48251408_15_1772003672,0,1,ban,盾山
2026022501,48251408_15_1772003672,1,2,ban,苏烈
2026022501,48251408_15_1772003672,2,1,ban,元流之子(辅助)
2026022501,48251408_15_1772003672,3,2,ban,鲁班大师
2026022501,48251408_15_1772003672,4,1,pick,沈梦溪
2026022501,48251408_15_1772003672,5,2,pick,少司缘
2026022501,48251408_15_1772003672,6,2,pick,大司命
2026022501,48251408_15_1772003672,7,1,pick,阿古朵
2026022501,48251408_15_1772003672,8,1,pick,关羽
2026022501,48251408_15_1772003672,9,2,pick,蒙恬
2026022501,48251408_15_1772003672,10,2,ban,张良
2026022501,48251408_15_1772003672,11,1,ban,女娲
2026022501,48251408_15_1772003672,12,2,ban,张飞
2026022501,48251408_15_1772003672,13,1,ban,不知火舞
2026022501,48251408_15_1772003672,14,2,ban,太乙真人
2026022501,48251408_15_1772003672,15,1,ban,敖隐
2026022501,48251408_15_1772003672,16,2,pick,海诺
2026022501,48251408_15_1772003672,17,1,pick,元流之子(射手)
2026022501,48251408_15_1772003672,18,1,pick,墨子
2026022501,48251408_15_1772003672,19,2,pick,后羿
2026030703,501236240_17_1772886885,0,1,ban,鲁班大师
2026030703,501236240_17_1772886885,1,2,ban,盾山
2026030703,501236240_17_1772886885,2,1,ban,苏烈
2026030703,501236240_17_1772886885,3,2,ban,沈梦溪
2026030703,501236240_17_1772886885,4,1,pick,少司缘
2026030703,501236240_17_1772886885,5,2,pick,张良
2026030703,501236240_17_1772886885,6,2,pick,王昭君
2026030703,501236240_17_1772886885,7,1,pick,武则天
2026030703,501236240_17_1772886885,8,1,pick,关羽
2026030703,501236240_17_1772886885,9,2,pick,镜
2026030703,501236240_17_1772886885,10,2,ban,阿古朵
2026030703,501236240_17_1772886885,11,1,ban,蒙恬
2026030703,501236240_17_1772886885,12,2,ban,铠
2026030703,501236240_17_1772886885,13,1,ban,蚩奼
2026030703,501236240_17_1772886885,14,2,ban,后羿
2026030703,501236240_17_1772886885,15,1,ban,马超
2026030703,501236240_17_1772886885,16,2,pick,司空震
2026030703,501236240_17_1772886885,17,1,pick,敖隐
2026030703,501236240_17_1772886885,18,1,pick,暃
2026030703,501236240_17_1772886885,19,2,pick,苍
2026031102,1222656528_6_1773239103,0,1,ban,敖隐
2026031102,1222656528_6_1773239103,1,2,ban,鲁班大师
2026031102,1222656528_6_1773239103,2,1,ban,沈梦溪
2026031102,1222656528_6_1773239103,3,2,ban,盾山
2026031102,1222656528_6_1773239103,4,1,pick,海月
2026031102,1222656528_6_1773239103,5,2,pick,武则天
2026031102,1222656528_6_1773239103,6,2,pick,太乙真人
2026031102,1222656528_6_1773239103,7,1,pick,蚩奼
2026031102,1222656528_6_1773239103,8,1,pick,苏烈
2026031102,1222656528_6_1773239103,9,2,pick,阿古朵
2026031102,1222656528_6_1773239103,10,2,ban,关羽
2026031102,1222656528_6_1773239103,11,1,ban,公孙离
2026031102,1222656528_6_1773239103,12,2,ban,杨戬
2026031102,1222656528_6_1773239103,13,1,ban,孙尚香
2026031102,1222656528_6_1773239103,14,2,ban,铠
2026031102,1222656528_6_1773239103,15,1,ban,狄仁杰
2026031102,1222656528_6_1773239103,16,2,pick,孙权
2026031102,1222656528_6_1773239103,17,1,pick,元流之子(坦克)
2026031102,1222656528_6_1773239103,18,1,pick,苍
2026031102,1222656528_6_1773239103,19,2,pick,曹操
2026031102,1222656528_4_1773235048,0,1,ban,盾山
2026031102,1222656528_4_1773235048,1,2,ban,沈梦溪
2026031102,1222656528_4_1773235048,2,1,ban,鲁班大师
2026031102,1222656528_4_1773235048,3,2,ban,敖隐
2026031102,1222656528_4_1773235048,4,1,pick,苏烈
2026031102,1222656528_4_1773235048,5,2,pick,张飞
2026031102,1222656528_4_1773235048,6,2,pick,戈娅
2026031102,1222656528_4_1773235048,7,1,pick,艾琳
2026031102,1222656528_4_1773235048,8,1,pick,姜子牙
2026031102,1222656528_4_1773235048,9,2,pick,狂铁
2026031102,1222656528_4_1773235048,10,2,ban,关羽
2026031102,1222656528_4_1773235048,11,1,ban,大司命
2026031102,1222656528_4_1773235048,12,2,ban,司空震
2026031102,1222656528_4_1773235048,13,1,ban,镜
2026031102,1222656528_4_1773235048,14,2,ban,吕布
2026031102,1222656528_4_1773235048,15,1,ban,橘右京
2026031102,1222656528_4_1773235048,16,2,pick,女娲
2026031102,1222656528_4_1773235048,17,1,pick,哪吒
2026031102,1222656528_4_1773235048,18,1,pick,夏洛特
2026031102,1222656528_4_1773235048,19,2,pick,阿古朵
2026030402,48251408_72_1772631765,0,1,ban,镜
2026030402,48251408_72_1772631765,1,2,ban,盾山
2026030402,48251408_72_1772631765,2,1,ban,关羽
2026030402,48251408_72_1772631765,3,2,ban,太乙真人
2026030402,48251408_72_1772631765,4,1,pick,司空震
2026030402,48251408_72_1772631765,5,2,pick,女娲
2026030402,48251408_72_1772631765,6,2,pick,苏烈
2026030402,48251408_72_1772631765,7,1,pick,张飞
2026030402,48251408_72_1772631765,8,1,pick,艾琳
2026030402,48251408_72_1772631765,9,2,pick,蚩奼
2026030402,48251408_72_1772631765,10,2,ban,海月
2026030402,48251408_72_1772631765,11,1,ban,阿古朵
2026030402,48251408_72_1772631765,12,2,ban,小乔
2026030402,48251408_72_1772631765,13,1,ban,老夫子
2026030402,48251408_72_1772631765,14,2,ban,西施
2026030402,48251408_72_1772631765,15,1,ban,杨戬
2026030402,48251408_72_1772631765,16,2,pick,吕布
2026030402,48251408_72_1772631765,17,1,pick,嬴政
2026030402,48251408_72_1772631765,18,1,pick,裴擒虎
2026030402,48251408_72_1772631765,19,2,pick,橘右京
2026031101,1272988176_5_1773224085,0,1,ban,海月
2026031101,1272988176_5_1773224085,1,2,ban,鲁班大师
2026031101,1272988176_5_1773224085,2,1,ban,关羽
2026031101,1272988176_5_1773224085,3,2,ban,盾山
2026031101,1272988176_5_1773224085,4,1,pick,沈梦溪
2026031101,1272988176_5_1773224085,5,2,pick,少司缘
2026031101,1272988176_5_1773224085,6,2,pick,蚩奼
2026031101,1272988176_5_1773224085,7,1,pick,大司命
2026031101,1272988176_5_1773224085,8,1,pick,司空震
2026031101,1272988176_5_1773224085,9,2,pick,小乔
2026031101,1272988176_5_1773224085,10,2,ban,苏烈
2026031101,1272988176_5_1773224085,11,1,ban,老夫子
2026031101,1272988176_5_1773224085,12,2,ban,空空儿
2026031101,1272988176_5_1773224085,13,1,ban,宫本武藏
2026031101,1272988176_5_1773224085,14,2,ban,后羿
2026031101,1272988176_5_1773224085,15,1,ban,白起
2026031101,1272988176_5_1773224085,16,2,pick,蒙恬
2026031101,1272988176_5_1773224085,17,1,pick,张良
2026031101,1272988176_5_1773224085,18,1,pick,孙权
2026031101,1272988176_5_1773224085,19,2,pick,娜可露露
2026030102,1222656528_10_1772357706,0,1,ban,海月
2026030102,1222656528_10_1772357706,1,2,ban,关羽
2026030102,1222656528_10_1772357706,2,1,ban,鲁班大师
2026030102,1222656528_10_1772357706,3,2,ban,盾山
2026030102,1222656528_10_1772357706,4,1,pick,沈梦溪
2026030102,1222656528_10_1772357706,5,2,pick,敖隐
2026030102,1222656528_10_1772357706,6,2,pick,少司缘
2026030102,1222656528_10_1772357706,7,1,pick,蚩奼
2026030102,1222656528_10_1772357706,8,1,pick,苏烈
2026030102,1222656528_10_1772357706,9,2,pick,嫦娥
2026030102,1222656528_10_1772357706,10,2,ban,阿古朵
2026030102,1222656528_10_1772357706,11,1,ban,白起
2026030102,1222656528_10_1772357706,12,2,ban,橘右京
2026030102,1222656528_10_1772357706,13,1,ban,大司命
2026030102,1222656528_10_1772357706,14,2,ban,狂铁
2026030102,1222656528_10_1772357706,15,1,ban,蒙恬
2026030102,1222656528_10_1772357706,16,2,pick,司空震
2026030102,1222656528_10_1772357706,17,1,pick,裴擒虎
2026030102,1222656528_10_1772357706,18,1,pick,苍
2026030102,1222656528_10_1772357706,19,2,pick,杨戬
2026030801,48251408_80_1772949719,0,1,ban,关羽
2026030801,48251408_80_1772949719,1,2,ban,盾山
2026030801,48251408_80_1772949719,2,1,ban,元流之子(辅助)
2026030801,48251408_80_1772949719,3,2,ban,鲁班大师
2026030801,48251408_80_1772949719,4,1,pick,狂铁
2026030801,48251408_80_1772949719,5,2,pick,苏烈
2026030801,48251408_80_1772949719,6,2,pick,沈梦溪
2026030801,48251408_80_1772949719,7,1,pick,少司缘
2026030801,48251408_80_1772949719,8,1,pick,小乔
2026030801,48251408_80_1772949719,9,2,pick,夏洛特
2026030801,48251408_80_1772949719,10,2,ban,公孙离
2026030801,48251408_80_1772949719,11,1,ban,哪吒
2026030801,48251408_80_1772949719,12,2,ban,敖隐
2026030801,48251408_80_1772949719,13,1,ban,阿古朵
2026030801,48251408_80_1772949719,14,2,ban,蚩奼
2026030801,48251408_80_1772949719,15,1,ban,戈娅
2026030801,48251408_80_1772949719,16,2,pick,橘右京
2026030801,48251408_80_1772949719,17,1,pick,镜
2026030801,48251408_80_1772949719,18,1,pick,苍
2026030801,48251408_80_1772949719,19,2,pick,孙权
2026030802,48251408_85_1772962852,0,1,ban,盾山
2026030802,48251408_85_1772962852,1,2,ban,鲁班大师
2026030802,48251408_85_1772962852,2,1,ban,大司命
2026030802,48251408_85_1772962852,3,2,ban,戈娅
2026030802,48251408_85_1772962852,4,1,pick,苏烈
2026030802,48251408_85_1772962852,5,2,pick,敖隐
2026030802,48251408_85_1772962852,6,2,pick,沈梦溪
2026030802,48251408_85_1772962852,7,1,pick,公孙离
2026030802,48251408_85_1772962852,8,1,pick,嫦娥
2026030802,48251408_85_1772962852,9,2,pick,张飞
2026030802,48251408_85_1772962852,10,2,ban,裴擒虎
2026030802,48251408_85_1772962852,11,1,ban,阿古朵
2026030802,48251408_85_1772962852,12,2,ban,夏侯惇
2026030802,48251408_85_1772962852,13,1,ban,橘右京
2026030802,48251408_85_1772962852,14,2,ban,元流之子(坦克)
2026030802,48251408_85_1772962852,15,1,ban,老夫子
2026030802,48251408_85_1772962852,16,2,pick,达摩
2026030802,48251408_85_1772962852,17,1,pick,云缨
2026030802,48251408_85_1772962852,18,1,pick,狂铁
2026030802,48251408_85_1772962852,19,2,pick,娜可露露
2026031102,1222656528_2_1773231408,0,1,ban,大司命
2026031102,1222656528_2_1773231408,1,2,ban,敖隐
2026031102,1222656528_2_1773231408,2,1,ban,鲁班大师
2026031102,1222656528_2_1773231408,3,2,ban,苏烈
2026031102,1222656528_2_1773231408,4,1,pick,盾山
2026031102,1222656528_2_1773231408,5,2,pick,太乙真人
2026031102,1222656528_2_1773231408,6,2,pick,沈梦溪
2026031102,1222656528_2_1773231408,7,1,pick,小乔
2026031102,1222656528_2_1773231408,8,1,pick,蚩奼
2026031102,1222656528_2_1773231408,9,2,pick,公孙离
2026031102,1222656528_2_1773231408,10,2,ban,橘右京
2026031102,1222656528_2_1773231408,11,1,ban,元流之子(坦克)
2026031102,1222656528_2_1773231408,12,2,ban,阿古朵
2026031102,1222656528_2_1773231408,13,1,ban,杨戬
2026031102,1222656528_2_1773231408,14,2,ban,裴擒虎
2026031102,1222656528_2_1773231408,15,1,ban,夏侯惇
2026031102,1222656528_2_1773231408,16,2,pick,司空震
2026031102,1222656528_2_1773231408,17,1,pick,娜可露露
2026031102,1222656528_2_1773231408,18,1,pick,白起
2026031102,1222656528_2_1773231408,19,2,pick,梦奇
2026031201,48251408_8_1773313643,0,1,ban,公孙离
2026031201,48251408_8_1773313643,1,2,ban,女娲
2026031201,48251408_8_1773313643,2,1,ban,关羽
2026031201,48251408_8_1773313643,3,2,ban,杨戬
2026031201,48251408_8_1773313643,4,1,pick,敖隐
2026031201,48251408_8_1773313643,5,2,pick,鲁班大师
2026031201,48251408_8_1773313643,6,2,pick,元流之子(坦克)
2026031201,48251408_8_1773313643,7,1,pick,张飞
2026031201,48251408_8_1773313643,8,1,pick,司空震
2026031201,48251408_8_1773313643,9,2,pick,蚩奼
2026031201,48251408_8_1773313643,10,2,ban,裴擒虎
2026031201,48251408_8_1773313643,11,1,ban,安琪拉
2026031201,48251408_8_1773313643,12,2,ban,姜子牙
2026031201,48251408_8_1773313643,13,1,ban,王昭君
2026031201,48251408_8_1773313643,14,2,ban,甄姬
2026031201,48251408_8_1773313643,15,1,ban,小乔
2026031201,48251408_8_1773313643,16,2,pick,海月
2026031201,48251408_8_1773313643,17,1,pick,西施
2026031201,48251408_8_1773313643,18,1,pick,橘右京
2026031201,48251408_8_1773313643,19,2,pick,马超
2026031201,48251408_6_1773310257,0,1,ban,盾山
2026031201,48251408_6_1773310257,1,2,ban,鲁班大师
2026031201,48251408_6_1773310257,2,1,ban,沈梦溪
2026031201,48251408_6_1773310257,3,2,ban,敖隐
2026031201,48251408_6_1773310257,4,1,pick,苏烈
2026031201,48251408_6_1773310257,5,2,pick,廉颇
2026031201,48251408_6_1773310257,6,2,pick,戈娅
2026031201,48251408_6_1773310257,7,1,pick,阿古朵
2026031201,48251408_6_1773310257,8,1,pick,蚩奼
2026031201,48251408_6_1773310257,9,2,pick,镜
2026031201,48251408_6_1773310257,10,2,ban,海月
2026031201,48251408_6_1773310257,11,1,ban,海诺
2026031201,48251408_6_1773310257,12,2,ban,女娲
2026031201,48251408_6_1773310257,13,1,ban,司空震
2026031201,48251408_6_1773310257,14,2,ban,关羽
2026031201,48251408_6_1773310257,15,1,ban,小乔
2026031201,48251408_6_1773310257,16,2,pick,曹操
2026031201,48251408_6_1773310257,17,1,pick,武则天
2026031201,48251408_6_1773310257,18,1,pick,马超
2026031201,48251408_6_1773310257,19,2,pick,嬴政
2026022501,48251408_14_1772001192,0,1,ban,张飞
2026022501,48251408_14_1772001192,1,2,ban,沈梦溪
2026022501,48251408_14_1772001192,2,1,ban,狄仁杰
2026022501,48251408_14_1772001192,3,2,ban,鲁班大师
2026022501,48251408_14_1772001192,4,1,pick,蚩奼
2026022501,48251408_14_1772001192,5,2,pick,盾山
2026022501,48251408_14_1772001192,6,2,pick,女娲
2026022501,48251408_14_1772001192,7,1,pick,关羽
2026022501,48251408_14_1772001192,8,1,pick,苏烈
2026022501,48251408_14_1772001192,9,2,pick,艾琳
2026022501,48251408_14_1772001192,10,2,ban,不知火舞
2026022501,48251408_14_1772001192,11,1,ban,蒙恬
2026022501,48251408_14_1772001192,12,2,ban,哪吒
2026022501,48251408_14_1772001192,13,1,ban,元流之子(坦克)
2026022501,48251408_14_1772001192,14,2,ban,镜
2026022501,48251408_14_1772001192,15,1,ban,马超
2026022501,48251408_14_1772001192,16,2,pick,达摩
2026022501,48251408_14_1772001192,17,1,pick,武则天
2026022501,48251408_14_1772001192,18,1,pick,暃
2026022501,48251408_14_1772001192,19,2,pick,夏侯惇
2026031201,48251408_7_1773312003,0,1,ban,镜
2026031201,48251408_7_1773312003,1,2,ban,鲁班大师
2026031201,48251408_7_1773312003,2,1,ban,孙尚香
2026031201,48251408_7_1773312003,3,2,ban,盾山
2026031201,48251408_7_1773312003,4,1,pick,苏烈
2026031201,48251408_7_1773312003,5,2,pick,公孙离
2026031201,48251408_7_1773312003,6,2,pick,少司缘
2026031201,48251408_7_1773312003,7,1,pick,沈梦溪
2026031201,48251408_7_1773312003,8,1,pick,橘右京
2026031201,48251408_7_1773312003,9,2,pick,云缨
2026031201,48251408_7_1773312003,10,2,ban,影
2026031201,48251408_7_1773312003,11,1,ban,蒙恬
2026031201,48251408_7_1773312003,12,2,ban,蚩奼
2026031201,48251408_7_1773312003,13,1,ban,女娲
2026031201,48251408_7_1773312003,14,2,ban,敖隐
2026031201,48251408_7_1773312003,15,1,ban,海月
2026031201,48251408_7_1773312003,16,2,pick,关羽
2026031201,48251408_7_1773312003,17,1,pick,姬小满
2026031201,48251408_7_1773312003,18,1,pick,苍
2026031201,48251408_7_1773312003,19,2,pick,安琪拉
2026031102,1222656528_5_1773237147,0,1,ban,沈梦溪
2026031102,1222656528_5_1773237147,1,2,ban,鲁班大师
2026031102,1222656528_5_1773237147,2,1,ban,太乙真人
2026031102,1222656528_5_1773237147,3,2,ban,盾山
2026031102,1222656528_5_1773237147,4,1,pick,敖隐
2026031102,1222656528_5_1773237147,5,2,pick,苍
2026031102,1222656528_5_1773237147,6,2,pick,狂铁
2026031102,1222656528_5_1773237147,7,1,pick,少司缘
2026031102,1222656528_5_1773237147,8,1,pick,小乔
2026031102,1222656528_5_1773237147,9,2,pick,张飞
2026031102,1222656528_5_1773237147,10,2,ban,关羽
2026031102,1222656528_5_1773237147,11,1,ban,阿古朵
2026031102,1222656528_5_1773237147,12,2,ban,吕布
2026031102,1222656528_5_1773237147,13,1,ban,海月
2026031102,1222656528_5_1773237147,14,2,ban,白起
2026031102,1222656528_5_1773237147,15,1,ban,大司命
2026031102,1222656528_5_1773237147,16,2,pick,夏侯惇
2026031102,1222656528_5_1773237147,17,1,pick,橘右京
2026031102,1222656528_5_1773237147,18,1,pick,夏洛特
2026031102,1222656528_5_1773237147,19,2,pick,大乔
2026013002,1222656528_5_1769768508,0,1,ban,鲁班大师
2026013002,1222656528_5_1769768508,1,2,ban,盾山
2026013002,1222656528_5_1769768508,2,1,ban,狂铁
2026013002,1222656528_5_1769768508,3,2,ban,空空儿
2026013002,1222656528_5_1769768508,4,1,pick,苏烈
2026013002,1222656528_5_1769768508,5,2,pick,敖隐
2026013002,1222656528_5_1769768508,6,2,pick,蒙恬
2026013002,1222656528_5_1769768508,7,1,pick,马超
2026013002,1222656528_5_1769768508,8,1,pick,艾琳
2026013002,1222656528_5_1769768508,9,2,pick,嫦娥
2026013002,1222656528_5_1769768508,10,2,ban,阿古朵
2026013002,1222656528_5_1769768508,11,1,ban,宫本武藏
2026013002,1222656528_5_1769768508,12,2,ban,女娲
2026013002,1222656528_5_1769768508,13,1,ban,少司缘
2026013002,1222656528_5_1769768508,14,2,ban,海月
2026013002,1222656528_5_1769768508,15,1,ban,朵莉亚
2026013002,1222656528_5_1769768508,16,2,pick,太乙真人
2026013002,1222656528_5_1769768508,17,1,pick,干将莫邪
2026013002,1222656528_5_1769768508,18,1,pick,猪八戒
2026013002,1222656528_5_1769768508,19,2,pick,李白
2026031502,48251408_19_1773565261,0,1,ban,海月
2026031502,48251408_19_1773565261,1,2,ban,鲁班大师
2026031502,48251408_19_1773565261,2,1,ban,关羽
2026031502,48251408_19_1773565261,3,2,ban,盾山
2026031502,48251408_19_1773565261,4,1,pick,狂铁
2026031502,48251408_19_1773565261,5,2,pick,沈梦溪
2026031502,48251408_19_1773565261,6,2,pick,苏烈
2026031502,48251408_19_1773565261,7,1,pick,敖隐
2026031502,48251408_19_1773565261,8,1,pick,小乔
2026031502,48251408_19_1773565261,9,2,pick,马超
2026031502,48251408_19_1773565261,10,2,ban,张飞
2026031502,48251408_19_1773565261,11,1,ban,公孙离
2026031502,48251408_19_1773565261,12,2,ban,少司缘
2026031502,48251408_19_1773565261,13,1,ban,元流之子(坦克)
2026031502,48251408_19_1773565261,14,2,ban,大禹
2026031502,48251408_19_1773565261,15,1,ban,大司命
2026031502,48251408_19_1773565261,16,2,pick,后羿
2026031502,48251408_19_1773565261,17,1,pick,杨戬
2026031502,48251408_19_1773565261,18,1,pick,朵莉亚
2026031502,48251408_19_1773565261,19,2,pick,宫本武藏
2026031403,501236240_7_1773490338,0,1,ban,苏烈
2026031403,501236240_7_1773490338,1,2,ban,蚩奼
2026031403,501236240_7_1773490338,2,1,ban,鲁班大师
2026031403,501236240_7_1773490338,3,2,ban,沈梦溪
2026031403,501236240_7_1773490338,4,1,pick,盾山
2026031403,501236240_7_1773490338,5,2,pick,孙尚香
2026031403,501236240_7_1773490338,6,2,pick,太乙真人
2026031403,501236240_7_1773490338,7,1,pick,艾琳
2026031403,501236240_7_1773490338,8,1,pick,不知火舞
2026031403,501236240_7_1773490338,9,2,pick,元流之子(坦克)
2026031403,501236240_7_1773490338,10,2,ban,大司命
2026031403,501236240_7_1773490338,11,1,ban,西施
2026031403,501236240_7_1773490338,12,2,ban,夏侯惇
2026031403,501236240_7_1773490338,13,1,ban,海月
2026031403,501236240_7_1773490338,14,2,ban,阿古朵
2026031403,501236240_7_1773490338,15,1,ban,关羽
2026031403,501236240_7_1773490338,16,2,pick,武则天
2026031403,501236240_7_1773490338,17,1,pick,云缨
2026031403,501236240_7_1773490338,18,1,pick,影
2026031403,501236240_7_1773490338,19,2,pick,狂铁
2026031502,48251408_21_1773568911,0,1,ban,关羽
2026031502,48251408_21_1773568911,1,2,ban,敖隐
2026031502,48251408_21_1773568911,2,1,ban,武则天
2026031502,48251408_21_1773568911,3,2,ban,艾琳
2026031502,48251408_21_1773568911,4,1,pick,鲁班大师
2026031502,48251408_21_1773568911,5,2,pick,盾山
2026031502,48251408_21_1773568911,6,2,pick,曹操
2026031502,48251408_21_1773568911,7,1,pick,杨戬
2026031502,48251408_21_1773568911,8,1,pick,狂铁
2026031502,48251408_21_1773568911,9,2,pick,大司命
2026031502,48251408_21_1773568911,10,2,ban,王昭君
2026031502,48251408_21_1773568911,11,1,ban,海月
2026031502,48251408_21_1773568911,12,2,ban,孙权
2026031502,48251408_21_1773568911,13,1,ban,女娲
2026031502,48251408_21_1773568911,14,2,ban,虞姬
2026031502,48251408_21_1773568911,15,1,ban,李元芳
2026031502,48251408_21_1773568911,16,2,pick,蚩奼
2026031502,48251408_21_1773568911,17,1,pick,狄仁杰
2026031502,48251408_21_1773568911,18,1,pick,姜子牙
2026031502,48251408_21_1773568911,19,2,pick,甄姬
2026031503,836780560_4_1773580662,0,1,ban,盾山
2026031503,836780560_4_1773580662,1,2,ban,鲁班大师
2026031503,836780560_4_1773580662,2,1,ban,敖隐
2026031503,836780560_4_1773580662,3,2,ban,沈梦溪
2026031503,836780560_4_1773580662,4,1,pick,蚩奼
2026031503,836780560_4_1773580662,5,2,pick,公孙离
2026031503,836780560_4_1773580662,6,2,pick,大禹
2026031503,836780560_4_1773580662,7,1,pick,云缨
2026031503,836780560_4_1773580662,8,1,pick,苏烈
2026031503,836780560_4_1773580662,9,2,pick,大司命
2026031503,836780560_4_1773580662,10,2,ban,戈娅
2026031503,836780560_4_1773580662,11,1,ban,狂铁
2026031503,836780560_4_1773580662,12,2,ban,姜子牙
2026031503,836780560_4_1773580662,13,1,ban,老夫子
2026031503,836780560_4_1773580662,14,2,ban,关羽
2026031503,836780560_4_1773580662,15,1,ban,海月
2026031503,836780560_4_1773580662,16,2,pick,曹操
2026031503,836780560_4_1773580662,17,1,pick,司空震
2026031503,836780560_4_1773580662,18,1,pick,武则天
2026031503,836780560_4_1773580662,19,2,pick,小乔
2026031503,836780560_2_1773576098,0,1,ban,太乙真人
2026031503,836780560_2_1773576098,1,2,ban,蚩奼
2026031503,836780560_2_1773576098,2,1,ban,苏烈
2026031503,836780560_2_1773576098,3,2,ban,敖隐
2026031503,836780560_2_1773576098,4,1,pick,盾山
2026031503,836780560_2_1773576098,5,2,pick,鲁班大师
2026031503,836780560_2_1773576098,6,2,pick,元流之子(坦克)
2026031503,836780560_2_1773576098,7,1,pick,夏侯惇
2026031503,836780560_2_1773576098,8,1,pick,狄仁杰
2026031503,836780560_2_1773576098,9,2,pick,艾琳
2026031503,836780560_2_1773576098,10,2,ban,姜子牙
2026031503,836780560_2_1773576098,11,1,ban,王昭君
2026031503,836780560_2_1773576098,12,2,ban,武则天
2026031503,836780560_2_1773576098,13,1,ban,关羽
2026031503,836780560_2_1773576098,14,2,ban,沈梦溪
2026031503,836780560_2_1773576098,15,1,ban,小乔
2026031503,836780560_2_1773576098,16,2,pick,司空震
2026031503,836780560_2_1773576098,17,1,pick,影
2026031503,836780560_2_1773576098,18,1,pick,嬴政
2026031503,836780560_2_1773576098,19,2,pick,女娲
2026031801,954221072_10_1773827313,0,1,ban,沈梦溪
2026031801,954221072_10_1773827313,1,2,ban,蚩奼
2026031801,954221072_10_1773827313,2,1,ban,杨戬
2026031801,954221072_10_1773827313,3,2,ban,敖隐
2026031801,954221072_10_1773827313,4,1,pick,盾山
2026031801,954221072_10_1773827313,5,2,pick,孙尚香
2026031801,954221072_10_1773827313,6,2,pick,太乙真人
2026031801,954221072_10_1773827313,7,1,pick,狄仁杰
2026031801,954221072_10_1773827313,8,1,pick,小乔
2026031801,954221072_10_1773827313,9,2,pick,西施
2026031801,954221072_10_1773827313,10,2,ban,白起
2026031801,954221072_10_1773827313,11,1,ban,元流之子(坦克)
2026031801,954221072_10_1773827313,12,2,ban,关羽
2026031801,954221072_10_1773827313,13,1,ban,裴擒虎
2026031801,954221072_10_1773827313,14,2,ban,镜
2026031801,954221072_10_1773827313,15,1,ban,阿古朵
2026031801,954221072_10_1773827313,16,2,pick,云缨
2026031801,954221072_10_1773827313,17,1,pick,哪吒
2026031801,954221072_10_1773827313,18,1,pick,达摩
2026031801,954221072_10_1773827313,19,2,pick,马超
2026031101,1272988176_7_1773227972,0,1,ban,鲁班大师
2026031101,1272988176_7_1773227972,1,2,ban,沈梦溪
2026031101,1272988176_7_1773227972,2,1,ban,盾山
2026031101,1272988176_7_1773227972,3,2,ban,女娲
2026031101,1272988176_7_1773227972,4,1,pick,元流之子(坦克)
2026031101,1272988176_7_1773227972,5,2,pick,张飞
2026031101,1272988176_7_1773227972,6,2,pick,戈娅
2026031101,1272988176_7_1773227972,7,1,pick,司空震
2026031101,1272988176_7_1773227972,8,1,pick,孙权
2026031101,1272988176_7_1773227972,9,2,pick,甄姬
2026031101,1272988176_7_1773227972,10,2,ban,嬴政
2026031101,1272988176_7_1773227972,11,1,ban,裴擒虎
2026031101,1272988176_7_1773227972,12,2,ban,大乔
2026031101,1272988176_7_1773227972,13,1,ban,关羽
2026031101,1272988176_7_1773227972,14,2,ban,不知火舞
2026031101,1272988176_7_1773227972,15,1,ban,达摩
2026031101,1272988176_7_1773227972,16,2,pick,橘右京
2026031101,1272988176_7_1773227972,17,1,pick,王昭君
2026031101,1272988176_7_1773227972,18,1,pick,张良
2026031101,1272988176_7_1773227972,19,2,pick,元歌
2026031801,954221072_11_1773829471,0,1,ban,盾山
2026031801,954221072_11_1773829471,1,2,ban,蚩奼
2026031801,954221072_11_1773829471,2,1,ban,沈梦溪
2026031801,954221072_11_1773829471,3,2,ban,元流之子(坦克)
2026031801,954221072_11_1773829471,4,1,pick,鲁班大师
2026031801,954221072_11_1773829471,5,2,pick,敖隐
2026031801,954221072_11_1773829471,6,2,pick,夏洛特
2026031801,954221072_11_1773829471,7,1,pick,狂铁
2026031801,954221072_11_1773829471,8,1,pick,元流之子(射手)
2026031801,954221072_11_1773829471,9,2,pick,镜
2026031801,954221072_11_1773829471,10,2,ban,海月
2026031801,954221072_11_1773829471,11,1,ban,钟馗
2026031801,954221072_11_1773829471,12,2,ban,武则天
2026031801,954221072_11_1773829471,13,1,ban,墨子
2026031801,954221072_11_1773829471,14,2,ban,不知火舞
2026031801,954221072_11_1773829471,15,1,ban,女娲
2026031801,954221072_11_1773829471,16,2,pick,安琪拉
2026031801,954221072_11_1773829471,17,1,pick,铠
2026031801,954221072_11_1773829471,18,1,pick,杨玉环
2026031801,954221072_11_1773829471,19,2,pick,赵怀真
2026031403,501236240_10_1773496771,0,1,ban,鲁班大师
2026031403,501236240_10_1773496771,1,2,ban,敖隐
2026031403,501236240_10_1773496771,2,1,ban,盾山
2026031403,501236240_10_1773496771,3,2,ban,大司命
2026031403,501236240_10_1773496771,4,1,pick,戈娅
2026031403,501236240_10_1773496771,5,2,pick,苏烈
2026031403,501236240_10_1773496771,6,2,pick,苍
2026031403,501236240_10_1773496771,7,1,pick,女娲
2026031403,501236240_10_1773496771,8,1,pick,张飞
2026031403,501236240_10_1773496771,9,2,pick,关羽
2026031403,501236240_10_1773496771,10,2,ban,蚩奼
2026031403,501236240_10_1773496771,11,1,ban,沈梦溪
2026031403,501236240_10_1773496771,12,2,ban,马超
2026031403,501236240_10_1773496771,13,1,ban,不知火舞
2026031403,501236240_10_1773496771,14,2,ban,夏洛特
2026031403,501236240_10_1773496771,15,1,ban,海月
2026031403,501236240_10_1773496771,16,2,pick,嬴政
2026031403,501236240_10_1773496771,17,1,pick,老夫子
2026031403,501236240_10_1773496771,18,1,pick,元流之子(坦克)
2026031403,501236240_10_1773496771,19,2,pick,夏侯惇
2026031801,954221072_9_1773824550,0,1,ban,敖隐
2026031801,954221072_9_1773824550,1,2,ban,蚩奼
2026031801,954221072_9_1773824550,2,1,ban,狄仁杰
2026031801,954221072_9_1773824550,3,2,ban,鲁班大师
2026031801,954221072_9_1773824550,4,1,pick,戈娅
2026031801,954221072_9_1773824550,5,2,pick,苍
2026031801,954221072_9_1773824550,6,2,pick,苏烈
2026031801,954221072_9_1773824550,7,1,pick,张飞
2026031801,954221072_9_1773824550,8,1,pick,沈梦溪
2026031801,954221072_9_1773824550,9,2,pick,关羽
2026031801,954221072_9_1773824550,10,2,ban,蒙恬
2026031801,954221072_9_1773824550,11,1,ban,不知火舞
2026031801,954221072_9_1773824550,12,2,ban,云缨
2026031801,954221072_9_1773824550,13,1,ban,大司命
2026031801,954221072_9_1773824550,14,2,ban,马超
2026031801,954221072_9_1773824550,15,1,ban,裴擒虎
2026031801,954221072_9_1773824550,16,2,pick,嫦娥
2026031801,954221072_9_1773824550,17,1,pick,项羽
2026031801,954221072_9_1773824550,18,1,pick,曜
2026031801,954221072_9_1773824550,19,2,pick,哪吒
2026013002,1222656528_4_1769766530,0,1,ban,狂铁
2026013002,1222656528_4_1769766530,1,2,ban,盾山
2026013002,1222656528_4_1769766530,2,1,ban,公孙离
2026013002,1222656528_4_1769766530,3,2,ban,杨戬
2026013002,1222656528_4_1769766530,4,1,pick,鲁班大师
2026013002,1222656528_4_1769766530,5,2,pick,狄仁杰
2026013002,1222656528_4_1769766530,6,2,pick,裴擒虎
2026013002,1222656528_4_1769766530,7,1,pick,元流之子(坦克)
2026013002,1222656528_4_1769766530,8,1,pick,蚩奼
2026013002,1222656528_4_1769766530,9,2,pick,张飞
2026013002,1222656528_4_1769766530,10,2,ban,鲁班七号
2026013002,1222656528_4_1769766530,11,1,ban,西施
2026013002,1222656528_4_1769766530,12,2,ban,敖隐
2026013002,1222656528_4_1769766530,13,1,ban,海月
2026013002,1222656528_4_1769766530,14,2,ban,关羽
2026013002,1222656528_4_1769766530,15,1,ban,蒙恬
2026013002,1222656528_4_1769766530,16,2,pick,女娲
2026013002,1222656528_4_1769766530,17,1,pick,王昭君
2026013002,1222656528_4_1769766530,18,1,pick,司空震
2026013002,1222656528_4_1769766530,19,2,pick,曹操
2026031801,954221072_13_1773833849,0,1,ban,鲁班大师
2026031801,954221072_13_1773833849,1,2,ban,苏烈
2026031801,954221072_13_1773833849,2,1,ban,盾山
2026031801,954221072_13_1773833849,3,2,ban,敖隐
2026031801,954221072_13_1773833849,4,1,pick,海月
2026031801,954221072_13_1773833849,5,2,pick,蒙恬
2026031801,954221072_13_1773833849,6,2,pick,武则天
2026031801,954221072_13_1773833849,7,1,pick,蚩奼
2026031801,954221072_13_1773833849,8,1,pick,关羽
2026031801,954221072_13_1773833849,9,2,pick,宫本武藏
2026031801,954221072_13_1773833849,10,2,ban,镜
2026031801,954221072_13_1773833849,11,1,ban,张飞
2026031801,954221072_13_1773833849,12,2,ban,杨戬
2026031801,954221072_13_1773833849,13,1,ban,空空儿
2026031801,954221072_13_1773833849,14,2,ban,娜可露露
2026031801,954221072_13_1773833849,15,1,ban,少司缘
2026031801,954221072_13_1773833849,16,2,pick,虞姬
2026031801,954221072_13_1773833849,17,1,pick,大禹
2026031801,954221072_13_1773833849,18,1,pick,云缨
2026031801,954221072_13_1773833849,19,2,pick,墨子
2026031502,48251408_22_1773570972,0,1,ban,盾山
2026031502,48251408_22_1773570972,1,2,ban,鲁班大师
2026031502,48251408_22_1773570972,2,1,ban,哪吒
2026031502,48251408_22_1773570972,3,2,ban,关羽
2026031502,48251408_22_1773570972,4,1,pick,女娲
2026031502,48251408_22_1773570972,5,2,pick,阿古朵
2026031502,48251408_22_1773570972,6,2,pick,大禹
2026031502,48251408_22_1773570972,7,1,pick,赵怀真
2026031502,48251408_22_1773570972,8,1,pick,戈娅
2026031502,48251408_22_1773570972,9,2,pick,孙权
2026031502,48251408_22_1773570972,10,2,ban,云缨
2026031502,48251408_22_1773570972,11,1,ban,武则天
2026031502,48251408_22_1773570972,12,2,ban,元流之子(坦克)
2026031502,48251408_22_1773570972,13,1,ban,嬴政
2026031502,48251408_22_1773570972,14,2,ban,镜
2026031502,48251408_22_1773570972,15,1,ban,小乔
2026031502,48251408_22_1773570972,16,2,pick,安琪拉
2026031502,48251408_22_1773570972,17,1,pick,裴擒虎
2026031502,48251408_22_1773570972,18,1,pick,达摩
2026031502,48251408_22_1773570972,19,2,pick,夏洛特
2026031502,48251408_20_1773567026,0,1,ban,海月
2026031502,48251408_20_1773567026,1,2,ban,鲁班大师
2026031502,48251408_20_1773567026,2,1,ban,太乙真人
2026031502,48251408_20_1773567026,3,2,ban,盾山
2026031502,48251408_20_1773567026,4,1,pick,沈梦溪
2026031502,48251408_20_1773567026,5,2,pick,少司缘
2026031502,48251408_20_1773567026,6,2,pick,戈娅
2026031502,48251408_20_1773567026,7,1,pick,橘右京
2026031502,48251408_20_1773567026,8,1,pick,苏烈
2026031502,48251408_20_1773567026,9,2,pick,云缨
2026031502,48251408_20_1773567026,10,2,ban,司空震
2026031502,48251408_20_1773567026,11,1,ban,狂铁
2026031502,48251408_20_1773567026,12,2,ban,孙权
2026031502,48251408_20_1773567026,13,1,ban,蒙恬
2026031502,48251408_20_1773567026,14,2,ban,蚩奼
2026031502,48251408_20_1773567026,15,1,ban,夏洛特
2026031502,48251408_20_1773567026,16,2,pick,关羽
2026031502,48251408_20_1773567026,17,1,pick,苍
2026031502,48251408_20_1773567026,18,1,pick,马超
2026031502,48251408_20_1773567026,19,2,pick,不知火舞
2026031901,48251408_28_1773910969,0,1,ban,敖隐
2026031901,48251408_28_1773910969,1,2,ban,鲁班大师
2026031901,48251408_28_1773910969,2,1,ban,苏烈
2026031901,48251408_28_1773910969,3,2,ban,盾山
2026031901,48251408_28_1773910969,4,1,pick,沈梦溪
2026031901,48251408_28_1773910969,5,2,pick,少司缘
2026031901,48251408_28_1773910969,6,2,pick,戈娅
2026031901,48251408_28_1773910969,7,1,pick,蚩奼
2026031901,48251408_28_1773910969,8,1,pick,大禹
2026031901,48251408_28_1773910969,9,2,pick,狂铁
2026031901,48251408_28_1773910969,10,2,ban,哪吒
2026031901,48251408_28_1773910969,11,1,ban,大司命
2026031901,48251408_28_1773910969,12,2,ban,关羽
2026031901,48251408_28_1773910969,13,1,ban,阿古朵
2026031901,48251408_28_1773910969,14,2,ban,吕布
2026031901,48251408_28_1773910969,15,1,ban,海月
2026031901,48251408_28_1773910969,16,2,pick,云缨
2026031901,48251408_28_1773910969,17,1,pick,夏洛特
2026031901,48251408_28_1773910969,18,1,pick,橘右京
2026031901,48251408_28_1773910969,19,2,pick,不知火舞
2026031902,1222656528_17_1773926577,0,1,ban,元流之子(辅助)
2026031902,1222656528_17_1773926577,1,2,ban,盾山
2026031902,1222656528_17_1773926577,2,1,ban,太乙真人
2026031902,1222656528_17_1773926577,3,2,ban,杨戬
2026031902,1222656528_17_1773926577,4,1,pick,鲁班大师
2026031902,1222656528_17_1773926577,5,2,pick,敖隐
2026031902,1222656528_17_1773926577,6,2,pick,狂铁
2026031902,1222656528_17_1773926577,7,1,pick,女娲
2026031902,1222656528_17_1773926577,8,1,pick,元流之子(坦克)
2026031902,1222656528_17_1773926577,9,2,pick,裴擒虎
2026031902,1222656528_17_1773926577,10,2,ban,苍
2026031902,1222656528_17_1773926577,11,1,ban,赵怀真
2026031902,1222656528_17_1773926577,12,2,ban,马超
2026031902,1222656528_17_1773926577,13,1,ban,张飞
2026031902,1222656528_17_1773926577,14,2,ban,关羽
2026031902,1222656528_17_1773926577,15,1,ban,庄周
2026031902,1222656528_17_1773926577,16,2,pick,安琪拉
2026031902,1222656528_17_1773926577,17,1,pick,后羿
2026031902,1222656528_17_1773926577,18,1,pick,夏洛特
2026031902,1222656528_17_1773926577,19,2,pick,廉颇
2026032002,836780560_6_1774008007,0,1,ban,关羽
2026032002,836780560_6_1774008007,1,2,ban,敖隐
2026032002,836780560_6_1774008007,2,1,ban,张飞
2026032002,836780560_6_1774008007,3,2,ban,蚩奼
2026032002,836780560_6_1774008007,4,1,pick,鲁班大师
2026032002,836780560_6_1774008007,5,2,pick,狄仁杰
2026032002,836780560_6_1774008007,6,2,pick,盾山
2026032002,836780560_6_1774008007,7,1,pick,王昭君
2026032002,836780560_6_1774008007,8,1,pick,杨戬
2026032002,836780560_6_1774008007,9,2,pick,海月
2026032002,836780560_6_1774008007,10,2,ban,狂铁
2026032002,836780560_6_1774008007,11,1,ban,曹操
2026032002,836780560_6_1774008007,12,2,ban,戈娅
2026032002,836780560_6_1774008007,13,1,ban,元流之子(坦克)
2026032002,836780560_6_1774008007,14,2,ban,艾琳
2026032002,836780560_6_1774008007,15,1,ban,蒙恬
2026032002,836780560_6_1774008007,16,2,pick,夏洛特
2026032002,836780560_6_1774008007,17,1,pick,司空震
2026032002,836780560_6_1774008007,18,1,pick,苍
2026032002,836780560_6_1774008007,19,2,pick,夏侯惇
2026013002,1222656528_3_1769764695,0,1,ban,元流之子(辅助)
2026013002,1222656528_3_1769764695,1,2,ban,鲁班大师
2026013002,1222656528_3_1769764695,2,1,ban,张飞
2026013002,1222656528_3_1769764695,3,2,ban,空空儿
2026013002,1222656528_3_1769764695,4,1,pick,盾山
2026013002,1222656528_3_1769764695,5,2,pick,孙尚香
2026013002,1222656528_3_1769764695,6,2,pick,太乙真人
2026013002,1222656528_3_1769764695,7,1,pick,沈梦溪
2026013002,1222656528_3_1769764695,8,1,pick,艾琳
2026013002,1222656528_3_1769764695,9,2,pick,不知火舞
2026013002,1222656528_3_1769764695,10,2,ban,蒙恬
2026013002,1222656528_3_1769764695,11,1,ban,关羽
2026013002,1222656528_3_1769764695,12,2,ban,阿古朵
2026013002,1222656528_3_1769764695,13,1,ban,狂铁
2026013002,1222656528_3_1769764695,14,2,ban,橘右京
2026013002,1222656528_3_1769764695,15,1,ban,大司命
2026013002,1222656528_3_1769764695,16,2,pick,夏洛特
2026013002,1222656528_3_1769764695,17,1,pick,司空震
2026013002,1222656528_3_1769764695,18,1,pick,元流之子(坦克)
2026013002,1222656528_3_1769764695,19,2,pick,夏侯惇
2026032002,836780560_8_1774011952,0,1,ban,盾山
2026032002,836780560_8_1774011952,1,2,ban,鲁班大师
2026032002,836780560_8_1774011952,2,1,ban,敖隐
2026032002,836780560_8_1774011952,3,2,ban,蚩奼
2026032002,836780560_8_1774011952,4,1,pick,戈娅
2026032002,836780560_8_1774011952,5,2,pick,张飞
2026032002,836780560_8_1774011952,6,2,pick,艾琳
2026032002,836780560_8_1774011952,7,1,pick,少司缘
2026032002,836780560_8_1774011952,8,1,pick,狂铁
2026032002,836780560_8_1774011952,9,2,pick,女娲
2026032002,836780560_8_1774011952,10,2,ban,嬴政
2026032002,836780560_8_1774011952,11,1,ban,哪吒
2026032002,836780560_8_1774011952,12,2,ban,姜子牙
2026032002,836780560_8_1774011952,13,1,ban,宫本武藏
2026032002,836780560_8_1774011952,14,2,ban,杨戬
2026032002,836780560_8_1774011952,15,1,ban,橘右京
2026032002,836780560_8_1774011952,16,2,pick,夏洛特
2026032002,836780560_8_1774011952,17,1,pick,云缨
2026032002,836780560_8_1774011952,18,1,pick,武则天
2026032002,836780560_8_1774011952,19,2,pick,元流之子(坦克)
2026031902,1222656528_16_1773924850,0,1,ban,盾山
2026031902,1222656528_16_1773924850,1,2,ban,敖隐
2026031902,1222656528_16_1773924850,2,1,ban,狄仁杰
2026031902,1222656528_16_1773924850,3,2,ban,鲁班大师
2026031902,1222656528_16_1773924850,4,1,pick,苏烈
2026031902,1222656528_16_1773924850,5,2,pick,戈娅
2026031902,1222656528_16_1773924850,6,2,pick,张飞
2026031902,1222656528_16_1773924850,7,1,pick,司空震
2026031902,1222656528_16_1773924850,8,1,pick,阿古朵
2026031902,1222656528_16_1773924850,9,2,pick,云缨
2026031902,1222656528_16_1773924850,10,2,ban,孙权
2026031902,1222656528_16_1773924850,11,1,ban,关羽
2026031902,1222656528_16_1773924850,12,2,ban,蚩奼
2026031902,1222656528_16_1773924850,13,1,ban,狂铁
2026031902,1222656528_16_1773924850,14,2,ban,海月
2026031902,1222656528_16_1773924850,15,1,ban,蒙恬
2026031902,1222656528_16_1773924850,16,2,pick,沈梦溪
2026031902,1222656528_16_1773924850,17,1,pick,嬴政
2026031902,1222656528_16_1773924850,18,1,pick,虞姬
2026031902,1222656528_16_1773924850,19,2,pick,白起
2026031902,1222656528_14_1773921660,0,1,ban,元流之子(辅助)
2026031902,1222656528_14_1773921660,1,2,ban,鲁班大师
2026031902,1222656528_14_1773921660,2,1,ban,狂铁
2026031902,1222656528_14_1773921660,3,2,ban,盾山
2026031902,1222656528_14_1773921660,4,1,pick,敖隐
2026031902,1222656528_14_1773921660,5,2,pick,少司缘
2026031902,1222656528_14_1773921660,6,2,pick,沈梦溪
2026031902,1222656528_14_1773921660,7,1,pick,张良
2026031902,1222656528_14_1773921660,8,1,pick,王昭君
2026031902,1222656528_14_1773921660,9,2,pick,关羽
2026031902,1222656528_14_1773921660,10,2,ban,马超
2026031902,1222656528_14_1773921660,11,1,ban,后羿
2026031902,1222656528_14_1773921660,12,2,ban,蒙恬
2026031902,1222656528_14_1773921660,13,1,ban,戈娅
2026031902,1222656528_14_1773921660,14,2,ban,夏洛特
2026031902,1222656528_14_1773921660,15,1,ban,元流之子(射手)
2026031902,1222656528_14_1773921660,16,2,pick,苍
2026031902,1222656528_14_1773921660,17,1,pick,娜可露露
2026031902,1222656528_14_1773921660,18,1,pick,达摩
2026031902,1222656528_14_1773921660,19,2,pick,杨戬
2026031201,48251408_5_1773308311,0,1,ban,关羽
2026031201,48251408_5_1773308311,1,2,ban,盾山
2026031201,48251408_5_1773308311,2,1,ban,海月
2026031201,48251408_5_1773308311,3,2,ban,鲁班大师
2026031201,48251408_5_1773308311,4,1,pick,狂铁
2026031201,48251408_5_1773308311,5,2,pick,戈娅
2026031201,48251408_5_1773308311,6,2,pick,沈梦溪
2026031201,48251408_5_1773308311,7,1,pick,少司缘
2026031201,48251408_5_1773308311,8,1,pick,艾琳
2026031201,48251408_5_1773308311,9,2,pick,夏洛特
2026031201,48251408_5_1773308311,10,2,ban,不知火舞
2026031201,48251408_5_1773308311,11,1,ban,张良
2026031201,48251408_5_1773308311,12,2,ban,小乔
2026031201,48251408_5_1773308311,13,1,ban,苏烈
2026031201,48251408_5_1773308311,14,2,ban,嬴政
2026031201,48251408_5_1773308311,15,1,ban,墨子
2026031201,48251408_5_1773308311,16,2,pick,大禹
2026031201,48251408_5_1773308311,17,1,pick,杨戬
2026031201,48251408_5_1773308311,18,1,pick,女娲
2026031201,48251408_5_1773308311,19,2,pick,元流之子(坦克)
2026031101,1272988176_3_1773219841,0,1,ban,关羽
2026031101,1272988176_3_1773219841,1,2,ban,沈梦溪
2026031101,1272988176_3_1773219841,2,1,ban,大司命
2026031101,1272988176_3_1773219841,3,2,ban,司空震
2026031101,1272988176_3_1773219841,4,1,pick,鲁班大师
2026031101,1272988176_3_1773219841,5,2,pick,夏洛特
2026031101,1272988176_3_1773219841,6,2,pick,敖隐
2026031101,1272988176_3_1773219841,7,1,pick,杨戬
2026031101,1272988176_3_1773219841,8,1,pick,狂铁
2026031101,1272988176_3_1773219841,9,2,pick,夏侯惇
2026031101,1272988176_3_1773219841,10,2,ban,公孙离
2026031101,1272988176_3_1773219841,11,1,ban,朵莉亚
2026031101,1272988176_3_1773219841,12,2,ban,鲁班七号
2026031101,1272988176_3_1773219841,13,1,ban,嬴政
2026031101,1272988176_3_1773219841,14,2,ban,王昭君
2026031101,1272988176_3_1773219841,15,1,ban,元流之子(辅助)
2026031101,1272988176_3_1773219841,16,2,pick,女娲
2026031101,1272988176_3_1773219841,17,1,pick,安琪拉
2026031101,1272988176_3_1773219841,18,1,pick,苍
2026031101,1272988176_3_1773219841,19,2,pick,墨子
2026031202,501236240_3_1773319050,0,1,ban,苏烈
2026031202,501236240_3_1773319050,1,2,ban,鲁班大师
2026031202,501236240_3_1773319050,2,1,ban,大司命
2026031202,501236240_3_1773319050,3,2,ban,女娲
2026031202,501236240_3_1773319050,4,1,pick,盾山
2026031202,501236240_3_1773319050,5,2,pick,孙尚香
2026031202,501236240_3_1773319050,6,2,pick,西施
2026031202,501236240_3_1773319050,7,1,pick,不知火舞
2026031202,501236240_3_1773319050,8,1,pick,蚩奼
2026031202,501236240_3_1773319050,9,2,pick,太乙真人
2026031202,501236240_3_1773319050,10,2,ban,镜
2026031202,501236240_3_1773319050,11,1,ban,司空震
2026031202,501236240_3_1773319050,12,2,ban,关羽
2026031202,501236240_3_1773319050,13,1,ban,老夫子
2026031202,501236240_3_1773319050,14,2,ban,马超
2026031202,501236240_3_1773319050,15,1,ban,狂铁
2026031202,501236240_3_1773319050,16,2,pick,杨戬
2026031202,501236240_3_1773319050,17,1,pick,影
2026031202,501236240_3_1773319050,18,1,pick,云缨
2026031202,501236240_3_1773319050,19,2,pick,曹操
2026031902,1222656528_15_1773923343,0,1,ban,关羽
2026031902,1222656528_15_1773923343,1,2,ban,敖隐
2026031902,1222656528_15_1773923343,2,1,ban,狄仁杰
2026031902,1222656528_15_1773923343,3,2,ban,鲁班大师
2026031902,1222656528_15_1773923343,4,1,pick,盾山
2026031902,1222656528_15_1773923343,5,2,pick,太乙真人
2026031902,1222656528_15_1773923343,6,2,pick,孙尚香
2026031902,1222656528_15_1773923343,7,1,pick,艾琳
2026031902,1222656528_15_1773923343,8,1,pick,曹操
2026031902,1222656528_15_1773923343,9,2,pick,西施
2026031902,1222656528_15_1773923343,10,2,ban,镜
2026031902,1222656528_15_1773923343,11,1,ban,云缨
2026031902,1222656528_15_1773923343,12,2,ban,阿古朵
2026031902,1222656528_15_1773923343,13,1,ban,司空震
2026031902,1222656528_15_1773923343,14,2,ban,海月
2026031902,1222656528_15_1773923343,15,1,ban,狂铁
2026031902,1222656528_15_1773923343,16,2,pick,老夫子
2026031902,1222656528_15_1773923343,17,1,pick,橘右京
2026031902,1222656528_15_1773923343,18,1,pick,弈星
2026031902,1222656528_15_1773923343,19,2,pick,哪吒
2026031202,501236240_4_1773320778,0,1,ban,盾山
2026031202,501236240_4_1773320778,1,2,ban,鲁班大师
2026031202,501236240_4_1773320778,2,1,ban,沈梦溪
2026031202,501236240_4_1773320778,3,2,ban,夏洛特
2026031202,501236240_4_1773320778,4,1,pick,苏烈
2026031202,501236240_4_1773320778,5,2,pick,戈娅
2026031202,501236240_4_1773320778,6,2,pick,张飞
2026031202,501236240_4_1773320778,7,1,pick,孙权
2026031202,501236240_4_1773320778,8,1,pick,司空震
2026031202,501236240_4_1773320778,9,2,pick,大司命
2026031202,501236240_4_1773320778,10,2,ban,阿古朵
2026031202,501236240_4_1773320778,11,1,ban,老夫子
2026031202,501236240_4_1773320778,12,2,ban,海月
2026031202,501236240_4_1773320778,13,1,ban,关羽
2026031202,501236240_4_1773320778,14,2,ban,镜
2026031202,501236240_4_1773320778,15,1,ban,狂铁
2026031202,501236240_4_1773320778,16,2,pick,嬴政
2026031202,501236240_4_1773320778,17,1,pick,女娲
2026031202,501236240_4_1773320778,18,1,pick,橘右京
2026031202,501236240_4_1773320778,19,2,pick,马超
2026031901,48251408_29_1773912836,0,1,ban,女娲
2026031901,48251408_29_1773912836,1,2,ban,沈梦溪
2026031901,48251408_29_1773912836,2,1,ban,鲁班大师
2026031901,48251408_29_1773912836,3,2,ban,艾琳
2026031901,48251408_29_1773912836,4,1,pick,苏烈
2026031901,48251408_29_1773912836,5,2,pick,张飞
2026031901,48251408_29_1773912836,6,2,pick,敖隐
2026031901,48251408_29_1773912836,7,1,pick,公孙离
2026031901,48251408_29_1773912836,8,1,pick,阿古朵
2026031901,48251408_29_1773912836,9,2,pick,曹操
2026031901,48251408_29_1773912836,10,2,ban,马超
2026031901,48251408_29_1773912836,11,1,ban,杨戬
2026031901,48251408_29_1773912836,12,2,ban,老夫子
2026031901,48251408_29_1773912836,13,1,ban,云缨
2026031901,48251408_29_1773912836,14,2,ban,夏洛特
2026031901,48251408_29_1773912836,15,1,ban,元流之子(坦克)
2026031901,48251408_29_1773912836,16,2,pick,姜子牙
2026031901,48251408_29_1773912836,17,1,pick,武则天
2026031901,48251408_29_1773912836,18,1,pick,蒙恬
2026031901,48251408_29_1773912836,19,2,pick,镜
2026020601,836780560_11_1770357725,0,1,ban,苏烈
2026020601,836780560_11_1770357725,1,2,ban,盾山
2026020601,836780560_11_1770357725,2,1,ban,元流之子(辅助)
2026020601,836780560_11_1770357725,3,2,ban,橘右京
2026020601,836780560_11_1770357725,4,1,pick,敖隐
2026020601,836780560_11_1770357725,5,2,pick,鲁班大师
2026020601,836780560_11_1770357725,6,2,pick,杨戬
2026020601,836780560_11_1770357725,7,1,pick,裴擒虎
2026020601,836780560_11_1770357725,8,1,pick,沈梦溪
2026020601,836780560_11_1770357725,9,2,pick,狂铁
2026020601,836780560_11_1770357725,10,2,ban,张飞
2026020601,836780560_11_1770357725,11,1,ban,不知火舞
2026020601,836780560_11_1770357725,12,2,ban,关羽
2026020601,836780560_11_1770357725,13,1,ban,公孙离
2026020601,836780560_11_1770357725,14,2,ban,夏洛特
2026020601,836780560_11_1770357725,15,1,ban,嫦娥
2026020601,836780560_11_1770357725,16,2,pick,杨玉环
2026020601,836780560_11_1770357725,17,1,pick,廉颇
2026020601,836780560_11_1770357725,18,1,pick,司空震
2026020601,836780560_11_1770357725,19,2,pick,虞姬
2026032101,1222656528_22_1774076740,0,1,ban,苏烈
2026032101,1222656528_22_1774076740,1,2,ban,盾山
2026032101,1222656528_22_1774076740,2,1,ban,元流之子(坦克)
2026032101,1222656528_22_1774076740,3,2,ban,鲁班大师
2026032101,1222656528_22_1774076740,4,1,pick,敖隐
2026032101,1222656528_22_1774076740,5,2,pick,太乙真人
2026032101,1222656528_22_1774076740,6,2,pick,孙尚香
2026032101,1222656528_22_1774076740,7,1,pick,沈梦溪
2026032101,1222656528_22_1774076740,8,1,pick,关羽
2026032101,1222656528_22_1774076740,9,2,pick,嫦娥
2026032101,1222656528_22_1774076740,10,2,ban,哪吒
2026032101,1222656528_22_1774076740,11,1,ban,马超
2026032101,1222656528_22_1774076740,12,2,ban,镜
2026032101,1222656528_22_1774076740,13,1,ban,夏洛特
2026032101,1222656528_22_1774076740,14,2,ban,少司缘
2026032101,1222656528_22_1774076740,15,1,ban,云缨
2026032101,1222656528_22_1774076740,16,2,pick,达摩
2026032101,1222656528_22_1774076740,17,1,pick,大司命
2026032101,1222656528_22_1774076740,18,1,pick,赵怀真
2026032101,1222656528_22_1774076740,19,2,pick,夏侯惇
2026032101,1222656528_21_1774074922,0,1,ban,苏烈
2026032101,1222656528_21_1774074922,1,2,ban,盾山
2026032101,1222656528_21_1774074922,2,1,ban,狄仁杰
2026032101,1222656528_21_1774074922,3,2,ban,鲁班大师
2026032101,1222656528_21_1774074922,4,1,pick,蚩奼
2026032101,1222656528_21_1774074922,5,2,pick,狂铁
2026032101,1222656528_21_1774074922,6,2,pick,海月
2026032101,1222656528_21_1774074922,7,1,pick,元流之子(坦克)
2026032101,1222656528_21_1774074922,8,1,pick,女娲
2026032101,1222656528_21_1774074922,9,2,pick,哪吒
2026032101,1222656528_21_1774074922,10,2,ban,敖隐
2026032101,1222656528_21_1774074922,11,1,ban,公孙离
2026032101,1222656528_21_1774074922,12,2,ban,张良
2026032101,1222656528_21_1774074922,13,1,ban,少司缘
2026032101,1222656528_21_1774074922,14,2,ban,东皇太一
2026032101,1222656528_21_1774074922,15,1,ban,大禹
2026032101,1222656528_21_1774074922,16,2,pick,孙权
2026032101,1222656528_21_1774074922,17,1,pick,墨子
2026032101,1222656528_21_1774074922,18,1,pick,吕布
2026032101,1222656528_21_1774074922,19,2,pick,孙膑
2026020601,836780560_13_1770362047,0,1,ban,鲁班大师
2026020601,836780560_13_1770362047,1,2,ban,盾山
2026020601,836780560_13_1770362047,2,1,ban,海月
2026020601,836780560_13_1770362047,3,2,ban,空空儿
2026020601,836780560_13_1770362047,4,1,pick,苏烈
2026020601,836780560_13_1770362047,5,2,pick,少司缘
2026020601,836780560_13_1770362047,6,2,pick,戈娅
2026020601,836780560_13_1770362047,7,1,pick,沈梦溪
2026020601,836780560_13_1770362047,8,1,pick,蚩奼
2026020601,836780560_13_1770362047,9,2,pick,元流之子(坦克)
2026020601,836780560_13_1770362047,10,2,ban,大司命
2026020601,836780560_13_1770362047,11,1,ban,不知火舞
2026020601,836780560_13_1770362047,12,2,ban,阿古朵
2026020601,836780560_13_1770362047,13,1,ban,嫦娥
2026020601,836780560_13_1770362047,14,2,ban,哪吒
2026020601,836780560_13_1770362047,15,1,ban,小乔
2026020601,836780560_13_1770362047,16,2,pick,女娲
2026020601,836780560_13_1770362047,17,1,pick,云缨
2026020601,836780560_13_1770362047,18,1,pick,夏洛特
2026020601,836780560_13_1770362047,19,2,pick,狂铁
2026032101,1222656528_20_1774072852,0,1,ban,蚩奼
2026032101,1222656528_20_1774072852,1,2,ban,鲁班大师
2026032101,1222656528_20_1774072852,2,1,ban,关羽
2026032101,1222656528_20_1774072852,3,2,ban,盾山
2026032101,1222656528_20_1774072852,4,1,pick,敖隐
2026032101,1222656528_20_1774072852,5,2,pick,苏烈
2026032101,1222656528_20_1774072852,6,2,pick,苍
2026032101,1222656528_20_1774072852,7,1,pick,沈梦溪
2026032101,1222656528_20_1774072852,8,1,pick,张飞
2026032101,1222656528_20_1774072852,9,2,pick,嫦娥
2026032101,1222656528_20_1774072852,10,2,ban,白起
2026032101,1222656528_20_1774072852,11,1,ban,狂铁
2026032101,1222656528_20_1774072852,12,2,ban,司空震
2026032101,1222656528_20_1774072852,13,1,ban,马超
2026032101,1222656528_20_1774072852,14,2,ban,蒙恬
2026032101,1222656528_20_1774072852,15,1,ban,云缨
2026032101,1222656528_20_1774072852,16,2,pick,夏洛特
2026032101,1222656528_20_1774072852,17,1,pick,曹操
2026032101,1222656528_20_1774072852,18,1,pick,大司命
2026032101,1222656528_20_1774072852,19,2,pick,阿古朵
2026032101,1222656528_23_1774078995,0,1,ban,狄仁杰
2026032101,1222656528_23_1774078995,1,2,ban,鲁班大师
2026032101,1222656528_23_1774078995,2,1,ban,海月
2026032101,1222656528_23_1774078995,3,2,ban,关羽
2026032101,1222656528_23_1774078995,4,1,pick,盾山
2026032101,1222656528_23_1774078995,5,2,pick,孙尚香
2026032101,1222656528_23_1774078995,6,2,pick,太乙真人
2026032101,1222656528_23_1774078995,7,1,pick,艾琳
2026032101,1222656528_23_1774078995,8,1,pick,云缨
2026032101,1222656528_23_1774078995,9,2,pick,西施
2026032101,1222656528_23_1774078995,10,2,ban,女娲
2026032101,1222656528_23_1774078995,11,1,ban,哪吒
2026032101,1222656528_23_1774078995,12,2,ban,武则天
2026032101,1222656528_23_1774078995,13,1,ban,杨戬
2026032101,1222656528_23_1774078995,14,2,ban,不知火舞
2026032101,1222656528_23_1774078995,15,1,ban,镜
2026032101,1222656528_23_1774078995,16,2,pick,白起
2026032101,1222656528_23_1774078995,17,1,pick,小乔
2026032101,1222656528_23_1774078995,18,1,pick,庄周
2026032101,1222656528_23_1774078995,19,2,pick,马超
2026031802,501236240_13_1773837698,0,1,ban,苏烈
2026031802,501236240_13_1773837698,1,2,ban,沈梦溪
2026031802,501236240_13_1773837698,2,1,ban,海月
2026031802,501236240_13_1773837698,3,2,ban,大司命
2026031802,501236240_13_1773837698,4,1,pick,盾山
2026031802,501236240_13_1773837698,5,2,pick,孙尚香
2026031802,501236240_13_1773837698,6,2,pick,太乙真人
2026031802,501236240_13_1773837698,7,1,pick,不知火舞
2026031802,501236240_13_1773837698,8,1,pick,艾琳
2026031802,501236240_13_1773837698,9,2,pick,关羽
2026031802,501236240_13_1773837698,10,2,ban,镜
2026031802,501236240_13_1773837698,11,1,ban,武则天
2026031802,501236240_13_1773837698,12,2,ban,哪吒
2026031802,501236240_13_1773837698,13,1,ban,云缨
2026031802,501236240_13_1773837698,14,2,ban,元流之子(坦克)
2026031802,501236240_13_1773837698,15,1,ban,西施
2026031802,501236240_13_1773837698,16,2,pick,杨戬
2026031802,501236240_13_1773837698,17,1,pick,马超
2026031802,501236240_13_1773837698,18,1,pick,夏侯惇
2026031802,501236240_13_1773837698,19,2,pick,小乔
2026032201,48251408_33_1774159297,0,1,ban,关羽
2026032201,48251408_33_1774159297,1,2,ban,鲁班大师
2026032201,48251408_33_1774159297,2,1,ban,苏烈
2026032201,48251408_33_1774159297,3,2,ban,沈梦溪
2026032201,48251408_33_1774159297,4,1,pick,盾山
2026032201,48251408_33_1774159297,5,2,pick,孙尚香
2026032201,48251408_33_1774159297,6,2,pick,太乙真人
2026032201,48251408_33_1774159297,7,1,pick,曹操
2026032201,48251408_33_1774159297,8,1,pick,艾琳
2026032201,48251408_33_1774159297,9,2,pick,夏洛特
2026032201,48251408_33_1774159297,10,2,ban,杨戬
2026032201,48251408_33_1774159297,11,1,ban,哪吒
2026032201,48251408_33_1774159297,12,2,ban,元流之子(坦克)
2026032201,48251408_33_1774159297,13,1,ban,海月
2026032201,48251408_33_1774159297,14,2,ban,武则天
2026032201,48251408_33_1774159297,15,1,ban,大司命
2026032201,48251408_33_1774159297,16,2,pick,云缨
2026032201,48251408_33_1774159297,17,1,pick,不知火舞
2026032201,48251408_33_1774159297,18,1,pick,夏侯惇
2026032201,48251408_33_1774159297,19,2,pick,西施
2026020601,836780560_12_1770360031,0,1,ban,沈梦溪
2026020601,836780560_12_1770360031,1,2,ban,空空儿
2026020601,836780560_12_1770360031,2,1,ban,苏烈
2026020601,836780560_12_1770360031,3,2,ban,蚩奼
2026020601,836780560_12_1770360031,4,1,pick,盾山
2026020601,836780560_12_1770360031,5,2,pick,孙尚香
2026020601,836780560_12_1770360031,6,2,pick,太乙真人
2026020601,836780560_12_1770360031,7,1,pick,艾琳
2026020601,836780560_12_1770360031,8,1,pick,夏洛特
2026020601,836780560_12_1770360031,9,2,pick,西施
2026020601,836780560_12_1770360031,10,2,ban,不知火舞
2026020601,836780560_12_1770360031,11,1,ban,关羽
2026020601,836780560_12_1770360031,12,2,ban,镜
2026020601,836780560_12_1770360031,13,1,ban,元流之子(坦克)
2026020601,836780560_12_1770360031,14,2,ban,女娲
2026020601,836780560_12_1770360031,15,1,ban,司空震
2026020601,836780560_12_1770360031,16,2,pick,影
2026020601,836780560_12_1770360031,17,1,pick,嬴政
2026020601,836780560_12_1770360031,18,1,pick,哪吒
2026020601,836780560_12_1770360031,19,2,pick,铠
2026032201,48251408_35_1774162479,0,1,ban,盾山
2026032201,48251408_35_1774162479,1,2,ban,鲁班大师
2026032201,48251408_35_1774162479,2,1,ban,关羽
2026032201,48251408_35_1774162479,3,2,ban,狂铁
2026032201,48251408_35_1774162479,4,1,pick,沈梦溪
2026032201,48251408_35_1774162479,5,2,pick,蚩奼
2026032201,48251408_35_1774162479,6,2,pick,苏烈
2026032201,48251408_35_1774162479,7,1,pick,司空震
2026032201,48251408_35_1774162479,8,1,pick,大禹
2026032201,48251408_35_1774162479,9,2,pick,白起
2026032201,48251408_35_1774162479,10,2,ban,公孙离
2026032201,48251408_35_1774162479,11,1,ban,海月
2026032201,48251408_35_1774162479,12,2,ban,庄周
2026032201,48251408_35_1774162479,13,1,ban,小乔
2026032201,48251408_35_1774162479,14,2,ban,云缨
2026032201,48251408_35_1774162479,15,1,ban,杨戬
2026032201,48251408_35_1774162479,16,2,pick,武则天
2026032201,48251408_35_1774162479,17,1,pick,狄仁杰
2026032201,48251408_35_1774162479,18,1,pick,铠
2026032201,48251408_35_1774162479,19,2,pick,橘右京
2026031802,501236240_15_1773841758,0,1,ban,盾山
2026031802,501236240_15_1773841758,1,2,ban,沈梦溪
2026031802,501236240_15_1773841758,2,1,ban,狄仁杰
2026031802,501236240_15_1773841758,3,2,ban,鲁班大师
2026031802,501236240_15_1773841758,4,1,pick,苏烈
2026031802,501236240_15_1773841758,5,2,pick,少司缘
2026031802,501236240_15_1773841758,6,2,pick,狂铁
2026031802,501236240_15_1773841758,7,1,pick,夏洛特
2026031802,501236240_15_1773841758,8,1,pick,敖隐
2026031802,501236240_15_1773841758,9,2,pick,公孙离
2026031802,501236240_15_1773841758,10,2,ban,橘右京
2026031802,501236240_15_1773841758,11,1,ban,女娲
2026031802,501236240_15_1773841758,12,2,ban,小乔
2026031802,501236240_15_1773841758,13,1,ban,大司命
2026031802,501236240_15_1773841758,14,2,ban,西施
2026031802,501236240_15_1773841758,15,1,ban,元流之子(坦克)
2026031802,501236240_15_1773841758,16,2,pick,嬴政
2026031802,501236240_15_1773841758,17,1,pick,云缨
2026031802,501236240_15_1773841758,18,1,pick,海月
2026031802,501236240_15_1773841758,19,2,pick,夏侯惇
2026031802,501236240_14_1773840035,0,1,ban,关羽
2026031802,501236240_14_1773840035,1,2,ban,盾山
2026031802,501236240_14_1773840035,2,1,ban,大司命
2026031802,501236240_14_1773840035,3,2,ban,鲁班大师
2026031802,501236240_14_1773840035,4,1,pick,沈梦溪
2026031802,501236240_14_1773840035,5,2,pick,张良
2026031802,501236240_14_1773840035,6,2,pick,王昭君
2026031802,501236240_14_1773840035,7,1,pick,敖隐
2026031802,501236240_14_1773840035,8,1,pick,张飞
2026031802,501236240_14_1773840035,9,2,pick,公孙离
2026031802,501236240_14_1773840035,10,2,ban,元歌
2026031802,501236240_14_1773840035,11,1,ban,狂铁
2026031802,501236240_14_1773840035,12,2,ban,阿古朵
2026031802,501236240_14_1773840035,13,1,ban,云缨
2026031802,501236240_14_1773840035,14,2,ban,影
2026031802,501236240_14_1773840035,15,1,ban,杨戬
2026031802,501236240_14_1773840035,16,2,pick,蒙恬
2026031802,501236240_14_1773840035,17,1,pick,曹操
2026031802,501236240_14_1773840035,18,1,pick,橘右京
2026031802,501236240_14_1773840035,19,2,pick,镜
2026032601,48251408_3_1774523398,0,1,ban,盾山
2026032601,48251408_3_1774523398,1,2,ban,蚩奼
2026032601,48251408_3_1774523398,2,1,ban,鲁班大师
2026032601,48251408_3_1774523398,3,2,ban,苏烈
2026032601,48251408_3_1774523398,4,1,pick,少司缘
2026032601,48251408_3_1774523398,5,2,pick,沈梦溪
2026032601,48251408_3_1774523398,6,2,pick,大禹
2026032601,48251408_3_1774523398,7,1,pick,不知火舞
2026032601,48251408_3_1774523398,8,1,pick,敖隐
2026032601,48251408_3_1774523398,9,2,pick,苍
2026032601,48251408_3_1774523398,10,2,ban,大司命
2026032601,48251408_3_1774523398,11,1,ban,狂铁
2026032601,48251408_3_1774523398,12,2,ban,关羽
2026032601,48251408_3_1774523398,13,1,ban,曹操
2026032601,48251408_3_1774523398,14,2,ban,司空震
2026032601,48251408_3_1774523398,15,1,ban,夏洛特
2026032601,48251408_3_1774523398,16,2,pick,夏侯惇
2026032601,48251408_3_1774523398,17,1,pick,阿古朵
2026032601,48251408_3_1774523398,18,1,pick,白起
2026032601,48251408_3_1774523398,19,2,pick,影
2026032201,48251408_34_1774160860,0,1,ban,张飞
2026032201,48251408_34_1774160860,1,2,ban,盾山
2026032201,48251408_34_1774160860,2,1,ban,海月
2026032201,48251408_34_1774160860,3,2,ban,杨戬
2026032201,48251408_34_1774160860,4,1,pick,鲁班大师
2026032201,48251408_34_1774160860,5,2,pick,元流之子(辅助)
2026032201,48251408_34_1774160860,6,2,pick,敖隐
2026032201,48251408_34_1774160860,7,1,pick,苍
2026032201,48251408_34_1774160860,8,1,pick,嬴政
2026032201,48251408_34_1774160860,9,2,pick,关羽
2026032201,48251408_34_1774160860,10,2,ban,马超
2026032201,48251408_34_1774160860,11,1,ban,镜
2026032201,48251408_34_1774160860,12,2,ban,司空震
2026032201,48251408_34_1774160860,13,1,ban,沈梦溪
2026032201,48251408_34_1774160860,14,2,ban,裴擒虎
2026032201,48251408_34_1774160860,15,1,ban,阿古朵
2026032201,48251408_34_1774160860,16,2,pick,武则天
2026032201,48251408_34_1774160860,17,1,pick,曹操
2026032201,48251408_34_1774160860,18,1,pick,夏侯惇
2026032201,48251408_34_1774160860,19,2,pick,大司命
2026032601,48251408_5_1774527236,0,1,ban,盾山
2026032601,48251408_5_1774527236,1,2,ban,戈娅
2026032601,48251408_5_1774527236,2,1,ban,敖隐
2026032601,48251408_5_1774527236,3,2,ban,鲁班大师
2026032601,48251408_5_1774527236,4,1,pick,苏烈
2026032601,48251408_5_1774527236,5,2,pick,公孙离
2026032601,48251408_5_1774527236,6,2,pick,张飞
2026032601,48251408_5_1774527236,7,1,pick,蚩奼
2026032601,48251408_5_1774527236,8,1,pick,小乔
2026032601,48251408_5_1774527236,9,2,pick,武则天
2026032601,48251408_5_1774527236,10,2,ban,大司命
2026032601,48251408_5_1774527236,11,1,ban,元流之子(坦克)
2026032601,48251408_5_1774527236,12,2,ban,夏侯惇
2026032601,48251408_5_1774527236,13,1,ban,云缨
2026032601,48251408_5_1774527236,14,2,ban,狂铁
2026032601,48251408_5_1774527236,15,1,ban,老夫子
2026032601,48251408_5_1774527236,16,2,pick,关羽
2026032601,48251408_5_1774527236,17,1,pick,影
2026032601,48251408_5_1774527236,18,1,pick,裴擒虎
2026032601,48251408_5_1774527236,19,2,pick,橘右京
2026032601,48251408_2_1774521245,0,1,ban,关羽
2026032601,48251408_2_1774521245,1,2,ban,狂铁
2026032601,48251408_2_1774521245,2,1,ban,鲁班大师
2026032601,48251408_2_1774521245,3,2,ban,艾琳
2026032601,48251408_2_1774521245,4,1,pick,盾山
2026032601,48251408_2_1774521245,5,2,pick,蚩奼
2026032601,48251408_2_1774521245,6,2,pick,苏烈
2026032601,48251408_2_1774521245,7,1,pick,曹操
2026032601,48251408_2_1774521245,8,1,pick,沈梦溪
2026032601,48251408_2_1774521245,9,2,pick,司空震
2026032601,48251408_2_1774521245,10,2,ban,敖隐
2026032601,48251408_2_1774521245,11,1,ban,不知火舞
2026032601,48251408_2_1774521245,12,2,ban,虞姬
2026032601,48251408_2_1774521245,13,1,ban,海月
2026032601,48251408_2_1774521245,14,2,ban,狄仁杰
2026032601,48251408_2_1774521245,15,1,ban,武则天
2026032601,48251408_2_1774521245,16,2,pick,大司命
2026032601,48251408_2_1774521245,17,1,pick,孙权
2026032601,48251408_2_1774521245,18,1,pick,橘右京
2026032601,48251408_2_1774521245,19,2,pick,小乔
2026032601,48251408_4_1774525229,0,1,ban,蚩奼
2026032601,48251408_4_1774525229,1,2,ban,盾山
2026032601,48251408_4_1774525229,2,1,ban,海月
2026032601,48251408_4_1774525229,3,2,ban,鲁班大师
2026032601,48251408_4_1774525229,4,1,pick,戈娅
2026032601,48251408_4_1774525229,5,2,pick,夏洛特
2026032601,48251408_4_1774525229,6,2,pick,大禹
2026032601,48251408_4_1774525229,7,1,pick,少司缘
2026032601,48251408_4_1774525229,8,1,pick,狂铁
2026032601,48251408_4_1774525229,9,2,pick,元流之子(坦克)
2026032601,48251408_4_1774525229,10,2,ban,阿古朵
2026032601,48251408_4_1774525229,11,1,ban,艾琳
2026032601,48251408_4_1774525229,12,2,ban,云缨
2026032601,48251408_4_1774525229,13,1,ban,女娲
2026032601,48251408_4_1774525229,14,2,ban,橘右京
2026032601,48251408_4_1774525229,15,1,ban,小乔
2026032601,48251408_4_1774525229,16,2,pick,嬴政
2026032601,48251408_4_1774525229,17,1,pick,杨戬
2026032601,48251408_4_1774525229,18,1,pick,姜子牙
2026032601,48251408_4_1774525229,19,2,pick,苍
2026031802,501236240_16_1773843816,0,1,ban,沈梦溪
2026031802,501236240_16_1773843816,1,2,ban,苏烈
2026031802,501236240_16_1773843816,2,1,ban,阿古朵
2026031802,501236240_16_1773843816,3,2,ban,盾山
2026031802,501236240_16_1773843816,4,1,pick,鲁班大师
2026031802,501236240_16_1773843816,5,2,pick,元流之子(辅助)
2026031802,501236240_16_1773843816,6,2,pick,狄仁杰
2026031802,501236240_16_1773843816,7,1,pick,大司命
2026031802,501236240_16_1773843816,8,1,pick,蚩奼
2026031802,501236240_16_1773843816,9,2,pick,司空震
2026031802,501236240_16_1773843816,10,2,ban,女娲
2026031802,501236240_16_1773843816,11,1,ban,嬴政
2026031802,501236240_16_1773843816,12,2,ban,不知火舞
2026031802,501236240_16_1773843816,13,1,ban,小乔
2026031802,501236240_16_1773843816,14,2,ban,海月
2026031802,501236240_16_1773843816,15,1,ban,橘右京
2026031802,501236240_16_1773843816,16,2,pick,武则天
2026031802,501236240_16_1773843816,17,1,pick,老夫子
2026031802,501236240_16_1773843816,18,1,pick,甄姬
2026031802,501236240_16_1773843816,19,2,pick,铠
2026031801,954221072_12_1773831422,0,1,ban,苏烈
2026031801,954221072_12_1773831422,1,2,ban,鲁班大师
2026031801,954221072_12_1773831422,2,1,ban,敖隐
2026031801,954221072_12_1773831422,3,2,ban,沈梦溪
2026031801,954221072_12_1773831422,4,1,pick,蚩奼
2026031801,954221072_12_1773831422,5,2,pick,太乙真人
2026031801,954221072_12_1773831422,6,2,pick,孙权
2026031801,954221072_12_1773831422,7,1,pick,元流之子(坦克)
2026031801,954221072_12_1773831422,8,1,pick,女娲
2026031801,954221072_12_1773831422,9,2,pick,大司命
2026031801,954221072_12_1773831422,10,2,ban,墨子
2026031801,954221072_12_1773831422,11,1,ban,西施
2026031801,954221072_12_1773831422,12,2,ban,盾山
2026031801,954221072_12_1773831422,13,1,ban,关羽
2026031801,954221072_12_1773831422,14,2,ban,少司缘
2026031801,954221072_12_1773831422,15,1,ban,安琪拉
2026031801,954221072_12_1773831422,16,2,pick,武则天
2026031801,954221072_12_1773831422,17,1,pick,公孙离
2026031801,954221072_12_1773831422,18,1,pick,大乔
2026031801,954221072_12_1773831422,19,2,pick,曹操
2026032103,954221072_16_1774096536,0,1,ban,敖隐
2026032103,954221072_16_1774096536,1,2,ban,鲁班大师
2026032103,954221072_16_1774096536,2,1,ban,大司命
2026032103,954221072_16_1774096536,3,2,ban,盾山
2026032103,954221072_16_1774096536,4,1,pick,苏烈
2026032103,954221072_16_1774096536,5,2,pick,狂铁
2026032103,954221072_16_1774096536,6,2,pick,沈梦溪
2026032103,954221072_16_1774096536,7,1,pick,戈娅
2026032103,954221072_16_1774096536,8,1,pick,元流之子(坦克)
2026032103,954221072_16_1774096536,9,2,pick,少司缘
2026032103,954221072_16_1774096536,10,2,ban,海月
2026032103,954221072_16_1774096536,11,1,ban,哪吒
2026032103,954221072_16_1774096536,12,2,ban,不知火舞
2026032103,954221072_16_1774096536,13,1,ban,娜可露露
2026032103,954221072_16_1774096536,14,2,ban,嬴政
2026032103,954221072_16_1774096536,15,1,ban,阿古朵
2026032103,954221072_16_1774096536,16,2,pick,艾琳
2026032103,954221072_16_1774096536,17,1,pick,夏洛特
2026032103,954221072_16_1774096536,18,1,pick,嫦娥
2026032103,954221072_16_1774096536,19,2,pick,铠
2026032103,954221072_15_1774094472,0,1,ban,苏烈
2026032103,954221072_15_1774094472,1,2,ban,沈梦溪
2026032103,954221072_15_1774094472,2,1,ban,元流之子(辅助)
2026032103,954221072_15_1774094472,3,2,ban,鲁班大师
2026032103,954221072_15_1774094472,4,1,pick,盾山
2026032103,954221072_15_1774094472,5,2,pick,敖隐
2026032103,954221072_15_1774094472,6,2,pick,小乔
2026032103,954221072_15_1774094472,7,1,pick,马超
2026032103,954221072_15_1774094472,8,1,pick,狄仁杰
2026032103,954221072_15_1774094472,9,2,pick,关羽
2026032103,954221072_15_1774094472,10,2,ban,元流之子(坦克)
2026032103,954221072_15_1774094472,11,1,ban,哪吒
2026032103,954221072_15_1774094472,12,2,ban,海月
2026032103,954221072_15_1774094472,13,1,ban,太乙真人
2026032103,954221072_15_1774094472,14,2,ban,大司命
2026032103,954221072_15_1774094472,15,1,ban,张飞
2026032103,954221072_15_1774094472,16,2,pick,云缨
2026032103,954221072_15_1774094472,17,1,pick,杨玉环
2026032103,954221072_15_1774094472,18,1,pick,夏侯惇
2026032103,954221072_15_1774094472,19,2,pick,赵怀真
2026031403,501236240_9_1773494844,0,1,ban,敖隐
2026031403,501236240_9_1773494844,1,2,ban,鲁班大师
2026031403,501236240_9_1773494844,2,1,ban,大司命
2026031403,501236240_9_1773494844,3,2,ban,公孙离
2026031403,501236240_9_1773494844,4,1,pick,蚩奼
2026031403,501236240_9_1773494844,5,2,pick,苏烈
2026031403,501236240_9_1773494844,6,2,pick,沈梦溪
2026031403,501236240_9_1773494844,7,1,pick,嫦娥
2026031403,501236240_9_1773494844,8,1,pick,阿古朵
2026031403,501236240_9_1773494844,9,2,pick,孙权
2026031403,501236240_9_1773494844,10,2,ban,张飞
2026031403,501236240_9_1773494844,11,1,ban,狂铁
2026031403,501236240_9_1773494844,12,2,ban,关羽
2026031403,501236240_9_1773494844,13,1,ban,蒙恬
2026031403,501236240_9_1773494844,14,2,ban,白起
2026031403,501236240_9_1773494844,15,1,ban,司空震
2026031403,501236240_9_1773494844,16,2,pick,曹操
2026031403,501236240_9_1773494844,17,1,pick,马超
2026031403,501236240_9_1773494844,18,1,pick,墨子
2026031403,501236240_9_1773494844,19,2,pick,镜
2026032203,48251408_36_1774181703,0,1,ban,太乙真人
2026032203,48251408_36_1774181703,1,2,ban,盾山
2026032203,48251408_36_1774181703,2,1,ban,戈娅
2026032203,48251408_36_1774181703,3,2,ban,鲁班大师
2026032203,48251408_36_1774181703,4,1,pick,苏烈
2026032203,48251408_36_1774181703,5,2,pick,沈梦溪
2026032203,48251408_36_1774181703,6,2,pick,狂铁
2026032203,48251408_36_1774181703,7,1,pick,橘右京
2026032203,48251408_36_1774181703,8,1,pick,白起
2026032203,48251408_36_1774181703,9,2,pick,云缨
2026032203,48251408_36_1774181703,10,2,ban,蚩奼
2026032203,48251408_36_1774181703,11,1,ban,张飞
2026032203,48251408_36_1774181703,12,2,ban,不知火舞
2026032203,48251408_36_1774181703,13,1,ban,庄周
2026032203,48251408_36_1774181703,14,2,ban,小乔
2026032203,48251408_36_1774181703,15,1,ban,大禹
2026032203,48251408_36_1774181703,16,2,pick,狄仁杰
2026032203,48251408_36_1774181703,17,1,pick,敖隐
2026032203,48251408_36_1774181703,18,1,pick,嬴政
2026032203,48251408_36_1774181703,19,2,pick,廉颇
2026032601,48251408_6_1774529543,0,1,ban,戈娅
2026032601,48251408_6_1774529543,1,2,ban,盾山
2026032601,48251408_6_1774529543,2,1,ban,公孙离
2026032601,48251408_6_1774529543,3,2,ban,鲁班大师
2026032601,48251408_6_1774529543,4,1,pick,敖隐
2026032601,48251408_6_1774529543,5,2,pick,马超
2026032601,48251408_6_1774529543,6,2,pick,女娲
2026032601,48251408_6_1774529543,7,1,pick,夏洛特
2026032601,48251408_6_1774529543,8,1,pick,云缨
2026032601,48251408_6_1774529543,9,2,pick,虞姬
2026032601,48251408_6_1774529543,10,2,ban,不知火舞
2026032601,48251408_6_1774529543,11,1,ban,大司命
2026032601,48251408_6_1774529543,12,2,ban,嬴政
2026032601,48251408_6_1774529543,13,1,ban,铠
2026032601,48251408_6_1774529543,14,2,ban,海月
2026032601,48251408_6_1774529543,15,1,ban,夏侯惇
2026032601,48251408_6_1774529543,16,2,pick,杨戬
2026032601,48251408_6_1774529543,17,1,pick,太乙真人
2026032601,48251408_6_1774529543,18,1,pick,杨玉环
2026032601,48251408_6_1774529543,19,2,pick,张飞
2026030102,1222656528_11_1772359423,0,1,ban,海月
2026030102,1222656528_11_1772359423,1,2,ban,盾山
2026030102,1222656528_11_1772359423,2,1,ban,元流之子(射手)
2026030102,1222656528_11_1772359423,3,2,ban,杨戬
2026030102,1222656528_11_1772359423,4,1,pick,不知火舞
2026030102,1222656528_11_1772359423,5,2,pick,元流之子(坦克)
2026030102,1222656528_11_1772359423,6,2,pick,鲁班大师
2026030102,1222656528_11_1772359423,7,1,pick,阿古朵
2026030102,1222656528_11_1772359423,8,1,pick,狄仁杰
2026030102,1222656528_11_1772359423,9,2,pick,戈娅
2026030102,1222656528_11_1772359423,10,2,ban,张飞
2026030102,1222656528_11_1772359423,11,1,ban,海诺
2026030102,1222656528_11_1772359423,12,2,ban,墨子
2026030102,1222656528_11_1772359423,13,1,ban,王昭君
2026030102,1222656528_11_1772359423,14,2,ban,钟馗
2026030102,1222656528_11_1772359423,15,1,ban,沈梦溪
2026030102,1222656528_11_1772359423,16,2,pick,小乔
2026030102,1222656528_11_1772359423,17,1,pick,曹操
2026030102,1222656528_11_1772359423,18,1,pick,廉颇
2026030102,1222656528_11_1772359423,19,2,pick,老夫子
2026031901,48251408_30_1773914786,0,1,ban,敖隐
2026031901,48251408_30_1773914786,1,2,ban,鲁班大师
2026031901,48251408_30_1773914786,2,1,ban,沈梦溪
2026031901,48251408_30_1773914786,3,2,ban,司空震
2026031901,48251408_30_1773914786,4,1,pick,盾山
2026031901,48251408_30_1773914786,5,2,pick,孙尚香
2026031901,48251408_30_1773914786,6,2,pick,太乙真人
2026031901,48251408_30_1773914786,7,1,pick,艾琳
2026031901,48251408_30_1773914786,8,1,pick,女娲
2026031901,48251408_30_1773914786,9,2,pick,关羽
2026031901,48251408_30_1773914786,10,2,ban,云缨
2026031901,48251408_30_1773914786,11,1,ban,西施
2026031901,48251408_30_1773914786,12,2,ban,大司命
2026031901,48251408_30_1773914786,13,1,ban,安琪拉
2026031901,48251408_30_1773914786,14,2,ban,马超
2026031901,48251408_30_1773914786,15,1,ban,哪吒
2026031901,48251408_30_1773914786,16,2,pick,元流之子(坦克)
2026031901,48251408_30_1773914786,17,1,pick,影
2026031901,48251408_30_1773914786,18,1,pick,夏侯惇
2026031901,48251408_30_1773914786,19,2,pick,嬴政
2026031102,1222656528_3_1773233183,0,1,ban,盾山
2026031102,1222656528_3_1773233183,1,2,ban,沈梦溪
2026031102,1222656528_3_1773233183,2,1,ban,元流之子(辅助)
2026031102,1222656528_3_1773233183,3,2,ban,杨戬
2026031102,1222656528_3_1773233183,4,1,pick,鲁班大师
2026031102,1222656528_3_1773233183,5,2,pick,裴擒虎
2026031102,1222656528_3_1773233183,6,2,pick,狄仁杰
2026031102,1222656528_3_1773233183,7,1,pick,戈娅
2026031102,1222656528_3_1773233183,8,1,pick,元流之子(坦克)
2026031102,1222656528_3_1773233183,9,2,pick,西施
2026031102,1222656528_3_1773233183,10,2,ban,关羽
2026031102,1222656528_3_1773233183,11,1,ban,张飞
2026031102,1222656528_3_1773233183,12,2,ban,司空震
2026031102,1222656528_3_1773233183,13,1,ban,廉颇
2026031102,1222656528_3_1773233183,14,2,ban,老夫子
2026031102,1222656528_3_1773233183,15,1,ban,庄周
2026031102,1222656528_3_1773233183,16,2,pick,曹操
2026031102,1222656528_3_1773233183,17,1,pick,马超
2026031102,1222656528_3_1773233183,18,1,pick,王昭君
2026031102,1222656528_3_1773233183,19,2,pick,大禹
2026032601,48251408_8_1774533080,0,2,pick,曹操
2026032601,48251408_8_1774533080,1,2,pick,沈梦溪
2026032601,48251408_8_1774533080,2,2,pick,大司命
2026032601,48251408_8_1774533080,3,1,pick,夏洛特
2026032601,48251408_8_1774533080,4,2,pick,鲁班大师
2026032601,48251408_8_1774533080,5,2,pick,敖隐
2026032601,48251408_8_1774533080,6,1,pick,元流之子(坦克)
2026032601,48251408_8_1774533080,7,1,pick,蚩奼
2026032202,836780560_14_1774175589,0,1,ban,盾山
2026032202,836780560_14_1774175589,1,2,ban,蚩奼
2026032202,836780560_14_1774175589,2,1,ban,元流之子(坦克)
2026032202,836780560_14_1774175589,3,2,ban,杨戬
2026032202,836780560_14_1774175589,4,1,pick,鲁班大师
2026032202,836780560_14_1774175589,5,2,pick,狄仁杰
2026032202,836780560_14_1774175589,6,2,pick,张飞
2026032202,836780560_14_1774175589,7,1,pick,女娲
2026032202,836780560_14_1774175589,8,1,pick,橘右京
2026032202,836780560_14_1774175589,9,2,pick,云缨
2026032202,836780560_14_1774175589,10,2,ban,敖隐
2026032202,836780560_14_1774175589,11,1,ban,关羽
2026032202,836780560_14_1774175589,12,2,ban,司空震
2026032202,836780560_14_1774175589,13,1,ban,不知火舞
2026032202,836780560_14_1774175589,14,2,ban,苍
2026032202,836780560_14_1774175589,15,1,ban,狂铁
2026032202,836780560_14_1774175589,16,2,pick,嬴政
2026032202,836780560_14_1774175589,17,1,pick,蒙恬
2026032202,836780560_14_1774175589,18,1,pick,鲁班七号
2026032202,836780560_14_1774175589,19,2,pick,达摩
2026032202,836780560_11_1774170045,0,1,ban,太乙真人
2026032202,836780560_11_1774170045,1,2,ban,盾山
2026032202,836780560_11_1774170045,2,1,ban,海月
2026032202,836780560_11_1774170045,3,2,ban,鲁班大师
2026032202,836780560_11_1774170045,4,1,pick,沈梦溪
2026032202,836780560_11_1774170045,5,2,pick,少司缘
2026032202,836780560_11_1774170045,6,2,pick,戈娅
2026032202,836780560_11_1774170045,7,1,pick,大禹
2026032202,836780560_11_1774170045,8,1,pick,敖隐
2026032202,836780560_11_1774170045,9,2,pick,大司命
2026032202,836780560_11_1774170045,10,2,ban,橘右京
2026032202,836780560_11_1774170045,11,1,ban,马超
2026032202,836780560_11_1774170045,12,2,ban,阿古朵
2026032202,836780560_11_1774170045,13,1,ban,小乔
2026032202,836780560_11_1774170045,14,2,ban,宫本武藏
2026032202,836780560_11_1774170045,15,1,ban,不知火舞
2026032202,836780560_11_1774170045,16,2,pick,夏洛特
2026032202,836780560_11_1774170045,17,1,pick,司空震
2026032202,836780560_11_1774170045,18,1,pick,铠
2026032202,836780560_11_1774170045,19,2,pick,嫦娥
2026032203,48251408_38_1774185346,0,1,ban,盾山
2026032203,48251408_38_1774185346,1,2,ban,戈娅
2026032203,48251408_38_1774185346,2,1,ban,镜
2026032203,48251408_38_1774185346,3,2,ban,太乙真人
2026032203,48251408_38_1774185346,4,1,pick,鲁班大师
2026032203,48251408_38_1774185346,5,2,pick,元流之子(辅助)
2026032203,48251408_38_1774185346,6,2,pick,狄仁杰
2026032203,48251408_38_1774185346,7,1,pick,杨戬
2026032203,48251408_38_1774185346,8,1,pick,敖隐
2026032203,48251408_38_1774185346,9,2,pick,大司命
2026032203,48251408_38_1774185346,10,2,ban,王昭君
2026032203,48251408_38_1774185346,11,1,ban,女娲
2026032203,48251408_38_1774185346,12,2,ban,安琪拉
2026032203,48251408_38_1774185346,13,1,ban,沈梦溪
2026032203,48251408_38_1774185346,14,2,ban,嬴政
2026032203,48251408_38_1774185346,15,1,ban,甄姬
2026032203,48251408_38_1774185346,16,2,pick,小乔
2026032203,48251408_38_1774185346,17,1,pick,夏洛特
2026032203,48251408_38_1774185346,18,1,pick,姜子牙
2026032203,48251408_38_1774185346,19,2,pick,狂铁
2026031302,434127376_4_1773406989,0,1,ban,敖隐
2026031302,434127376_4_1773406989,1,2,ban,沈梦溪
2026031302,434127376_4_1773406989,2,1,ban,海月
2026031302,434127376_4_1773406989,3,2,ban,艾琳
2026031302,434127376_4_1773406989,4,1,pick,盾山
2026031302,434127376_4_1773406989,5,2,pick,孙尚香
2026031302,434127376_4_1773406989,6,2,pick,太乙真人
2026031302,434127376_4_1773406989,7,1,pick,关羽
2026031302,434127376_4_1773406989,8,1,pick,蚩奼
2026031302,434127376_4_1773406989,9,2,pick,司空震
2026031302,434127376_4_1773406989,10,2,ban,哪吒
2026031302,434127376_4_1773406989,11,1,ban,大司命
2026031302,434127376_4_1773406989,12,2,ban,阿古朵
2026031302,434127376_4_1773406989,13,1,ban,云缨
2026031302,434127376_4_1773406989,14,2,ban,元流之子(坦克)
2026031302,434127376_4_1773406989,15,1,ban,夏侯惇
2026031302,434127376_4_1773406989,16,2,pick,橘右京
2026031302,434127376_4_1773406989,17,1,pick,武则天
2026031302,434127376_4_1773406989,18,1,pick,镜
2026031302,434127376_4_1773406989,19,2,pick,金蝉
2026032203,48251408_39_1774187086,0,1,ban,太乙真人
2026032203,48251408_39_1774187086,1,2,ban,盾山
2026032203,48251408_39_1774187086,2,1,ban,蚩奼
2026032203,48251408_39_1774187086,3,2,ban,鲁班大师
2026032203,48251408_39_1774187086,4,1,pick,戈娅
2026032203,48251408_39_1774187086,5,2,pick,张良
2026032203,48251408_39_1774187086,6,2,pick,王昭君
2026032203,48251408_39_1774187086,7,1,pick,铠
2026032203,48251408_39_1774187086,8,1,pick,关羽
2026032203,48251408_39_1774187086,9,2,pick,马超
2026032203,48251408_39_1774187086,10,2,ban,女娲
2026032203,48251408_39_1774187086,11,1,ban,哪吒
2026032203,48251408_39_1774187086,12,2,ban,大禹
2026032203,48251408_39_1774187086,13,1,ban,孙权
2026032203,48251408_39_1774187086,14,2,ban,空空儿
2026032203,48251408_39_1774187086,15,1,ban,夏侯惇
2026032203,48251408_39_1774187086,16,2,pick,公孙离
2026032203,48251408_39_1774187086,17,1,pick,武则天
2026032203,48251408_39_1774187086,18,1,pick,张飞
2026032203,48251408_39_1774187086,19,2,pick,蒙恬
2026033001,48251408_35_1774866705,0,1,ban,海月
2026033001,48251408_35_1774866705,1,2,ban,鲁班大师
2026033001,48251408_35_1774866705,2,1,ban,太乙真人
2026033001,48251408_35_1774866705,3,2,ban,盾山
2026033001,48251408_35_1774866705,4,1,pick,敖隐
2026033001,48251408_35_1774866705,5,2,pick,大禹
2026033001,48251408_35_1774866705,6,2,pick,公孙离
2026033001,48251408_35_1774866705,7,1,pick,小乔
2026033001,48251408_35_1774866705,8,1,pick,少司缘
2026033001,48251408_35_1774866705,9,2,pick,白起
2026033001,48251408_35_1774866705,10,2,ban,关羽
2026033001,48251408_35_1774866705,11,1,ban,沈梦溪
2026033001,48251408_35_1774866705,12,2,ban,曹操
2026033001,48251408_35_1774866705,13,1,ban,女娲
2026033001,48251408_35_1774866705,14,2,ban,老夫子
2026033001,48251408_35_1774866705,15,1,ban,不知火舞
2026033001,48251408_35_1774866705,16,2,pick,安琪拉
2026033001,48251408_35_1774866705,17,1,pick,杨戬
2026033001,48251408_35_1774866705,18,1,pick,狂铁
2026033001,48251408_35_1774866705,19,2,pick,宫本武藏
2026032002,836780560_7_1774010006,0,1,ban,盾山
2026032002,836780560_7_1774010006,1,2,ban,鲁班大师
2026032002,836780560_7_1774010006,2,1,ban,公孙离
2026032002,836780560_7_1774010006,3,2,ban,少司缘
2026032002,836780560_7_1774010006,4,1,pick,敖隐
2026032002,836780560_7_1774010006,5,2,pick,狂铁
2026032002,836780560_7_1774010006,6,2,pick,苏烈
2026032002,836780560_7_1774010006,7,1,pick,沈梦溪
2026032002,836780560_7_1774010006,8,1,pick,张飞
2026032002,836780560_7_1774010006,9,2,pick,嫦娥
2026032002,836780560_7_1774010006,10,2,ban,吕布
2026032002,836780560_7_1774010006,11,1,ban,后羿
2026032002,836780560_7_1774010006,12,2,ban,曹操
2026032002,836780560_7_1774010006,13,1,ban,橘右京
2026032002,836780560_7_1774010006,14,2,ban,云缨
2026032002,836780560_7_1774010006,15,1,ban,艾琳
2026032002,836780560_7_1774010006,16,2,pick,虞姬
2026032002,836780560_7_1774010006,17,1,pick,大司命
2026032002,836780560_7_1774010006,18,1,pick,亚连
2026032002,836780560_7_1774010006,19,2,pick,娜可露露
2026031201,48251408_4_1773306146,0,1,ban,关羽
2026031201,48251408_4_1773306146,1,2,ban,鲁班大师
2026031201,48251408_4_1773306146,2,1,ban,苏烈
2026031201,48251408_4_1773306146,3,2,ban,沈梦溪
2026031201,48251408_4_1773306146,4,1,pick,盾山
2026031201,48251408_4_1773306146,5,2,pick,太乙真人
2026031201,48251408_4_1773306146,6,2,pick,孙尚香
2026031201,48251408_4_1773306146,7,1,pick,艾琳
2026031201,48251408_4_1773306146,8,1,pick,狂铁
2026031201,48251408_4_1773306146,9,2,pick,夏洛特
2026031201,48251408_4_1773306146,10,2,ban,元流之子(坦克)
2026031201,48251408_4_1773306146,11,1,ban,云缨
2026031201,48251408_4_1773306146,12,2,ban,海月
2026031201,48251408_4_1773306146,13,1,ban,西施
2026031201,48251408_4_1773306146,14,2,ban,嬴政
2026031201,48251408_4_1773306146,15,1,ban,镜
2026031201,48251408_4_1773306146,16,2,pick,武则天
2026031201,48251408_4_1773306146,17,1,pick,夏侯惇
2026031201,48251408_4_1773306146,18,1,pick,小乔
2026031201,48251408_4_1773306146,19,2,pick,哪吒
2026033001,48251408_37_1774870625,0,1,ban,盾山
2026033001,48251408_37_1774870625,1,2,ban,敖隐
2026033001,48251408_37_1774870625,2,1,ban,元流之子(辅助)
2026033001,48251408_37_1774870625,3,2,ban,戈娅
2026033001,48251408_37_1774870625,4,1,pick,鲁班大师
2026033001,48251408_37_1774870625,5,2,pick,狄仁杰
2026033001,48251408_37_1774870625,6,2,pick,张飞
2026033001,48251408_37_1774870625,7,1,pick,苍
2026033001,48251408_37_1774870625,8,1,pick,元流之子(坦克)
2026033001,48251408_37_1774870625,9,2,pick,沈梦溪
2026033001,48251408_37_1774870625,10,2,ban,嫦娥
2026033001,48251408_37_1774870625,11,1,ban,夏洛特
2026033001,48251408_37_1774870625,12,2,ban,不知火舞
2026033001,48251408_37_1774870625,13,1,ban,曹操
2026033001,48251408_37_1774870625,14,2,ban,关羽
2026033001,48251408_37_1774870625,15,1,ban,阿古朵
2026033001,48251408_37_1774870625,16,2,pick,云缨
2026033001,48251408_37_1774870625,17,1,pick,司空震
2026033001,48251408_37_1774870625,18,1,pick,女娲
2026033001,48251408_37_1774870625,19,2,pick,白起
2026033001,48251408_36_1774868725,0,1,ban,大禹
2026033001,48251408_36_1774868725,1,2,ban,敖隐
2026033001,48251408_36_1774868725,2,1,ban,狄仁杰
2026033001,48251408_36_1774868725,3,2,ban,鲁班大师
2026033001,48251408_36_1774868725,4,1,pick,盾山
2026033001,48251408_36_1774868725,5,2,pick,蚩奼
2026033001,48251408_36_1774868725,6,2,pick,苏烈
2026033001,48251408_36_1774868725,7,1,pick,艾琳
2026033001,48251408_36_1774868725,8,1,pick,沈梦溪
2026033001,48251408_36_1774868725,9,2,pick,关羽
2026033001,48251408_36_1774868725,10,2,ban,元流之子(坦克)
2026033001,48251408_36_1774868725,11,1,ban,海月
2026033001,48251408_36_1774868725,12,2,ban,大司命
2026033001,48251408_36_1774868725,13,1,ban,不知火舞
2026033001,48251408_36_1774868725,14,2,ban,曹操
2026033001,48251408_36_1774868725,15,1,ban,云缨
2026033001,48251408_36_1774868725,16,2,pick,武则天
2026033001,48251408_36_1774868725,17,1,pick,姬小满
2026033001,48251408_36_1774868725,18,1,pick,橘右京
2026033001,48251408_36_1774868725,19,2,pick,哪吒
2026031302,434127376_3_1773405218,0,1,ban,鲁班大师
2026031302,434127376_3_1773405218,1,2,ban,盾山
2026031302,434127376_3_1773405218,2,1,ban,女娲
2026031302,434127376_3_1773405218,3,2,ban,苏烈
2026031302,434127376_3_1773405218,4,1,pick,沈梦溪
2026031302,434127376_3_1773405218,5,2,pick,敖隐
2026031302,434127376_3_1773405218,6,2,pick,少司缘
2026031302,434127376_3_1773405218,7,1,pick,马超
2026031302,434127376_3_1773405218,8,1,pick,张飞
2026031302,434127376_3_1773405218,9,2,pick,狂铁
2026031302,434127376_3_1773405218,10,2,ban,后羿
2026031302,434127376_3_1773405218,11,1,ban,云缨
2026031302,434127376_3_1773405218,12,2,ban,公孙离
2026031302,434127376_3_1773405218,13,1,ban,橘右京
2026031302,434127376_3_1773405218,14,2,ban,大司命
2026031302,434127376_3_1773405218,15,1,ban,不知火舞
2026031302,434127376_3_1773405218,16,2,pick,小乔
2026031302,434127376_3_1773405218,17,1,pick,元流之子(射手)
2026031302,434127376_3_1773405218,18,1,pick,阿古朵
2026031302,434127376_3_1773405218,19,2,pick,杨戬
2026031302,434127376_5_1773408734,0,1,ban,盾山
2026031302,434127376_5_1773408734,1,2,ban,沈梦溪
2026031302,434127376_5_1773408734,2,1,ban,敖隐
2026031302,434127376_5_1773408734,3,2,ban,鲁班大师
2026031302,434127376_5_1773408734,4,1,pick,苏烈
2026031302,434127376_5_1773408734,5,2,pick,苍
2026031302,434127376_5_1773408734,6,2,pick,狂铁
2026031302,434127376_5_1773408734,7,1,pick,云缨
2026031302,434127376_5_1773408734,8,1,pick,戈娅
2026031302,434127376_5_1773408734,9,2,pick,裴擒虎
2026031302,434127376_5_1773408734,10,2,ban,夏洛特
2026031302,434127376_5_1773408734,11,1,ban,小乔
2026031302,434127376_5_1773408734,12,2,ban,吕布
2026031302,434127376_5_1773408734,13,1,ban,大禹
2026031302,434127376_5_1773408734,14,2,ban,不知火舞
2026031302,434127376_5_1773408734,15,1,ban,女娲
2026031302,434127376_5_1773408734,16,2,pick,东皇太一
2026031302,434127376_5_1773408734,17,1,pick,影
2026031302,434127376_5_1773408734,18,1,pick,嬴政
2026031302,434127376_5_1773408734,19,2,pick,安琪拉
2026032203,48251408_40_1774189547,0,1,ban,鲁班大师
2026032203,48251408_40_1774189547,1,2,ban,太乙真人
2026032203,48251408_40_1774189547,2,1,ban,盾山
2026032203,48251408_40_1774189547,3,2,ban,戈娅
2026032203,48251408_40_1774189547,4,1,pick,司空震
2026032203,48251408_40_1774189547,5,2,pick,沈梦溪
2026032203,48251408_40_1774189547,6,2,pick,蚩奼
2026032203,48251408_40_1774189547,7,1,pick,孙权
2026032203,48251408_40_1774189547,8,1,pick,不知火舞
2026032203,48251408_40_1774189547,9,2,pick,镜
2026032203,48251408_40_1774189547,10,2,ban,苏烈
2026032203,48251408_40_1774189547,11,1,ban,赵怀真
2026032203,48251408_40_1774189547,12,2,ban,东皇太一
2026032203,48251408_40_1774189547,13,1,ban,老夫子
2026032203,48251408_40_1774189547,14,2,ban,张飞
2026032203,48251408_40_1774189547,15,1,ban,蒙恬
2026032203,48251408_40_1774189547,16,2,pick,少司缘
2026032203,48251408_40_1774189547,17,1,pick,大司命
2026032203,48251408_40_1774189547,18,1,pick,大禹
2026032203,48251408_40_1774189547,19,2,pick,达摩
2026032601,48251408_7_1774531324,0,1,ban,盾山
2026032601,48251408_7_1774531324,1,2,ban,戈娅
2026032601,48251408_7_1774531324,2,1,ban,元流之子(辅助)
2026032601,48251408_7_1774531324,3,2,ban,鲁班大师
2026032601,48251408_7_1774531324,4,1,pick,狂铁
2026032601,48251408_7_1774531324,5,2,pick,曹操
2026032601,48251408_7_1774531324,6,2,pick,艾琳
2026032601,48251408_7_1774531324,7,1,pick,公孙离
2026032601,48251408_7_1774531324,8,1,pick,大司命
2026032601,48251408_7_1774531324,9,2,pick,海月
2026032601,48251408_7_1774531324,10,2,ban,武则天
2026032601,48251408_7_1774531324,11,1,ban,阿古朵
2026032601,48251408_7_1774531324,12,2,ban,太乙真人
2026032601,48251408_7_1774531324,13,1,ban,元流之子(坦克)
2026032601,48251408_7_1774531324,14,2,ban,张良
2026032601,48251408_7_1774531324,15,1,ban,赵怀真
2026032601,48251408_7_1774531324,16,2,pick,廉颇
2026032601,48251408_7_1774531324,17,1,pick,安琪拉
2026032601,48251408_7_1774531324,18,1,pick,孙膑
2026032601,48251408_7_1774531324,19,2,pick,裴擒虎
2026032901,48251408_26_1774783279,0,1,ban,敖隐
2026032901,48251408_26_1774783279,1,2,ban,苏烈
2026032901,48251408_26_1774783279,2,1,ban,海月
2026032901,48251408_26_1774783279,3,2,ban,蚩奼
2026032901,48251408_26_1774783279,4,1,pick,鲁班大师
2026032901,48251408_26_1774783279,5,2,pick,夏侯惇
2026032901,48251408_26_1774783279,6,2,pick,司空震
2026032901,48251408_26_1774783279,7,1,pick,武则天
2026032901,48251408_26_1774783279,8,1,pick,杨戬
2026032901,48251408_26_1774783279,9,2,pick,甄姬
2026032901,48251408_26_1774783279,10,2,ban,戈娅
2026032901,48251408_26_1774783279,11,1,ban,西施
2026032901,48251408_26_1774783279,12,2,ban,元流之子(射手)
2026032901,48251408_26_1774783279,13,1,ban,小乔
2026032901,48251408_26_1774783279,14,2,ban,达摩
2026032901,48251408_26_1774783279,15,1,ban,不知火舞
2026032901,48251408_26_1774783279,16,2,pick,狄仁杰
2026032901,48251408_26_1774783279,17,1,pick,狂铁
2026032901,48251408_26_1774783279,18,1,pick,鲁班七号
2026032901,48251408_26_1774783279,19,2,pick,盾山
2026033001,48251408_41_1774878883,0,2,pick,曹操
2026033001,48251408_41_1774878883,1,2,pick,大司命
2026033001,48251408_41_1774878883,2,2,pick,敖隐
2026033001,48251408_41_1774878883,3,2,pick,鲁班大师
2026033001,48251408_41_1774878883,4,2,pick,沈梦溪
2026033001,48251408_41_1774878883,5,1,pick,司空震
2026033001,48251408_41_1774878883,6,1,pick,元流之子(坦克)
2026032901,48251408_24_1774780478,0,1,ban,海月
2026032901,48251408_24_1774780478,1,2,ban,蚩奼
2026032901,48251408_24_1774780478,2,1,ban,元流之子(坦克)
2026032901,48251408_24_1774780478,3,2,ban,鲁班大师
2026032901,48251408_24_1774780478,4,1,pick,敖隐
2026032901,48251408_24_1774780478,5,2,pick,苏烈
2026032901,48251408_24_1774780478,6,2,pick,沈梦溪
2026032901,48251408_24_1774780478,7,1,pick,大司命
2026032901,48251408_24_1774780478,8,1,pick,关羽
2026032901,48251408_24_1774780478,9,2,pick,云缨
2026032901,48251408_24_1774780478,10,2,ban,张飞
2026032901,48251408_24_1774780478,11,1,ban,苍
2026032901,48251408_24_1774780478,12,2,ban,张良
2026032901,48251408_24_1774780478,13,1,ban,马超
2026032901,48251408_24_1774780478,14,2,ban,嫦娥
2026032901,48251408_24_1774780478,15,1,ban,公孙离
2026032901,48251408_24_1774780478,16,2,pick,艾琳
2026032901,48251408_24_1774780478,17,1,pick,安琪拉
2026032901,48251408_24_1774780478,18,1,pick,少司缘
2026032901,48251408_24_1774780478,19,2,pick,达摩
2026032901,48251408_29_1774788387,0,1,ban,苏烈
2026032901,48251408_29_1774788387,1,2,ban,鲁班大师
2026032901,48251408_29_1774788387,2,1,ban,蚩奼
2026032901,48251408_29_1774788387,3,2,ban,大司命
2026032901,48251408_29_1774788387,4,1,pick,元流之子(坦克)
2026032901,48251408_29_1774788387,5,2,pick,夏侯惇
2026032901,48251408_29_1774788387,6,2,pick,戈娅
2026032901,48251408_29_1774788387,7,1,pick,苍
2026032901,48251408_29_1774788387,8,1,pick,关羽
2026032901,48251408_29_1774788387,9,2,pick,马超
2026032901,48251408_29_1774788387,10,2,ban,少司缘
2026032901,48251408_29_1774788387,11,1,ban,女娲
2026032901,48251408_29_1774788387,12,2,ban,张良
2026032901,48251408_29_1774788387,13,1,ban,沈梦溪
2026032901,48251408_29_1774788387,14,2,ban,武则天
2026032901,48251408_29_1774788387,15,1,ban,朵莉亚
2026032901,48251408_29_1774788387,16,2,pick,赵怀真
2026032901,48251408_29_1774788387,17,1,pick,钟馗
2026032901,48251408_29_1774788387,18,1,pick,安琪拉
2026032901,48251408_29_1774788387,19,2,pick,海诺
2026032701,48251408_11_1774607636,0,1,ban,元流之子(辅助)
2026032701,48251408_11_1774607636,1,2,ban,艾琳
2026032701,48251408_11_1774607636,2,1,ban,盾山
2026032701,48251408_11_1774607636,3,2,ban,杨戬
2026032701,48251408_11_1774607636,4,1,pick,鲁班大师
2026032701,48251408_11_1774607636,5,2,pick,沈梦溪
2026032701,48251408_11_1774607636,6,2,pick,敖隐
2026032701,48251408_11_1774607636,7,1,pick,橘右京
2026032701,48251408_11_1774607636,8,1,pick,狂铁
2026032701,48251408_11_1774607636,9,2,pick,关羽
2026032701,48251408_11_1774607636,10,2,ban,不知火舞
2026032701,48251408_11_1774607636,11,1,ban,赵怀真
2026032701,48251408_11_1774607636,12,2,ban,海月
2026032701,48251408_11_1774607636,13,1,ban,夏侯惇
2026032701,48251408_11_1774607636,14,2,ban,嫦娥
2026032701,48251408_11_1774607636,15,1,ban,庄周
2026032701,48251408_11_1774607636,16,2,pick,廉颇
2026032701,48251408_11_1774607636,17,1,pick,虞姬
2026032701,48251408_11_1774607636,18,1,pick,武则天
2026032701,48251408_11_1774607636,19,2,pick,云缨
2026032901,48251408_31_1774792423,0,2,pick,沈梦溪
2026032901,48251408_31_1774792423,1,1,pick,夏洛特
2026032901,48251408_31_1774792423,2,1,pick,大司命
2026032901,48251408_31_1774792423,3,1,pick,敖隐
2026032901,48251408_31_1774792423,4,2,pick,曹操
2026032901,48251408_31_1774792423,5,1,pick,鲁班大师
2026032901,48251408_31_1774792423,6,2,pick,盾山
2026033001,48251408_40_1774876912,0,1,ban,敖隐
2026033001,48251408_40_1774876912,1,2,ban,盾山
2026033001,48251408_40_1774876912,2,1,ban,阿古朵
2026033001,48251408_40_1774876912,3,2,ban,鲁班大师
2026033001,48251408_40_1774876912,4,1,pick,海月
2026033001,48251408_40_1774876912,5,2,pick,武则天
2026033001,48251408_40_1774876912,6,2,pick,张飞
2026033001,48251408_40_1774876912,7,1,pick,公孙离
2026033001,48251408_40_1774876912,8,1,pick,墨子
2026033001,48251408_40_1774876912,9,2,pick,夏洛特
2026033001,48251408_40_1774876912,10,2,ban,司空震
2026033001,48251408_40_1774876912,11,1,ban,后羿
2026033001,48251408_40_1774876912,12,2,ban,元流之子(坦克)
2026033001,48251408_40_1774876912,13,1,ban,虞姬
2026033001,48251408_40_1774876912,14,2,ban,达摩
2026033001,48251408_40_1774876912,15,1,ban,云缨
2026033001,48251408_40_1774876912,16,2,pick,狄仁杰
2026033001,48251408_40_1774876912,17,1,pick,吕布
2026033001,48251408_40_1774876912,18,1,pick,裴擒虎
2026033001,48251408_40_1774876912,19,2,pick,曜
2026031301,48251408_11_1773392471,0,1,ban,镜
2026031301,48251408_11_1773392471,1,2,ban,鲁班大师
2026031301,48251408_11_1773392471,2,1,ban,大司命
2026031301,48251408_11_1773392471,3,2,ban,沈梦溪
2026031301,48251408_11_1773392471,4,1,pick,盾山
2026031301,48251408_11_1773392471,5,2,pick,孙尚香
2026031301,48251408_11_1773392471,6,2,pick,太乙真人
2026031301,48251408_11_1773392471,7,1,pick,曹操
2026031301,48251408_11_1773392471,8,1,pick,女娲
2026031301,48251408_11_1773392471,9,2,pick,西施
2026031301,48251408_11_1773392471,10,2,ban,敖隐
2026031301,48251408_11_1773392471,11,1,ban,关羽
2026031301,48251408_11_1773392471,12,2,ban,狄仁杰
2026031301,48251408_11_1773392471,13,1,ban,马超
2026031301,48251408_11_1773392471,14,2,ban,蚩奼
2026031301,48251408_11_1773392471,15,1,ban,哪吒
2026031301,48251408_11_1773392471,16,2,pick,狂铁
2026031301,48251408_11_1773392471,17,1,pick,艾琳
2026031301,48251408_11_1773392471,18,1,pick,夏侯惇
2026031301,48251408_11_1773392471,19,2,pick,云缨
2026031301,48251408_13_1773396653,0,1,ban,沈梦溪
2026031301,48251408_13_1773396653,1,2,ban,盾山
2026031301,48251408_13_1773396653,2,1,ban,敖隐
2026031301,48251408_13_1773396653,3,2,ban,蚩奼
2026031301,48251408_13_1773396653,4,1,pick,鲁班大师
2026031301,48251408_13_1773396653,5,2,pick,元流之子(辅助)
2026031301,48251408_13_1773396653,6,2,pick,狄仁杰
2026031301,48251408_13_1773396653,7,1,pick,王昭君
2026031301,48251408_13_1773396653,8,1,pick,杨戬
2026031301,48251408_13_1773396653,9,2,pick,嬴政
2026031301,48251408_13_1773396653,10,2,ban,马超
2026031301,48251408_13_1773396653,11,1,ban,云缨
2026031301,48251408_13_1773396653,12,2,ban,曹操
2026031301,48251408_13_1773396653,13,1,ban,镜
2026031301,48251408_13_1773396653,14,2,ban,老夫子
2026031301,48251408_13_1773396653,15,1,ban,关羽
2026031301,48251408_13_1773396653,16,2,pick,夏洛特
2026031301,48251408_13_1773396653,17,1,pick,戈娅
2026031301,48251408_13_1773396653,18,1,pick,影
2026031301,48251408_13_1773396653,19,2,pick,猪八戒
2026032901,48251408_30_1774790485,0,1,ban,苏烈
2026032901,48251408_30_1774790485,1,2,ban,鲁班大师
2026032901,48251408_30_1774790485,2,1,ban,盾山
2026032901,48251408_30_1774790485,3,2,ban,大司命
2026032901,48251408_30_1774790485,4,1,pick,戈娅
2026032901,48251408_30_1774790485,5,2,pick,蚩奼
2026032901,48251408_30_1774790485,6,2,pick,女娲
2026032901,48251408_30_1774790485,7,1,pick,不知火舞
2026032901,48251408_30_1774790485,8,1,pick,哪吒
2026032901,48251408_30_1774790485,9,2,pick,元流之子(坦克)
2026032901,48251408_30_1774790485,10,2,ban,狂铁
2026032901,48251408_30_1774790485,11,1,ban,大乔
2026032901,48251408_30_1774790485,12,2,ban,白起
2026032901,48251408_30_1774790485,13,1,ban,司空震
2026032901,48251408_30_1774790485,14,2,ban,夏洛特
2026032901,48251408_30_1774790485,15,1,ban,曹操
2026032901,48251408_30_1774790485,16,2,pick,影
2026032901,48251408_30_1774790485,17,1,pick,东皇太一
2026032901,48251408_30_1774790485,18,1,pick,吕布
2026032901,48251408_30_1774790485,19,2,pick,墨子
2026031301,48251408_14_1773398451,0,1,ban,盾山
2026031301,48251408_14_1773398451,1,2,ban,敖隐
2026031301,48251408_14_1773398451,2,1,ban,苏烈
2026031301,48251408_14_1773398451,3,2,ban,鲁班大师
2026031301,48251408_14_1773398451,4,1,pick,少司缘
2026031301,48251408_14_1773398451,5,2,pick,大禹
2026031301,48251408_14_1773398451,6,2,pick,蚩奼
2026031301,48251408_14_1773398451,7,1,pick,孙权
2026031301,48251408_14_1773398451,8,1,pick,沈梦溪
2026031301,48251408_14_1773398451,9,2,pick,镜
2026031301,48251408_14_1773398451,10,2,ban,大司命
2026031301,48251408_14_1773398451,11,1,ban,蒙恬
2026031301,48251408_14_1773398451,12,2,ban,狂铁
2026031301,48251408_14_1773398451,13,1,ban,关羽
2026031301,48251408_14_1773398451,14,2,ban,司空震
2026031301,48251408_14_1773398451,15,1,ban,海月
2026031301,48251408_14_1773398451,16,2,pick,嫦娥
2026031301,48251408_14_1773398451,17,1,pick,影
2026031301,48251408_14_1773398451,18,1,pick,云缨
2026031301,48251408_14_1773398451,19,2,pick,老夫子
2026032701,48251408_14_1774613524,0,1,ban,鲁班大师
2026032701,48251408_14_1774613524,1,2,ban,盾山
2026032701,48251408_14_1774613524,2,1,ban,狂铁
2026032701,48251408_14_1774613524,3,2,ban,关羽
2026032701,48251408_14_1774613524,4,1,pick,戈娅
2026032701,48251408_14_1774613524,5,2,pick,王昭君
2026032701,48251408_14_1774613524,6,2,pick,张良
2026032701,48251408_14_1774613524,7,1,pick,影
2026032701,48251408_14_1774613524,8,1,pick,铠
2026032701,48251408_14_1774613524,9,2,pick,马超
2026032701,48251408_14_1774613524,10,2,ban,张飞
2026032701,48251408_14_1774613524,11,1,ban,橘右京
2026032701,48251408_14_1774613524,12,2,ban,海月
2026032701,48251408_14_1774613524,13,1,ban,镜
2026032701,48251408_14_1774613524,14,2,ban,少司缘
2026032701,48251408_14_1774613524,15,1,ban,哪吒
2026032701,48251408_14_1774613524,16,2,pick,苍
2026032701,48251408_14_1774613524,17,1,pick,庄周
2026032701,48251408_14_1774613524,18,1,pick,小乔
2026032701,48251408_14_1774613524,19,2,pick,蒙恬
2026040101,48251408_55_1775041526,0,1,ban,敖隐
2026040101,48251408_55_1775041526,1,2,ban,鲁班大师
2026040101,48251408_55_1775041526,2,1,ban,张良
2026040101,48251408_55_1775041526,3,2,ban,盾山
2026040101,48251408_55_1775041526,4,1,pick,少司缘
2026040101,48251408_55_1775041526,5,2,pick,大禹
2026040101,48251408_55_1775041526,6,2,pick,小乔
2026040101,48251408_55_1775041526,7,1,pick,狂铁
2026040101,48251408_55_1775041526,8,1,pick,苍
2026040101,48251408_55_1775041526,9,2,pick,白起
2026040101,48251408_55_1775041526,10,2,ban,沈梦溪
2026040101,48251408_55_1775041526,11,1,ban,橘右京
2026040101,48251408_55_1775041526,12,2,ban,大司命
2026040101,48251408_55_1775041526,13,1,ban,戈娅
2026040101,48251408_55_1775041526,14,2,ban,杨戬
2026040101,48251408_55_1775041526,15,1,ban,蚩奼
2026040101,48251408_55_1775041526,16,2,pick,艾琳
2026040101,48251408_55_1775041526,17,1,pick,海诺
2026040101,48251408_55_1775041526,18,1,pick,云缨
2026040101,48251408_55_1775041526,19,2,pick,裴擒虎
2026040101,48251408_56_1775043169,0,1,ban,敖隐
2026040101,48251408_56_1775043169,1,2,ban,鲁班大师
2026040101,48251408_56_1775043169,2,1,ban,关羽
2026040101,48251408_56_1775043169,3,2,ban,盾山
2026040101,48251408_56_1775043169,4,1,pick,戈娅
2026040101,48251408_56_1775043169,5,2,pick,夏洛特
2026040101,48251408_56_1775043169,6,2,pick,孙权
2026040101,48251408_56_1775043169,7,1,pick,王昭君
2026040101,48251408_56_1775043169,8,1,pick,张良
2026040101,48251408_56_1775043169,9,2,pick,庄周
2026040101,48251408_56_1775043169,10,2,ban,司空震
2026040101,48251408_56_1775043169,11,1,ban,海月
2026040101,48251408_56_1775043169,12,2,ban,镜
2026040101,48251408_56_1775043169,13,1,ban,女娲
2026040101,48251408_56_1775043169,14,2,ban,大司命
2026040101,48251408_56_1775043169,15,1,ban,武则天
2026040101,48251408_56_1775043169,16,2,pick,铠
2026040101,48251408_56_1775043169,17,1,pick,橘右京
2026040101,48251408_56_1775043169,18,1,pick,马超
2026040101,48251408_56_1775043169,19,2,pick,不知火舞
2026032901,48251408_28_1774786736,0,1,ban,鲁班大师
2026032901,48251408_28_1774786736,1,2,ban,苏烈
2026032901,48251408_28_1774786736,2,1,ban,关羽
2026032901,48251408_28_1774786736,3,2,ban,盾山
2026032901,48251408_28_1774786736,4,1,pick,苍
2026032901,48251408_28_1774786736,5,2,pick,张飞
2026032901,48251408_28_1774786736,6,2,pick,敖隐
2026032901,48251408_28_1774786736,7,1,pick,王昭君
2026032901,48251408_28_1774786736,8,1,pick,张良
2026032901,48251408_28_1774786736,9,2,pick,海月
2026032901,48251408_28_1774786736,10,2,ban,夏侯惇
2026032901,48251408_28_1774786736,11,1,ban,白起
2026032901,48251408_28_1774786736,12,2,ban,元流之子(坦克)
2026032901,48251408_28_1774786736,13,1,ban,孙策
2026032901,48251408_28_1774786736,14,2,ban,阿古朵
2026032901,48251408_28_1774786736,15,1,ban,铠
2026032901,48251408_28_1774786736,16,2,pick,裴擒虎
2026032901,48251408_28_1774786736,17,1,pick,达摩
2026032901,48251408_28_1774786736,18,1,pick,云缨
2026032901,48251408_28_1774786736,19,2,pick,蒙恬
2026032701,48251408_15_1774615151,0,1,ban,鲁班大师
2026032701,48251408_15_1774615151,1,2,ban,盾山
2026032701,48251408_15_1774615151,2,1,ban,狂铁
2026032701,48251408_15_1774615151,3,2,ban,元流之子(坦克)
2026032701,48251408_15_1774615151,4,1,pick,少司缘
2026032701,48251408_15_1774615151,5,2,pick,大禹
2026032701,48251408_15_1774615151,6,2,pick,司空震
2026032701,48251408_15_1774615151,7,1,pick,杨戬
2026032701,48251408_15_1774615151,8,1,pick,公孙离
2026032701,48251408_15_1774615151,9,2,pick,女娲
2026032701,48251408_15_1774615151,10,2,ban,沈梦溪
2026032701,48251408_15_1774615151,11,1,ban,铠
2026032701,48251408_15_1774615151,12,2,ban,不知火舞
2026032701,48251408_15_1774615151,13,1,ban,橘右京
2026032701,48251408_15_1774615151,14,2,ban,关羽
2026032701,48251408_15_1774615151,15,1,ban,镜
2026032701,48251408_15_1774615151,16,2,pick,狄仁杰
2026032701,48251408_15_1774615151,17,1,pick,老夫子
2026032701,48251408_15_1774615151,18,1,pick,嬴政
2026032701,48251408_15_1774615151,19,2,pick,暃
2026031301,48251408_12_1773394771,0,1,ban,元流之子(辅助)
2026031301,48251408_12_1773394771,1,2,ban,鲁班大师
2026031301,48251408_12_1773394771,2,1,ban,盾山
2026031301,48251408_12_1773394771,3,2,ban,张飞
2026031301,48251408_12_1773394771,4,1,pick,苏烈
2026031301,48251408_12_1773394771,5,2,pick,敖隐
2026031301,48251408_12_1773394771,6,2,pick,沈梦溪
2026031301,48251408_12_1773394771,7,1,pick,马超
2026031301,48251408_12_1773394771,8,1,pick,小乔
2026031301,48251408_12_1773394771,9,2,pick,元流之子(坦克)
2026031301,48251408_12_1773394771,10,2,ban,阿古朵
2026031301,48251408_12_1773394771,11,1,ban,蚩奼
2026031301,48251408_12_1773394771,12,2,ban,大司命
2026031301,48251408_12_1773394771,13,1,ban,夏洛特
2026031301,48251408_12_1773394771,14,2,ban,裴擒虎
2026031301,48251408_12_1773394771,15,1,ban,老夫子
2026031301,48251408_12_1773394771,16,2,pick,司空震
2026031301,48251408_12_1773394771,17,1,pick,杨戬
2026031301,48251408_12_1773394771,18,1,pick,苍
2026031301,48251408_12_1773394771,19,2,pick,大乔
2026040101,48251408_57_1775045204,0,1,ban,鲁班大师
2026040101,48251408_57_1775045204,1,2,ban,盾山
2026040101,48251408_57_1775045204,2,1,ban,沈梦溪
2026040101,48251408_57_1775045204,3,2,ban,少司缘
2026040101,48251408_57_1775045204,4,1,pick,戈娅
2026040101,48251408_57_1775045204,5,2,pick,孙权
2026040101,48251408_57_1775045204,6,2,pick,大禹
2026040101,48251408_57_1775045204,7,1,pick,张飞
2026040101,48251408_57_1775045204,8,1,pick,女娲
2026040101,48251408_57_1775045204,9,2,pick,嬴政
2026040101,48251408_57_1775045204,10,2,ban,曹操
2026040101,48251408_57_1775045204,11,1,ban,哪吒
2026040101,48251408_57_1775045204,12,2,ban,阿古朵
2026040101,48251408_57_1775045204,13,1,ban,白起
2026040101,48251408_57_1775045204,14,2,ban,马超
2026040101,48251408_57_1775045204,15,1,ban,夏洛特
2026040101,48251408_57_1775045204,16,2,pick,关羽
2026040101,48251408_57_1775045204,17,1,pick,姬小满
2026040101,48251408_57_1775045204,18,1,pick,橘右京
2026040101,48251408_57_1775045204,19,2,pick,大司命
2026032701,48251408_12_1774609577,0,1,ban,鲁班大师
2026032701,48251408_12_1774609577,1,2,ban,敖隐
2026032701,48251408_12_1774609577,2,1,ban,曹操
2026032701,48251408_12_1774609577,3,2,ban,沈梦溪
2026032701,48251408_12_1774609577,4,1,pick,蚩奼
2026032701,48251408_12_1774609577,5,2,pick,盾山
2026032701,48251408_12_1774609577,6,2,pick,艾琳
2026032701,48251408_12_1774609577,7,1,pick,女娲
2026032701,48251408_12_1774609577,8,1,pick,苏烈
2026032701,48251408_12_1774609577,9,2,pick,不知火舞
2026032701,48251408_12_1774609577,10,2,ban,云缨
2026032701,48251408_12_1774609577,11,1,ban,狂铁
2026032701,48251408_12_1774609577,12,2,ban,阿古朵
2026032701,48251408_12_1774609577,13,1,ban,元流之子(坦克)
2026032701,48251408_12_1774609577,14,2,ban,关羽
2026032701,48251408_12_1774609577,15,1,ban,大司命
2026032701,48251408_12_1774609577,16,2,pick,夏侯惇
2026032701,48251408_12_1774609577,17,1,pick,达摩
2026032701,48251408_12_1774609577,18,1,pick,镜
2026032701,48251408_12_1774609577,19,2,pick,夏洛特
2026040101,48251408_58_1775046573,0,1,ban,敖隐
2026040101,48251408_58_1775046573,1,2,ban,鲁班大师
2026040101,48251408_58_1775046573,2,1,ban,张良
2026040101,48251408_58_1775046573,3,2,ban,盾山
2026040101,48251408_58_1775046573,4,1,pick,蚩奼
2026040101,48251408_58_1775046573,5,2,pick,孙尚香
2026040101,48251408_58_1775046573,6,2,pick,太乙真人
2026040101,48251408_58_1775046573,7,1,pick,苏烈
2026040101,48251408_58_1775046573,8,1,pick,沈梦溪
2026040101,48251408_58_1775046573,9,2,pick,大司命
2026040101,48251408_58_1775046573,10,2,ban,阿古朵
2026040101,48251408_58_1775046573,11,1,ban,曹操
2026040101,48251408_58_1775046573,12,2,ban,哪吒
2026040101,48251408_58_1775046573,13,1,ban,嫦娥
2026040101,48251408_58_1775046573,14,2,ban,镜
2026040101,48251408_58_1775046573,15,1,ban,海月
2026040101,48251408_58_1775046573,16,2,pick,安琪拉
2026040101,48251408_58_1775046573,17,1,pick,达摩
2026040101,48251408_58_1775046573,18,1,pick,裴擒虎
2026040101,48251408_58_1775046573,19,2,pick,狂铁
2026040501,48251408_86_1775392182,0,1,ban,苏烈
2026040501,48251408_86_1775392182,1,2,ban,鲁班大师
2026040501,48251408_86_1775392182,2,1,ban,张良
2026040501,48251408_86_1775392182,3,2,ban,盾山
2026040501,48251408_86_1775392182,4,1,pick,少司缘
2026040501,48251408_86_1775392182,5,2,pick,敖隐
2026040501,48251408_86_1775392182,6,2,pick,海月
2026040501,48251408_86_1775392182,7,1,pick,苍
2026040501,48251408_86_1775392182,8,1,pick,大司命
2026040501,48251408_86_1775392182,9,2,pick,狂铁
2026040501,48251408_86_1775392182,10,2,ban,吕布
2026040501,48251408_86_1775392182,11,1,ban,裴擒虎
2026040501,48251408_86_1775392182,12,2,ban,夏洛特
2026040501,48251408_86_1775392182,13,1,ban,朵莉亚
2026040501,48251408_86_1775392182,14,2,ban,马超
2026040501,48251408_86_1775392182,15,1,ban,元流之子(辅助)
2026040501,48251408_86_1775392182,16,2,pick,娜可露露
2026040501,48251408_86_1775392182,17,1,pick,甄姬
2026040501,48251408_86_1775392182,18,1,pick,影
2026040501,48251408_86_1775392182,19,2,pick,钟馗
2026040501,48251408_87_1775394839,0,1,ban,沈梦溪
2026040501,48251408_87_1775394839,1,2,ban,鲁班大师
2026040501,48251408_87_1775394839,2,1,ban,苏烈
2026040501,48251408_87_1775394839,3,2,ban,盾山
2026040501,48251408_87_1775394839,4,1,pick,戈娅
2026040501,48251408_87_1775394839,5,2,pick,公孙离
2026040501,48251408_87_1775394839,6,2,pick,少司缘
2026040501,48251408_87_1775394839,7,1,pick,朵莉亚
2026040501,48251408_87_1775394839,8,1,pick,夏侯惇
2026040501,48251408_87_1775394839,9,2,pick,武则天
2026040501,48251408_87_1775394839,10,2,ban,小乔
2026040501,48251408_87_1775394839,11,1,ban,司空震
2026040501,48251408_87_1775394839,12,2,ban,不知火舞
2026040501,48251408_87_1775394839,13,1,ban,露娜
2026040501,48251408_87_1775394839,14,2,ban,女娲
2026040501,48251408_87_1775394839,15,1,ban,镜
2026040501,48251408_87_1775394839,16,2,pick,蒙恬
2026040501,48251408_87_1775394839,17,1,pick,姜子牙
2026040501,48251408_87_1775394839,18,1,pick,夏洛特
2026040501,48251408_87_1775394839,19,2,pick,裴擒虎
2026032202,836780560_12_1774171890,0,1,ban,敖隐
2026032202,836780560_12_1774171890,1,2,ban,盾山
2026032202,836780560_12_1774171890,2,1,ban,海月
2026032202,836780560_12_1774171890,3,2,ban,鲁班大师
2026032202,836780560_12_1774171890,4,1,pick,蚩奼
2026032202,836780560_12_1774171890,5,2,pick,张飞
2026032202,836780560_12_1774171890,6,2,pick,曹操
2026032202,836780560_12_1774171890,7,1,pick,小乔
2026032202,836780560_12_1774171890,8,1,pick,少司缘
2026032202,836780560_12_1774171890,9,2,pick,沈梦溪
2026032202,836780560_12_1774171890,10,2,ban,关羽
2026032202,836780560_12_1774171890,11,1,ban,公孙离
2026032202,836780560_12_1774171890,12,2,ban,老夫子
2026032202,836780560_12_1774171890,13,1,ban,孙权
2026032202,836780560_12_1774171890,14,2,ban,狂铁
2026032202,836780560_12_1774171890,15,1,ban,艾琳
2026032202,836780560_12_1774171890,16,2,pick,虞姬
2026032202,836780560_12_1774171890,17,1,pick,夏侯惇
2026032202,836780560_12_1774171890,18,1,pick,夏洛特
2026032202,836780560_12_1774171890,19,2,pick,元流之子(坦克)
2026032701,48251408_13_1774611472,0,1,ban,盾山
2026032701,48251408_13_1774611472,1,2,ban,鲁班大师
2026032701,48251408_13_1774611472,2,1,ban,关羽
2026032701,48251408_13_1774611472,3,2,ban,狂铁
2026032701,48251408_13_1774611472,4,1,pick,戈娅
2026032701,48251408_13_1774611472,5,2,pick,张良
2026032701,48251408_13_1774611472,6,2,pick,王昭君
2026032701,48251408_13_1774611472,7,1,pick,庄周
2026032701,48251408_13_1774611472,8,1,pick,武则天
2026032701,48251408_13_1774611472,9,2,pick,夏侯惇
2026032701,48251408_13_1774611472,10,2,ban,阿古朵
2026032701,48251408_13_1774611472,11,1,ban,敖隐
2026032701,48251408_13_1774611472,12,2,ban,铠
2026032701,48251408_13_1774611472,13,1,ban,司空震
2026032701,48251408_13_1774611472,14,2,ban,梦奇
2026032701,48251408_13_1774611472,15,1,ban,孙权
2026032701,48251408_13_1774611472,16,2,pick,苍
2026032701,48251408_13_1774611472,17,1,pick,达摩
2026032701,48251408_13_1774611472,18,1,pick,大司命
2026032701,48251408_13_1774611472,19,2,pick,夏洛特
2026032202,836780560_13_1774173701,0,1,ban,关羽
2026032202,836780560_13_1774173701,1,2,ban,敖隐
2026032202,836780560_13_1774173701,2,1,ban,鲁班大师
2026032202,836780560_13_1774173701,3,2,ban,蚩奼
2026032202,836780560_13_1774173701,4,1,pick,盾山
2026032202,836780560_13_1774173701,5,2,pick,戈娅
2026032202,836780560_13_1774173701,6,2,pick,苏烈
2026032202,836780560_13_1774173701,7,1,pick,艾琳
2026032202,836780560_13_1774173701,8,1,pick,狂铁
2026032202,836780560_13_1774173701,9,2,pick,大司命
2026032202,836780560_13_1774173701,10,2,ban,阿古朵
2026032202,836780560_13_1774173701,11,1,ban,女娲
2026032202,836780560_13_1774173701,12,2,ban,海月
2026032202,836780560_13_1774173701,13,1,ban,不知火舞
2026032202,836780560_13_1774173701,14,2,ban,安琪拉
2026032202,836780560_13_1774173701,15,1,ban,曹操
2026032202,836780560_13_1774173701,16,2,pick,武则天
2026032202,836780560_13_1774173701,17,1,pick,铠
2026032202,836780560_13_1774173701,18,1,pick,甄姬
2026032202,836780560_13_1774173701,19,2,pick,马超
2026031302,434127376_2_1773403266,0,1,ban,关羽
2026031302,434127376_2_1773403266,1,2,ban,盾山
2026031302,434127376_2_1773403266,2,1,ban,鲁班大师
2026031302,434127376_2_1773403266,3,2,ban,阿古朵
2026031302,434127376_2_1773403266,4,1,pick,少司缘
2026031302,434127376_2_1773403266,5,2,pick,张良
2026031302,434127376_2_1773403266,6,2,pick,王昭君
2026031302,434127376_2_1773403266,7,1,pick,武则天
2026031302,434127376_2_1773403266,8,1,pick,戈娅
2026031302,434127376_2_1773403266,9,2,pick,马超
2026031302,434127376_2_1773403266,10,2,ban,铠
2026031302,434127376_2_1773403266,11,1,ban,哪吒
2026031302,434127376_2_1773403266,12,2,ban,白起
2026031302,434127376_2_1773403266,13,1,ban,敖隐
2026031302,434127376_2_1773403266,14,2,ban,影
2026031302,434127376_2_1773403266,15,1,ban,蚩奼
2026031302,434127376_2_1773403266,16,2,pick,大司命
2026031302,434127376_2_1773403266,17,1,pick,梦奇
2026031302,434127376_2_1773403266,18,1,pick,夏洛特
2026031302,434127376_2_1773403266,19,2,pick,孙权
2026040101,48251408_54_1775039663,0,1,ban,元流之子(辅助)
2026040101,48251408_54_1775039663,1,2,ban,盾山
2026040101,48251408_54_1775039663,2,1,ban,海月
2026040101,48251408_54_1775039663,3,2,ban,元流之子(射手)
2026040101,48251408_54_1775039663,4,1,pick,鲁班大师
2026040101,48251408_54_1775039663,5,2,pick,赵怀真
2026040101,48251408_54_1775039663,6,2,pick,敖隐
2026040101,48251408_54_1775039663,7,1,pick,元流之子(坦克)
2026040101,48251408_54_1775039663,8,1,pick,沈梦溪
2026040101,48251408_54_1775039663,9,2,pick,夏侯惇
2026040101,48251408_54_1775039663,10,2,ban,马超
2026040101,48251408_54_1775039663,11,1,ban,小乔
2026040101,48251408_54_1775039663,12,2,ban,鲁班七号
2026040101,48251408_54_1775039663,13,1,ban,安琪拉
2026040101,48251408_54_1775039663,14,2,ban,公孙离
2026040101,48251408_54_1775039663,15,1,ban,嬴政
2026040101,48251408_54_1775039663,16,2,pick,曹操
2026040101,48251408_54_1775039663,17,1,pick,司空震
2026040101,48251408_54_1775039663,18,1,pick,苍
2026040101,48251408_54_1775039663,19,2,pick,嫦娥
2026040401,48251408_77_1775302873,0,1,ban,苏烈
2026040401,48251408_77_1775302873,1,2,ban,盾山
2026040401,48251408_77_1775302873,2,1,ban,海月
2026040401,48251408_77_1775302873,3,2,ban,鲁班大师
2026040401,48251408_77_1775302873,4,1,pick,敖隐
2026040401,48251408_77_1775302873,5,2,pick,苍
2026040401,48251408_77_1775302873,6,2,pick,太乙真人
2026040401,48251408_77_1775302873,7,1,pick,夏洛特
2026040401,48251408_77_1775302873,8,1,pick,张飞
2026040401,48251408_77_1775302873,9,2,pick,狂铁
2026040401,48251408_77_1775302873,10,2,ban,哪吒
2026040401,48251408_77_1775302873,11,1,ban,沈梦溪
2026040401,48251408_77_1775302873,12,2,ban,不知火舞
2026040401,48251408_77_1775302873,13,1,ban,女娲
2026040401,48251408_77_1775302873,14,2,ban,镜
2026040401,48251408_77_1775302873,15,1,ban,武则天
2026040401,48251408_77_1775302873,16,2,pick,安琪拉
2026040401,48251408_77_1775302873,17,1,pick,甄姬
2026040401,48251408_77_1775302873,18,1,pick,橘右京
2026040401,48251408_77_1775302873,19,2,pick,宫本武藏
2026040401,48251408_76_1775301048,0,1,ban,盾山
2026040401,48251408_76_1775301048,1,2,ban,鲁班大师
2026040401,48251408_76_1775301048,2,1,ban,大司命
2026040401,48251408_76_1775301048,3,2,ban,狂铁
2026040401,48251408_76_1775301048,4,1,pick,敖隐
2026040401,48251408_76_1775301048,5,2,pick,苏烈
2026040401,48251408_76_1775301048,6,2,pick,苍
2026040401,48251408_76_1775301048,7,1,pick,张飞
2026040401,48251408_76_1775301048,8,1,pick,夏洛特
2026040401,48251408_76_1775301048,9,2,pick,沈梦溪
2026040401,48251408_76_1775301048,10,2,ban,嫦娥
2026040401,48251408_76_1775301048,11,1,ban,阿古朵
2026040401,48251408_76_1775301048,12,2,ban,海月
2026040401,48251408_76_1775301048,13,1,ban,曹操
2026040401,48251408_76_1775301048,14,2,ban,橘右京
2026040401,48251408_76_1775301048,15,1,ban,司空震
2026040401,48251408_76_1775301048,16,2,pick,裴擒虎
2026040401,48251408_76_1775301048,17,1,pick,云缨
2026040401,48251408_76_1775301048,18,1,pick,小乔
2026040401,48251408_76_1775301048,19,2,pick,达摩
2026040401,48251408_75_1775298728,0,1,ban,海月
2026040401,48251408_75_1775298728,1,2,ban,沈梦溪
2026040401,48251408_75_1775298728,2,1,ban,敖隐
2026040401,48251408_75_1775298728,3,2,ban,鲁班大师
2026040401,48251408_75_1775298728,4,1,pick,盾山
2026040401,48251408_75_1775298728,5,2,pick,小乔
2026040401,48251408_75_1775298728,6,2,pick,蚩奼
2026040401,48251408_75_1775298728,7,1,pick,不知火舞
2026040401,48251408_75_1775298728,8,1,pick,艾琳
2026040401,48251408_75_1775298728,9,2,pick,狂铁
2026040401,48251408_75_1775298728,10,2,ban,吕布
2026040401,48251408_75_1775298728,11,1,ban,钟馗
2026040401,48251408_75_1775298728,12,2,ban,关羽
2026040401,48251408_75_1775298728,13,1,ban,苏烈
2026040401,48251408_75_1775298728,14,2,ban,橘右京
2026040401,48251408_75_1775298728,15,1,ban,墨子
2026040401,48251408_75_1775298728,16,2,pick,云缨
2026040401,48251408_75_1775298728,17,1,pick,大司命
2026040401,48251408_75_1775298728,18,1,pick,司空震
2026040401,48251408_75_1775298728,19,2,pick,赵怀真
2026040301,48251408_69_1775212484,0,1,ban,苏烈
2026040301,48251408_69_1775212484,1,2,ban,敖隐
2026040301,48251408_69_1775212484,2,1,ban,鲁班大师
2026040301,48251408_69_1775212484,3,2,ban,不知火舞
2026040301,48251408_69_1775212484,4,1,pick,盾山
2026040301,48251408_69_1775212484,5,2,pick,小乔
2026040301,48251408_69_1775212484,6,2,pick,蚩奼
2026040301,48251408_69_1775212484,7,1,pick,曹操
2026040301,48251408_69_1775212484,8,1,pick,艾琳
2026040301,48251408_69_1775212484,9,2,pick,关羽
2026040301,48251408_69_1775212484,10,2,ban,海月
2026040301,48251408_69_1775212484,11,1,ban,哪吒
2026040301,48251408_69_1775212484,12,2,ban,武则天
2026040301,48251408_69_1775212484,13,1,ban,赵怀真
2026040301,48251408_69_1775212484,14,2,ban,元流之子(坦克)
2026040301,48251408_69_1775212484,15,1,ban,镜
2026040301,48251408_69_1775212484,16,2,pick,钟馗
2026040301,48251408_69_1775212484,17,1,pick,铠
2026040301,48251408_69_1775212484,18,1,pick,金蝉
2026040301,48251408_69_1775212484,19,2,pick,大司命
2026040401,48251408_78_1775305013,0,1,ban,盾山
2026040401,48251408_78_1775305013,1,2,ban,鲁班大师
2026040401,48251408_78_1775305013,2,1,ban,大司命
2026040401,48251408_78_1775305013,3,2,ban,女娲
2026040401,48251408_78_1775305013,4,1,pick,戈娅
2026040401,48251408_78_1775305013,5,2,pick,公孙离
2026040401,48251408_78_1775305013,6,2,pick,大禹
2026040401,48251408_78_1775305013,7,1,pick,元流之子(坦克)
2026040401,48251408_78_1775305013,8,1,pick,少司缘
2026040401,48251408_78_1775305013,9,2,pick,夏侯惇
2026040401,48251408_78_1775305013,10,2,ban,关羽
2026040401,48251408_78_1775305013,11,1,ban,安琪拉
2026040401,48251408_78_1775305013,12,2,ban,沈梦溪
2026040401,48251408_78_1775305013,13,1,ban,姜子牙
2026040401,48251408_78_1775305013,14,2,ban,海月
2026040401,48251408_78_1775305013,15,1,ban,司空震
2026040401,48251408_78_1775305013,16,2,pick,曹操
2026040401,48251408_78_1775305013,17,1,pick,马超
2026040401,48251408_78_1775305013,18,1,pick,嫦娥
2026040401,48251408_78_1775305013,19,2,pick,武则天
2026041101,1054884368_33_1775904454,0,1,ban,鲁班大师
2026041101,1054884368_33_1775904454,1,2,ban,沈梦溪
2026041101,1054884368_33_1775904454,2,1,ban,张飞
2026041101,1054884368_33_1775904454,3,2,ban,苏烈
2026041101,1054884368_33_1775904454,4,1,pick,敖隐
2026041101,1054884368_33_1775904454,5,2,pick,苍
2026041101,1054884368_33_1775904454,6,2,pick,马超
2026041101,1054884368_33_1775904454,7,1,pick,少司缘
2026041101,1054884368_33_1775904454,8,1,pick,小乔
2026041101,1054884368_33_1775904454,9,2,pick,大禹
2026041101,1054884368_33_1775904454,10,2,ban,关羽
2026041101,1054884368_33_1775904454,11,1,ban,武则天
2026041101,1054884368_33_1775904454,12,2,ban,狂铁
2026041101,1054884368_33_1775904454,13,1,ban,西施
2026041101,1054884368_33_1775904454,14,2,ban,白起
2026041101,1054884368_33_1775904454,15,1,ban,安琪拉
2026041101,1054884368_33_1775904454,16,2,pick,海月
2026041101,1054884368_33_1775904454,17,1,pick,达摩
2026041101,1054884368_33_1775904454,18,1,pick,云缨
2026041101,1054884368_33_1775904454,19,2,pick,大司命
2026041101,1054884368_32_1775902337,0,1,ban,关羽
2026041101,1054884368_32_1775902337,1,2,ban,海月
2026041101,1054884368_32_1775902337,2,1,ban,大司命
2026041101,1054884368_32_1775902337,3,2,ban,夏洛特
2026041101,1054884368_32_1775902337,4,1,pick,沈梦溪
2026041101,1054884368_32_1775902337,5,2,pick,元流之子(坦克)
2026041101,1054884368_32_1775902337,6,2,pick,鲁班大师
2026041101,1054884368_32_1775902337,7,1,pick,狄仁杰
2026041101,1054884368_32_1775902337,8,1,pick,钟馗
2026041101,1054884368_32_1775902337,9,2,pick,戈娅
2026041101,1054884368_32_1775902337,10,2,ban,夏侯惇
2026041101,1054884368_32_1775902337,11,1,ban,不知火舞
2026041101,1054884368_32_1775902337,12,2,ban,蒙恬
2026041101,1054884368_32_1775902337,13,1,ban,武则天
2026041101,1054884368_32_1775902337,14,2,ban,娜可露露
2026041101,1054884368_32_1775902337,15,1,ban,狂铁
2026041101,1054884368_32_1775902337,16,2,pick,大乔
2026041101,1054884368_32_1775902337,17,1,pick,司空震
2026041101,1054884368_32_1775902337,18,1,pick,猪八戒
2026041101,1054884368_32_1775902337,19,2,pick,老夫子
2026040201,48251408_62_1775125991,0,1,ban,海月
2026040201,48251408_62_1775125991,1,2,ban,沈梦溪
2026040201,48251408_62_1775125991,2,1,ban,苏烈
2026040201,48251408_62_1775125991,3,2,ban,杨戬
2026040201,48251408_62_1775125991,4,1,pick,鲁班大师
2026040201,48251408_62_1775125991,5,2,pick,敖隐
2026040201,48251408_62_1775125991,6,2,pick,夏洛特
2026040201,48251408_62_1775125991,7,1,pick,鲁班七号
2026040201,48251408_62_1775125991,8,1,pick,元流之子(坦克)
2026040201,48251408_62_1775125991,9,2,pick,裴擒虎
2026040201,48251408_62_1775125991,10,2,ban,狂铁
2026040201,48251408_62_1775125991,11,1,ban,钟馗
2026040201,48251408_62_1775125991,12,2,ban,不知火舞
2026040201,48251408_62_1775125991,13,1,ban,庄周
2026040201,48251408_62_1775125991,14,2,ban,司空震
2026040201,48251408_62_1775125991,15,1,ban,张飞
2026040201,48251408_62_1775125991,16,2,pick,廉颇
2026040201,48251408_62_1775125991,17,1,pick,弈星
2026040201,48251408_62_1775125991,18,1,pick,曹操
2026040201,48251408_62_1775125991,19,2,pick,女娲
2026040201,48251408_63_1775127918,0,1,ban,鲁班大师
2026040201,48251408_63_1775127918,1,2,ban,沈梦溪
2026040201,48251408_63_1775127918,2,1,ban,苏烈
2026040201,48251408_63_1775127918,3,2,ban,海月
2026040201,48251408_63_1775127918,4,1,pick,盾山
2026040201,48251408_63_1775127918,5,2,pick,云缨
2026040201,48251408_63_1775127918,6,2,pick,小乔
2026040201,48251408_63_1775127918,7,1,pick,艾琳
2026040201,48251408_63_1775127918,8,1,pick,武则天
2026040201,48251408_63_1775127918,9,2,pick,蚩奼
2026040201,48251408_63_1775127918,10,2,ban,娜可露露
2026040201,48251408_63_1775127918,11,1,ban,关羽
2026040201,48251408_63_1775127918,12,2,ban,大司命
2026040201,48251408_63_1775127918,13,1,ban,白起
2026040201,48251408_63_1775127918,14,2,ban,杨戬
2026040201,48251408_63_1775127918,15,1,ban,鬼谷子
2026040201,48251408_63_1775127918,16,2,pick,墨子
2026040201,48251408_63_1775127918,17,1,pick,夏侯惇
2026040201,48251408_63_1775127918,18,1,pick,夏洛特
2026040201,48251408_63_1775127918,19,2,pick,狂铁
2026041101,1054884368_34_1775906562,0,1,ban,大司命
2026041101,1054884368_34_1775906562,1,2,ban,鲁班大师
2026041101,1054884368_34_1775906562,2,1,ban,海月
2026041101,1054884368_34_1775906562,3,2,ban,敖隐
2026041101,1054884368_34_1775906562,4,1,pick,苏烈
2026041101,1054884368_34_1775906562,5,2,pick,蚩奼
2026041101,1054884368_34_1775906562,6,2,pick,张飞
2026041101,1054884368_34_1775906562,7,1,pick,夏洛特
2026041101,1054884368_34_1775906562,8,1,pick,孙权
2026041101,1054884368_34_1775906562,9,2,pick,关羽
2026041101,1054884368_34_1775906562,10,2,ban,元流之子(坦克)
2026041101,1054884368_34_1775906562,11,1,ban,沈梦溪
2026041101,1054884368_34_1775906562,12,2,ban,云缨
2026041101,1054884368_34_1775906562,13,1,ban,西施
2026041101,1054884368_34_1775906562,14,2,ban,女娲
2026041101,1054884368_34_1775906562,15,1,ban,阿古朵
2026041101,1054884368_34_1775906562,16,2,pick,武则天
2026041101,1054884368_34_1775906562,17,1,pick,安琪拉
2026041101,1054884368_34_1775906562,18,1,pick,杨戬
2026041101,1054884368_34_1775906562,19,2,pick,铠
2026031802,501236240_17_1773846073,0,1,ban,鲁班大师
2026031802,501236240_17_1773846073,1,2,ban,盾山
2026031802,501236240_17_1773846073,2,1,ban,沈梦溪
2026031802,501236240_17_1773846073,3,2,ban,苏烈
2026031802,501236240_17_1773846073,4,1,pick,夏洛特
2026031802,501236240_17_1773846073,5,2,pick,蚩奼
2026031802,501236240_17_1773846073,6,2,pick,女娲
2026031802,501236240_17_1773846073,7,1,pick,云缨
2026031802,501236240_17_1773846073,8,1,pick,海月
2026031802,501236240_17_1773846073,9,2,pick,阿古朵
2026031802,501236240_17_1773846073,10,2,ban,空空儿
2026031802,501236240_17_1773846073,11,1,ban,狂铁
2026031802,501236240_17_1773846073,12,2,ban,孙权
2026031802,501236240_17_1773846073,13,1,ban,曹操
2026031802,501236240_17_1773846073,14,2,ban,元流之子(辅助)
2026031802,501236240_17_1773846073,15,1,ban,白起
2026031802,501236240_17_1773846073,16,2,pick,戈娅
2026031802,501236240_17_1773846073,17,1,pick,赵怀真
2026031802,501236240_17_1773846073,18,1,pick,艾琳
2026031802,501236240_17_1773846073,19,2,pick,张飞
2026033101,48251408_44_1774953213,0,1,ban,海月
2026033101,48251408_44_1774953213,1,2,ban,盾山
2026033101,48251408_44_1774953213,2,1,ban,镜
2026033101,48251408_44_1774953213,3,2,ban,元流之子(射手)
2026033101,48251408_44_1774953213,4,1,pick,鲁班大师
2026033101,48251408_44_1774953213,5,2,pick,敖隐
2026033101,48251408_44_1774953213,6,2,pick,沈梦溪
2026033101,48251408_44_1774953213,7,1,pick,后羿
2026033101,48251408_44_1774953213,8,1,pick,安琪拉
2026033101,48251408_44_1774953213,9,2,pick,庄周
2026033101,48251408_44_1774953213,10,2,ban,元流之子(坦克)
2026033101,48251408_44_1774953213,11,1,ban,关羽
2026033101,48251408_44_1774953213,12,2,ban,杨戬
2026033101,48251408_44_1774953213,13,1,ban,铠
2026033101,48251408_44_1774953213,14,2,ban,大司命
2026033101,48251408_44_1774953213,15,1,ban,司空震
2026033101,48251408_44_1774953213,16,2,pick,狂铁
2026033101,48251408_44_1774953213,17,1,pick,夏洛特
2026033101,48251408_44_1774953213,18,1,pick,橘右京
2026033101,48251408_44_1774953213,19,2,pick,阿古朵
2026040301,48251408_71_1775216296,0,1,ban,盾山
2026040301,48251408_71_1775216296,1,2,ban,苏烈
2026040301,48251408_71_1775216296,2,1,ban,鲁班大师
2026040301,48251408_71_1775216296,3,2,ban,张良
2026040301,48251408_71_1775216296,4,1,pick,敖隐
2026040301,48251408_71_1775216296,5,2,pick,公孙离
2026040301,48251408_71_1775216296,6,2,pick,少司缘
2026040301,48251408_71_1775216296,7,1,pick,海月
2026040301,48251408_71_1775216296,8,1,pick,朵莉亚
2026040301,48251408_71_1775216296,9,2,pick,元流之子(坦克)
2026040301,48251408_71_1775216296,10,2,ban,夏侯惇
2026040301,48251408_71_1775216296,11,1,ban,西施
2026040301,48251408_71_1775216296,12,2,ban,大司命
2026040301,48251408_71_1775216296,13,1,ban,白起
2026040301,48251408_71_1775216296,14,2,ban,杨戬
2026040301,48251408_71_1775216296,15,1,ban,沈梦溪
2026040301,48251408_71_1775216296,16,2,pick,武则天
2026040301,48251408_71_1775216296,17,1,pick,橘右京
2026040301,48251408_71_1775216296,18,1,pick,狂铁
2026040301,48251408_71_1775216296,19,2,pick,吕布
2026031503,836780560_3_1773578540,0,1,ban,盾山
2026031503,836780560_3_1773578540,1,2,ban,鲁班大师
2026031503,836780560_3_1773578540,2,1,ban,公孙离
2026031503,836780560_3_1773578540,3,2,ban,张飞
2026031503,836780560_3_1773578540,4,1,pick,敖隐
2026031503,836780560_3_1773578540,5,2,pick,沈梦溪
2026031503,836780560_3_1773578540,6,2,pick,苏烈
2026031503,836780560_3_1773578540,7,1,pick,狂铁
2026031503,836780560_3_1773578540,8,1,pick,少司缘
2026031503,836780560_3_1773578540,9,2,pick,白起
2026031503,836780560_3_1773578540,10,2,ban,云缨
2026031503,836780560_3_1773578540,11,1,ban,后羿
2026031503,836780560_3_1773578540,12,2,ban,姜子牙
2026031503,836780560_3_1773578540,13,1,ban,虞姬
2026031503,836780560_3_1773578540,14,2,ban,武则天
2026031503,836780560_3_1773578540,15,1,ban,宫本武藏
2026031503,836780560_3_1773578540,16,2,pick,苍
2026031503,836780560_3_1773578540,17,1,pick,小乔
2026031503,836780560_3_1773578540,18,1,pick,杨戬
2026031503,836780560_3_1773578540,19,2,pick,铠
2026040501,48251408_85_1775390785,0,1,ban,苏烈
2026040501,48251408_85_1775390785,1,2,ban,鲁班大师
2026040501,48251408_85_1775390785,2,1,ban,敖隐
2026040501,48251408_85_1775390785,3,2,ban,盾山
2026040501,48251408_85_1775390785,4,1,pick,蚩奼
2026040501,48251408_85_1775390785,5,2,pick,大司命
2026040501,48251408_85_1775390785,6,2,pick,夏洛特
2026040501,48251408_85_1775390785,7,1,pick,王昭君
2026040501,48251408_85_1775390785,8,1,pick,张良
2026040501,48251408_85_1775390785,9,2,pick,庄周
2026040501,48251408_85_1775390785,10,2,ban,裴擒虎
2026040501,48251408_85_1775390785,11,1,ban,武则天
2026040501,48251408_85_1775390785,12,2,ban,娜可露露
2026040501,48251408_85_1775390785,13,1,ban,女娲
2026040501,48251408_85_1775390785,14,2,ban,杨戬
2026040501,48251408_85_1775390785,15,1,ban,海月
2026040501,48251408_85_1775390785,16,2,pick,安琪拉
2026040501,48251408_85_1775390785,17,1,pick,曹操
2026040501,48251408_85_1775390785,18,1,pick,橘右京
2026040501,48251408_85_1775390785,19,2,pick,后羿
2026032901,48251408_27_1774784733,0,1,ban,鲁班大师
2026032901,48251408_27_1774784733,1,2,ban,苏烈
2026032901,48251408_27_1774784733,2,1,ban,大司命
2026032901,48251408_27_1774784733,3,2,ban,元流之子(坦克)
2026032901,48251408_27_1774784733,4,1,pick,夏洛特
2026032901,48251408_27_1774784733,5,2,pick,蚩奼
2026032901,48251408_27_1774784733,6,2,pick,小乔
2026032901,48251408_27_1774784733,7,1,pick,海月
2026032901,48251408_27_1774784733,8,1,pick,张飞
2026032901,48251408_27_1774784733,9,2,pick,阿古朵
2026032901,48251408_27_1774784733,10,2,ban,云缨
2026032901,48251408_27_1774784733,11,1,ban,狂铁
2026032901,48251408_27_1774784733,12,2,ban,镜
2026032901,48251408_27_1774784733,13,1,ban,白起
2026032901,48251408_27_1774784733,14,2,ban,铠
2026032901,48251408_27_1774784733,15,1,ban,赵怀真
2026032901,48251408_27_1774784733,16,2,pick,大禹
2026032901,48251408_27_1774784733,17,1,pick,孙权
2026032901,48251408_27_1774784733,18,1,pick,露娜
2026032901,48251408_27_1774784733,19,2,pick,曹操
2026040201,48251408_64_1775129827,0,1,ban,盾山
2026040201,48251408_64_1775129827,1,2,ban,蚩奼
2026040201,48251408_64_1775129827,2,1,ban,鲁班大师
2026040201,48251408_64_1775129827,3,2,ban,狂铁
2026040201,48251408_64_1775129827,4,1,pick,戈娅
2026040201,48251408_64_1775129827,5,2,pick,苏烈
2026040201,48251408_64_1775129827,6,2,pick,苍
2026040201,48251408_64_1775129827,7,1,pick,沈梦溪
2026040201,48251408_64_1775129827,8,1,pick,张飞
2026040201,48251408_64_1775129827,9,2,pick,嫦娥
2026040201,48251408_64_1775129827,10,2,ban,阿古朵
2026040201,48251408_64_1775129827,11,1,ban,元流之子(坦克)
2026040201,48251408_64_1775129827,12,2,ban,娜可露露
2026040201,48251408_64_1775129827,13,1,ban,镜
2026040201,48251408_64_1775129827,14,2,ban,哪吒
2026040201,48251408_64_1775129827,15,1,ban,关羽
2026040201,48251408_64_1775129827,16,2,pick,大司命
2026040201,48251408_64_1775129827,17,1,pick,宫本武藏
2026040201,48251408_64_1775129827,18,1,pick,刘邦
2026040201,48251408_64_1775129827,19,2,pick,达摩
2026033101,48251408_47_1774959017,0,1,ban,敖隐
2026033101,48251408_47_1774959017,1,2,ban,鲁班大师
2026033101,48251408_47_1774959017,2,1,ban,大司命
2026033101,48251408_47_1774959017,3,2,ban,盾山
2026033101,48251408_47_1774959017,4,1,pick,戈娅
2026033101,48251408_47_1774959017,5,2,pick,苍
2026033101,48251408_47_1774959017,6,2,pick,大禹
2026033101,48251408_47_1774959017,7,1,pick,元流之子(坦克)
2026033101,48251408_47_1774959017,8,1,pick,女娲
2026033101,48251408_47_1774959017,9,2,pick,娜可露露
2026033101,48251408_47_1774959017,10,2,ban,大乔
2026033101,48251408_47_1774959017,11,1,ban,狂铁
2026033101,48251408_47_1774959017,12,2,ban,墨子
2026033101,48251408_47_1774959017,13,1,ban,达摩
2026033101,48251408_47_1774959017,14,2,ban,张飞
2026033101,48251408_47_1774959017,15,1,ban,蒙恬
2026033101,48251408_47_1774959017,16,2,pick,姜子牙
2026033101,48251408_47_1774959017,17,1,pick,关羽
2026033101,48251408_47_1774959017,18,1,pick,空空儿
2026033101,48251408_47_1774959017,19,2,pick,项羽
2026040201,48251408_65_1775131809,0,1,ban,关羽
2026040201,48251408_65_1775131809,1,2,ban,鲁班大师
2026040201,48251408_65_1775131809,2,1,ban,海月
2026040201,48251408_65_1775131809,3,2,ban,盾山
2026040201,48251408_65_1775131809,4,1,pick,沈梦溪
2026040201,48251408_65_1775131809,5,2,pick,少司缘
2026040201,48251408_65_1775131809,6,2,pick,白起
2026040201,48251408_65_1775131809,7,1,pick,朵莉亚
2026040201,48251408_65_1775131809,8,1,pick,杨戬
2026040201,48251408_65_1775131809,9,2,pick,安琪拉
2026040201,48251408_65_1775131809,10,2,ban,戈娅
2026040201,48251408_65_1775131809,11,1,ban,娜可露露
2026040201,48251408_65_1775131809,12,2,ban,狄仁杰
2026040201,48251408_65_1775131809,13,1,ban,后羿
2026040201,48251408_65_1775131809,14,2,ban,庄周
2026040201,48251408_65_1775131809,15,1,ban,大司命
2026040201,48251408_65_1775131809,16,2,pick,公孙离
2026040201,48251408_65_1775131809,17,1,pick,百里守约
2026040201,48251408_65_1775131809,18,1,pick,元歌
2026040201,48251408_65_1775131809,19,2,pick,马超
2026032102,1272988176_11_1774086899,0,1,ban,关羽
2026032102,1272988176_11_1774086899,1,2,ban,鲁班大师
2026032102,1272988176_11_1774086899,2,1,ban,张良
2026032102,1272988176_11_1774086899,3,2,ban,沈梦溪
2026032102,1272988176_11_1774086899,4,1,pick,盾山
2026032102,1272988176_11_1774086899,5,2,pick,太乙真人
2026032102,1272988176_11_1774086899,6,2,pick,孙尚香
2026032102,1272988176_11_1774086899,7,1,pick,狂铁
2026032102,1272988176_11_1774086899,8,1,pick,艾琳
2026032102,1272988176_11_1774086899,9,2,pick,西施
2026032102,1272988176_11_1774086899,10,2,ban,姜子牙
2026032102,1272988176_11_1774086899,11,1,ban,白起
2026032102,1272988176_11_1774086899,12,2,ban,嬴政
2026032102,1272988176_11_1774086899,13,1,ban,达摩
2026032102,1272988176_11_1774086899,14,2,ban,女娲
2026032102,1272988176_11_1774086899,15,1,ban,云缨
2026032102,1272988176_11_1774086899,16,2,pick,橘右京
2026032102,1272988176_11_1774086899,17,1,pick,镜
2026032102,1272988176_11_1774086899,18,1,pick,不知火舞
2026032102,1272988176_11_1774086899,19,2,pick,项羽
2026032102,1272988176_10_1774085357,0,1,ban,鲁班大师
2026032102,1272988176_10_1774085357,1,2,ban,敖隐
2026032102,1272988176_10_1774085357,2,1,ban,苏烈
2026032102,1272988176_10_1774085357,3,2,ban,盾山
2026032102,1272988176_10_1774085357,4,1,pick,少司缘
2026032102,1272988176_10_1774085357,5,2,pick,蚩奼
2026032102,1272988176_10_1774085357,6,2,pick,大禹
2026032102,1272988176_10_1774085357,7,1,pick,沈梦溪
2026032102,1272988176_10_1774085357,8,1,pick,孙权
2026032102,1272988176_10_1774085357,9,2,pick,裴擒虎
2026032102,1272988176_10_1774085357,10,2,ban,老夫子
2026032102,1272988176_10_1774085357,11,1,ban,公孙离
2026032102,1272988176_10_1774085357,12,2,ban,橘右京
2026032102,1272988176_10_1774085357,13,1,ban,嬴政
2026032102,1272988176_10_1774085357,14,2,ban,狂铁
2026032102,1272988176_10_1774085357,15,1,ban,女娲
2026032102,1272988176_10_1774085357,16,2,pick,达摩
2026032102,1272988176_10_1774085357,17,1,pick,杨戬
2026032102,1272988176_10_1774085357,18,1,pick,曹操
2026032102,1272988176_10_1774085357,19,2,pick,小乔
2026033101,48251408_46_1774957274,0,1,ban,敖隐
2026033101,48251408_46_1774957274,1,2,ban,鲁班大师
2026033101,48251408_46_1774957274,2,1,ban,苏烈
2026033101,48251408_46_1774957274,3,2,ban,盾山
2026033101,48251408_46_1774957274,4,1,pick,苍
2026033101,48251408_46_1774957274,5,2,pick,孙尚香
2026033101,48251408_46_1774957274,6,2,pick,太乙真人
2026033101,48251408_46_1774957274,7,1,pick,少司缘
2026033101,48251408_46_1774957274,8,1,pick,白起
2026033101,48251408_46_1774957274,9,2,pick,沈梦溪
2026033101,48251408_46_1774957274,10,2,ban,王昭君
2026033101,48251408_46_1774957274,11,1,ban,庄周
2026033101,48251408_46_1774957274,12,2,ban,不知火舞
2026033101,48251408_46_1774957274,13,1,ban,娜可露露
2026033101,48251408_46_1774957274,14,2,ban,镜
2026033101,48251408_46_1774957274,15,1,ban,大司命
2026033101,48251408_46_1774957274,16,2,pick,夏侯惇
2026033101,48251408_46_1774957274,17,1,pick,哪吒
2026033101,48251408_46_1774957274,18,1,pick,小乔
2026033101,48251408_46_1774957274,19,2,pick,曹操
2026040201,48251408_66_1775133366,0,1,ban,苏烈
2026040201,48251408_66_1775133366,1,2,ban,鲁班大师
2026040201,48251408_66_1775133366,2,1,ban,关羽
2026040201,48251408_66_1775133366,3,2,ban,盾山
2026040201,48251408_66_1775133366,4,1,pick,大禹
2026040201,48251408_66_1775133366,5,2,pick,太乙真人
2026040201,48251408_66_1775133366,6,2,pick,孙尚香
2026040201,48251408_66_1775133366,7,1,pick,戈娅
2026040201,48251408_66_1775133366,8,1,pick,白起
2026040201,48251408_66_1775133366,9,2,pick,哪吒
2026040201,48251408_66_1775133366,10,2,ban,橘右京
2026040201,48251408_66_1775133366,11,1,ban,狂铁
2026040201,48251408_66_1775133366,12,2,ban,镜
2026040201,48251408_66_1775133366,13,1,ban,海月
2026040201,48251408_66_1775133366,14,2,ban,阿古朵
2026040201,48251408_66_1775133366,15,1,ban,老夫子
2026040201,48251408_66_1775133366,16,2,pick,甄姬
2026040201,48251408_66_1775133366,17,1,pick,不知火舞
2026040201,48251408_66_1775133366,18,1,pick,宫本武藏
2026040201,48251408_66_1775133366,19,2,pick,蒙恬
2026032102,1272988176_12_1774088650,0,1,ban,盾山
2026032102,1272988176_12_1774088650,1,2,ban,鲁班大师
2026032102,1272988176_12_1774088650,2,1,ban,张飞
2026032102,1272988176_12_1774088650,3,2,ban,沈梦溪
2026032102,1272988176_12_1774088650,4,1,pick,苏烈
2026032102,1272988176_12_1774088650,5,2,pick,大禹
2026032102,1272988176_12_1774088650,6,2,pick,戈娅
2026032102,1272988176_12_1774088650,7,1,pick,女娲
2026032102,1272988176_12_1774088650,8,1,pick,孙权
2026032102,1272988176_12_1774088650,9,2,pick,不知火舞
2026032102,1272988176_12_1774088650,10,2,ban,大司命
2026032102,1272988176_12_1774088650,11,1,ban,达摩
2026032102,1272988176_12_1774088650,12,2,ban,元流之子(坦克)
2026032102,1272988176_12_1774088650,13,1,ban,娜可露露
2026032102,1272988176_12_1774088650,14,2,ban,哪吒
2026032102,1272988176_12_1774088650,15,1,ban,狂铁
2026032102,1272988176_12_1774088650,16,2,pick,云缨
2026032102,1272988176_12_1774088650,17,1,pick,曹操
2026032102,1272988176_12_1774088650,18,1,pick,杨戬
2026032102,1272988176_12_1774088650,19,2,pick,司空震
2026041101,1054884368_35_1775909699,0,1,ban,苏烈
2026041101,1054884368_35_1775909699,1,2,ban,鲁班大师
2026041101,1054884368_35_1775909699,2,1,ban,海月
2026041101,1054884368_35_1775909699,3,2,ban,关羽
2026041101,1054884368_35_1775909699,4,1,pick,狂铁
2026041101,1054884368_35_1775909699,5,2,pick,大司命
2026041101,1054884368_35_1775909699,6,2,pick,张良
2026041101,1054884368_35_1775909699,7,1,pick,阿古朵
2026041101,1054884368_35_1775909699,8,1,pick,武则天
2026041101,1054884368_35_1775909699,9,2,pick,王昭君
2026041101,1054884368_35_1775909699,10,2,ban,庄周
2026041101,1054884368_35_1775909699,11,1,ban,吕布
2026041101,1054884368_35_1775909699,12,2,ban,空空儿
2026041101,1054884368_35_1775909699,13,1,ban,苍
2026041101,1054884368_35_1775909699,14,2,ban,张飞
2026041101,1054884368_35_1775909699,15,1,ban,后羿
2026041101,1054884368_35_1775909699,16,2,pick,夏洛特
2026041101,1054884368_35_1775909699,17,1,pick,敖隐
2026041101,1054884368_35_1775909699,18,1,pick,太乙真人
2026041101,1054884368_35_1775909699,19,2,pick,公孙离
2026033101,48251408_48_1774961019,0,1,ban,鲁班大师
2026033101,48251408_48_1774961019,1,2,ban,敖隐
2026033101,48251408_48_1774961019,2,1,ban,孙尚香
2026033101,48251408_48_1774961019,3,2,ban,盾山
2026033101,48251408_48_1774961019,4,1,pick,公孙离
2026033101,48251408_48_1774961019,5,2,pick,王昭君
2026033101,48251408_48_1774961019,6,2,pick,张良
2026033101,48251408_48_1774961019,7,1,pick,小乔
2026033101,48251408_48_1774961019,8,1,pick,庄周
2026033101,48251408_48_1774961019,9,2,pick,镜
2026033101,48251408_48_1774961019,10,2,ban,关羽
2026033101,48251408_48_1774961019,11,1,ban,蒙恬
2026033101,48251408_48_1774961019,12,2,ban,元歌
2026033101,48251408_48_1774961019,13,1,ban,影
2026033101,48251408_48_1774961019,14,2,ban,达摩
2026033101,48251408_48_1774961019,15,1,ban,曹操
2026033101,48251408_48_1774961019,16,2,pick,艾琳
2026033101,48251408_48_1774961019,17,1,pick,孙策
2026033101,48251408_48_1774961019,18,1,pick,杨戬
2026033101,48251408_48_1774961019,19,2,pick,夏洛特
2026040501,48251408_83_1775386962,0,1,ban,蚩奼
2026040501,48251408_83_1775386962,1,2,ban,鲁班大师
2026040501,48251408_83_1775386962,2,1,ban,苏烈
2026040501,48251408_83_1775386962,3,2,ban,盾山
2026040501,48251408_83_1775386962,4,1,pick,敖隐
2026040501,48251408_83_1775386962,5,2,pick,大禹
2026040501,48251408_83_1775386962,6,2,pick,苍
2026040501,48251408_83_1775386962,7,1,pick,张飞
2026040501,48251408_83_1775386962,8,1,pick,狂铁
2026040501,48251408_83_1775386962,9,2,pick,马超
2026040501,48251408_83_1775386962,10,2,ban,裴擒虎
2026040501,48251408_83_1775386962,11,1,ban,沈梦溪
2026040501,48251408_83_1775386962,12,2,ban,不知火舞
2026040501,48251408_83_1775386962,13,1,ban,武则天
2026040501,48251408_83_1775386962,14,2,ban,女娲
2026040501,48251408_83_1775386962,15,1,ban,安琪拉
2026040501,48251408_83_1775386962,16,2,pick,西施
2026040501,48251408_83_1775386962,17,1,pick,海月
2026040501,48251408_83_1775386962,18,1,pick,阿古朵
2026040501,48251408_83_1775386962,19,2,pick,吕布
2026033101,48251408_49_1774962905,0,1,ban,敖隐
2026033101,48251408_49_1774962905,1,2,ban,鲁班大师
2026033101,48251408_49_1774962905,2,1,ban,苏烈
2026033101,48251408_49_1774962905,3,2,ban,盾山
2026033101,48251408_49_1774962905,4,1,pick,达摩
2026033101,48251408_49_1774962905,5,2,pick,元流之子(辅助)
2026033101,48251408_49_1774962905,6,2,pick,狄仁杰
2026033101,48251408_49_1774962905,7,1,pick,孙尚香
2026033101,48251408_49_1774962905,8,1,pick,太乙真人
2026033101,48251408_49_1774962905,9,2,pick,不知火舞
2026033101,48251408_49_1774962905,10,2,ban,海月
2026033101,48251408_49_1774962905,11,1,ban,关羽
2026033101,48251408_49_1774962905,12,2,ban,裴擒虎
2026033101,48251408_49_1774962905,13,1,ban,镜
2026033101,48251408_49_1774962905,14,2,ban,杨戬
2026033101,48251408_49_1774962905,15,1,ban,蚩奼
2026033101,48251408_49_1774962905,16,2,pick,刘邦
2026033101,48251408_49_1774962905,17,1,pick,武则天
2026033101,48251408_49_1774962905,18,1,pick,铠
2026033101,48251408_49_1774962905,19,2,pick,宫本武藏
2026040401,48251408_79_1775306250,0,1,ban,海月
2026040401,48251408_79_1775306250,1,2,ban,盾山
2026040401,48251408_79_1775306250,2,1,ban,蚩奼
2026040401,48251408_79_1775306250,3,2,ban,鲁班大师
2026040401,48251408_79_1775306250,4,1,pick,关羽
2026040401,48251408_79_1775306250,5,2,pick,姬小满
2026040401,48251408_79_1775306250,6,2,pick,张良
2026040401,48251408_79_1775306250,7,1,pick,女娲
2026040401,48251408_79_1775306250,8,1,pick,元流之子(坦克)
2026040401,48251408_79_1775306250,9,2,pick,公孙离
2026040401,48251408_79_1775306250,10,2,ban,太乙真人
2026040401,48251408_79_1775306250,11,1,ban,沈梦溪
2026040401,48251408_79_1775306250,12,2,ban,钟馗
2026040401,48251408_79_1775306250,13,1,ban,橘右京
2026040401,48251408_79_1775306250,14,2,ban,后羿
2026040401,48251408_79_1775306250,15,1,ban,王昭君
2026040401,48251408_79_1775306250,16,2,pick,嬴政
2026040401,48251408_79_1775306250,17,1,pick,戈娅
2026040401,48251408_79_1775306250,18,1,pick,东皇太一
2026040401,48251408_79_1775306250,19,2,pick,娜可露露
2026040301,48251408_72_1775218709,0,1,ban,苏烈
2026040301,48251408_72_1775218709,1,2,ban,盾山
2026040301,48251408_72_1775218709,2,1,ban,大司命
2026040301,48251408_72_1775218709,3,2,ban,敖隐
2026040301,48251408_72_1775218709,4,1,pick,鲁班大师
2026040301,48251408_72_1775218709,5,2,pick,狄仁杰
2026040301,48251408_72_1775218709,6,2,pick,不知火舞
2026040301,48251408_72_1775218709,7,1,pick,戈娅
2026040301,48251408_72_1775218709,8,1,pick,镜
2026040301,48251408_72_1775218709,9,2,pick,裴擒虎
2026040301,48251408_72_1775218709,10,2,ban,王昭君
2026040301,48251408_72_1775218709,11,1,ban,关羽
2026040301,48251408_72_1775218709,12,2,ban,海月
2026040301,48251408_72_1775218709,13,1,ban,东皇太一
2026040301,48251408_72_1775218709,14,2,ban,嫦娥
2026040301,48251408_72_1775218709,15,1,ban,蒙恬
2026040301,48251408_72_1775218709,16,2,pick,廉颇
2026040301,48251408_72_1775218709,17,1,pick,大乔
2026040301,48251408_72_1775218709,18,1,pick,老夫子
2026040301,48251408_72_1775218709,19,2,pick,项羽
